sourceKey,runType,runId,stream,sourceTable,batchNumber,status,readCount,insertedCount,updatedCount,overlapReplayCount,trueDuplicateCount,durationMs,retryCount,cursorBefore,cursorAfter,scanUpperBound,committedAt
e10-main,INITIALIZATION,01a0575b-a7ae-7a5c-8e45-126ae52bb67e,delivery_plan,SALES_ORDER_DOC_SD,1,COMMITTED,1000,1000,0,0,0,1956.203,0,null,"{""sourcePk"": ""a6ea6a66-12c4-4665-01a5-176e8a850b40"", ""businessDate"": ""2020-11-25T00:00:00.000000""}",,2026-08-31T10:28:37.873Z
e10-main,INITIALIZATION,01a0575b-a7ae-7a5c-8e45-126ae52bb67e,delivery_plan,SALES_ORDER_DOC_SD,2,COMMITTED,1000,1000,0,0,0,1919.832,0,null,"{""sourcePk"": ""9b3e8f10-0ab4-4a0b-2317-179dd45e5163"", ""businessDate"": ""2021-01-27T00:00:00.000000""}",,2026-08-31T10:28:40.035Z
e10-main,INITIALIZATION,01a0575b-a7ae-7a5c-8e45-126ae52bb67e,delivery_plan,SALES_ORDER_DOC_SD,3,COMMITTED,1000,1000,0,0,0,2908.881,0,null,"{""sourcePk"": ""7f413f38-fd68-4998-f724-17e1147d75f9"", ""businessDate"": ""2021-04-19T00:00:00.000000""}",,2026-08-31T10:28:43.174Z
e10-main,INITIALIZATION,01a0575b-a7ae-7a5c-8e45-126ae52bb67e,delivery_plan,SALES_ORDER_DOC_SD,4,COMMITTED,1000,1000,0,0,0,2006.059,0,null,"{""sourcePk"": ""30d21b87-44a9-45b4-cc48-180a523a1e31"", ""businessDate"": ""2021-06-17T00:00:00.000000""}",,2026-08-31T10:28:45.413Z
e10-main,INITIALIZATION,01a0575b-a7ae-7a5c-8e45-126ae52bb67e,delivery_plan,SALES_ORDER_DOC_SD,5,COMMITTED,1000,1000,0,0,0,1892.226,0,null,"{""sourcePk"": ""c283f774-ef84-4420-7c26-1855c6ffea87"", ""businessDate"": ""2021-09-15T00:00:00.000000""}",,2026-08-31T10:28:47.545Z
e10-main,INITIALIZATION,01a0575b-a7ae-7a5c-8e45-126ae52bb67e,delivery_plan,SALES_ORDER_DOC_SD,6,COMMITTED,1000,1000,0,0,0,1845.363,0,null,"{""sourcePk"": ""deaef8e0-f679-4555-3e4e-1897aac06383"", ""businessDate"": ""2021-12-13T00:00:00.000000""}",,2026-08-31T10:28:49.620Z
e10-main,INITIALIZATION,01a0575b-a7ae-7a5c-8e45-126ae52bb67e,delivery_plan,SALES_ORDER_DOC_SD,7,COMMITTED,1000,1000,0,0,0,1962.009,0,null,"{""sourcePk"": ""6d65a73b-9254-4f79-ae57-18dbee00ca4a"", ""businessDate"": ""2022-03-04T00:00:00.000000""}",,2026-08-31T10:28:51.815Z
e10-main,INITIALIZATION,01a0575b-a7ae-7a5c-8e45-126ae52bb67e,delivery_plan,SALES_ORDER_DOC_SD,8,COMMITTED,1000,1000,0,0,0,1851.688,0,null,"{""sourcePk"": ""074c26ed-a60d-4d6b-c9e5-18f061a725dd"", ""businessDate"": ""2022-03-30T00:00:00.000000""}",,2026-08-31T10:28:53.900Z
e10-main,INITIALIZATION,01a0575b-a7ae-7a5c-8e45-126ae52bb67e,delivery_plan,SALES_ORDER_DOC_SD,9,COMMITTED,1000,1000,0,0,0,1923.628,0,null,"{""sourcePk"": ""3228cd5d-59a0-4ba4-73fc-1913201898cd"", ""businessDate"": ""2022-05-14T00:00:00.000000""}",,2026-08-31T10:28:56.054Z
e10-main,INITIALIZATION,01a0575b-a7ae-7a5c-8e45-126ae52bb67e,delivery_plan,SALES_ORDER_DOC_SD,10,COMMITTED,1000,1000,0,0,0,2006.588,0,null,"{""sourcePk"": ""1d24efcd-a966-4416-bad0-19366c8b5653"", ""businessDate"": ""2022-06-28T00:00:00.000000""}",,2026-08-31T10:28:58.294Z
e10-main,INITIALIZATION,01a0575b-a7ae-7a5c-8e45-126ae52bb67e,delivery_plan,SALES_ORDER_DOC_SD,11,COMMITTED,1000,1000,0,0,0,2295.768,0,null,"{""sourcePk"": ""9d955fe4-1035-4e11-43fe-1946ce9d79c8"", ""businessDate"": ""2022-07-19T00:00:00.000000""}",,2026-08-31T10:29:00.833Z
e10-main,INITIALIZATION,01a0575b-a7ae-7a5c-8e45-126ae52bb67e,delivery_plan,SALES_ORDER_DOC_SD,12,COMMITTED,1000,1000,0,0,0,3172.780,0,null,"{""sourcePk"": ""b4942eed-76cc-4f6d-87fa-19640ac90060"", ""businessDate"": ""2022-08-25T00:00:00.000000""}",,2026-08-31T10:29:04.259Z
e10-main,INITIALIZATION,01a0575b-a7ae-7a5c-8e45-126ae52bb67e,delivery_plan,SALES_ORDER_DOC_SD,13,COMMITTED,1000,1000,0,0,0,3566.610,0,null,"{""sourcePk"": ""cd4d1f75-4cc1-4d22-b9c5-19962e8db670"", ""businessDate"": ""2022-10-27T00:00:00.000000""}",,2026-08-31T10:29:08.059Z
e10-main,INITIALIZATION,01a0575b-a7ae-7a5c-8e45-126ae52bb67e,delivery_plan,SALES_ORDER_DOC_SD,14,COMMITTED,1000,1000,0,0,0,3531.175,0,null,"{""sourcePk"": ""52d80ab1-889b-4244-fd04-19c2e55ec398"", ""businessDate"": ""2022-12-23T00:00:00.000000""}",,2026-08-31T10:29:11.825Z
e10-main,INITIALIZATION,01a0575b-a7ae-7a5c-8e45-126ae52bb67e,delivery_plan,SALES_ORDER_DOC_SD,15,COMMITTED,1000,1000,0,0,0,3526.498,0,null,"{""sourcePk"": ""c124a05a-d7ec-42f7-88d9-19f1f6762066"", ""businessDate"": ""2023-02-21T00:00:00.000000""}",,2026-08-31T10:29:15.587Z
e10-main,INITIALIZATION,01a0575b-a7ae-7a5c-8e45-126ae52bb67e,delivery_plan,SALES_ORDER_DOC_SD,16,COMMITTED,1000,1000,0,0,0,3637.839,0,null,"{""sourcePk"": ""95091310-2d05-4fde-1ed3-1a13234cb174"", ""businessDate"": ""2023-04-08T00:00:00.000000""}",,2026-08-31T10:29:19.468Z
e10-main,INITIALIZATION,01a0575b-a7ae-7a5c-8e45-126ae52bb67e,delivery_plan,SALES_ORDER_DOC_SD,17,COMMITTED,1000,1000,0,0,0,3297.787,0,null,"{""sourcePk"": ""f17a7f27-0ec6-4cdd-33ad-1a3ca8f6de62"", ""businessDate"": ""2023-05-27T00:00:00.000000""}",,2026-08-31T10:29:23.012Z
e10-main,INITIALIZATION,01a0575b-a7ae-7a5c-8e45-126ae52bb67e,delivery_plan,SALES_ORDER_DOC_SD,18,COMMITTED,1000,1000,0,0,0,3599.910,0,null,"{""sourcePk"": ""472eb4aa-2312-4469-d84e-1a4d4462a31d"", ""businessDate"": ""2023-06-19T00:00:00.000000""}",,2026-08-31T10:29:26.856Z
e10-main,INITIALIZATION,01a0575b-a7ae-7a5c-8e45-126ae52bb67e,delivery_plan,SALES_ORDER_DOC_SD,19,COMMITTED,1000,1000,0,0,0,3634.721,0,null,"{""sourcePk"": ""bb323c47-6cf5-461e-b045-1a676a104098"", ""businessDate"": ""2023-07-22T00:00:00.000000""}",,2026-08-31T10:29:30.724Z
e10-main,INITIALIZATION,01a0575b-a7ae-7a5c-8e45-126ae52bb67e,delivery_plan,SALES_ORDER_DOC_SD,20,COMMITTED,1000,1000,0,0,0,3479.356,0,null,"{""sourcePk"": ""175cd55e-c600-488b-9d3c-1a7c7a55ba77"", ""businessDate"": ""2023-08-17T00:00:00.000000""}",,2026-08-31T10:29:34.437Z
e10-main,INITIALIZATION,01a0575b-a7ae-7a5c-8e45-126ae52bb67e,delivery_plan,SALES_ORDER_DOC_SD,21,COMMITTED,1000,1000,0,0,0,3401.679,0,null,"{""sourcePk"": ""a21934bb-29e0-476e-92d3-1a91c157480a"", ""businessDate"": ""2023-09-13T00:00:00.000000""}",,2026-08-31T10:29:38.073Z
e10-main,INITIALIZATION,01a0575b-a7ae-7a5c-8e45-126ae52bb67e,delivery_plan,SALES_ORDER_DOC_SD,22,COMMITTED,1000,1000,0,0,0,3343.882,0,null,"{""sourcePk"": ""5f58f9a3-f3b8-438a-b890-1ab2792414af"", ""businessDate"": ""2023-10-24T00:00:00.000000""}",,2026-08-31T10:29:41.661Z
e10-main,INITIALIZATION,01a0575b-a7ae-7a5c-8e45-126ae52bb67e,delivery_plan,SALES_ORDER_DOC_SD,23,COMMITTED,1000,1000,0,0,0,3346.263,0,null,"{""sourcePk"": ""976fd974-8968-404e-7920-1ace20292433"", ""businessDate"": ""2023-11-28T00:00:00.000000""}",,2026-08-31T10:29:45.246Z
e10-main,INITIALIZATION,01a0575b-a7ae-7a5c-8e45-126ae52bb67e,delivery_plan,SALES_ORDER_DOC_SD,24,COMMITTED,1000,1000,0,0,0,1918.234,0,null,"{""sourcePk"": ""2c80d079-1bff-4ba4-d603-1ae10c456485"", ""businessDate"": ""2023-12-23T00:00:00.000000""}",,2026-08-31T10:29:47.372Z
e10-main,INITIALIZATION,01a0575b-a7ae-7a5c-8e45-126ae52bb67e,delivery_plan,SALES_ORDER_DOC_SD,25,COMMITTED,1000,1000,0,0,0,1792.526,0,null,"{""sourcePk"": ""c1614da5-766d-465f-b0ad-1af198fbe2a5"", ""businessDate"": ""2024-01-12T00:00:00.000000""}",,2026-08-31T10:29:49.373Z
e10-main,INITIALIZATION,01a0575b-a7ae-7a5c-8e45-126ae52bb67e,delivery_plan,SALES_ORDER_DOC_SD,26,COMMITTED,1000,1000,0,0,0,1767.738,0,null,"{""sourcePk"": ""443f939c-7213-4f14-3fe6-1b1bc62e2f65"", ""businessDate"": ""2024-03-06T00:00:00.000000""}",,2026-08-31T10:29:51.371Z
e10-main,INITIALIZATION,01a0575b-a7ae-7a5c-8e45-126ae52bb67e,delivery_plan,SALES_ORDER_DOC_SD,27,COMMITTED,1000,1000,0,0,0,1774.418,0,null,"{""sourcePk"": ""d6062e6a-5c77-4629-4ad2-1b431c188067"", ""businessDate"": ""2024-04-25T00:00:00.000000""}",,2026-08-31T10:29:53.425Z
e10-main,INITIALIZATION,01a0575b-a7ae-7a5c-8e45-126ae52bb67e,delivery_plan,SALES_ORDER_DOC_SD,28,COMMITTED,1000,1000,0,0,0,1942.267,0,null,"{""sourcePk"": ""52fe3ed3-d40f-4f53-112f-1b5d3a0a19d4"", ""businessDate"": ""2024-05-30T00:00:00.000000""}",,2026-08-31T10:29:55.600Z
e10-main,INITIALIZATION,01a0575b-a7ae-7a5c-8e45-126ae52bb67e,delivery_plan,SALES_ORDER_DOC_SD,29,COMMITTED,1000,1000,0,0,0,1641.001,0,null,"{""sourcePk"": ""b35138fe-c5ee-420e-ca4e-1b7a56acd3d6"", ""businessDate"": ""2024-07-05T00:00:00.000000""}",,2026-08-31T10:29:57.469Z
e10-main,INITIALIZATION,01a0575b-a7ae-7a5c-8e45-126ae52bb67e,delivery_plan,SALES_ORDER_DOC_SD,30,COMMITTED,1000,1000,0,0,0,1816.295,0,null,"{""sourcePk"": ""da5bb764-b82c-4db1-e126-1b94f6c086cf"", ""businessDate"": ""2024-08-08T00:00:00.000000""}",,2026-08-31T10:29:59.526Z
e10-main,INITIALIZATION,01a0575b-a7ae-7a5c-8e45-126ae52bb67e,delivery_plan,SALES_ORDER_DOC_SD,31,COMMITTED,1000,1000,0,0,0,1658.366,0,null,"{""sourcePk"": ""92c78e2d-5a16-4724-becb-e36d2bc580d1"", ""businessDate"": ""2024-08-27T00:00:00.000000""}",,2026-08-31T10:30:01.428Z
e10-main,INITIALIZATION,01a0575b-a7ae-7a5c-8e45-126ae52bb67e,delivery_plan,SALES_ORDER_DOC_SD,32,COMMITTED,1000,1000,0,0,0,1609.472,0,null,"{""sourcePk"": ""3883fbe8-c782-4a82-a3ee-694a7a6296bb"", ""businessDate"": ""2024-10-11T00:00:00.000000""}",,2026-08-31T10:30:03.257Z
e10-main,INITIALIZATION,01a0575b-a7ae-7a5c-8e45-126ae52bb67e,delivery_plan,SALES_ORDER_DOC_SD,33,COMMITTED,1000,1000,0,0,0,1550.087,0,null,"{""sourcePk"": ""b788e234-6f56-4f8a-c73d-1be1cd4631f3"", ""businessDate"": ""2024-11-13T00:00:00.000000""}",,2026-08-31T10:30:05.035Z
e10-main,INITIALIZATION,01a0575b-a7ae-7a5c-8e45-126ae52bb67e,delivery_plan,SALES_ORDER_DOC_SD,34,COMMITTED,1000,1000,0,0,0,1533.238,0,null,"{""sourcePk"": ""aec37495-cdbc-4827-f955-1becc059996a"", ""businessDate"": ""2024-11-27T00:00:00.000000""}",,2026-08-31T10:30:06.810Z
e10-main,INITIALIZATION,01a0575b-a7ae-7a5c-8e45-126ae52bb67e,delivery_plan,SALES_ORDER_DOC_SD,35,COMMITTED,1000,1000,0,0,0,1532.172,0,null,"{""sourcePk"": ""e39fbcce-1120-4106-b4be-1bffd07cbd23"", ""businessDate"": ""2024-12-21T00:00:00.000000""}",,2026-08-31T10:30:08.587Z
e10-main,INITIALIZATION,01a0575b-a7ae-7a5c-8e45-126ae52bb67e,delivery_plan,SALES_ORDER_DOC_SD,36,COMMITTED,1000,1000,0,0,0,1523.658,0,null,"{""sourcePk"": ""2908102b-987f-420e-4a09-1c3f83d4c60c"", ""businessDate"": ""2025-01-21T00:00:00.000000""}",,2026-08-31T10:30:10.399Z
e10-main,INITIALIZATION,01a0575b-a7ae-7a5c-8e45-126ae52bb67e,delivery_plan,SALES_ORDER_DOC_SD,37,COMMITTED,1000,1000,0,0,0,1697.599,0,null,"{""sourcePk"": ""31dec795-d11f-4578-ca33-1c404aebd59a"", ""businessDate"": ""2025-03-13T00:00:00.000000""}",,2026-08-31T10:30:12.342Z
e10-main,INITIALIZATION,01a0575b-a7ae-7a5c-8e45-126ae52bb67e,delivery_plan,SALES_ORDER_DOC_SD,38,COMMITTED,1000,1000,0,0,0,1495.732,0,null,"{""sourcePk"": ""64d2d7d1-0c26-4fd9-f703-1c4e75fc386d"", ""businessDate"": ""2025-03-31T00:00:00.000000""}",,2026-08-31T10:30:14.073Z
e10-main,INITIALIZATION,01a0575b-a7ae-7a5c-8e45-126ae52bb67e,delivery_plan,SALES_ORDER_DOC_SD,39,COMMITTED,1000,1000,0,0,0,1483.684,0,null,"{""sourcePk"": ""7cd882fd-0d84-4903-f05f-1c5c7fe16e54"", ""businessDate"": ""2025-04-18T00:00:00.000000""}",,2026-08-31T10:30:15.794Z
e10-main,INITIALIZATION,01a0575b-a7ae-7a5c-8e45-126ae52bb67e,delivery_plan,SALES_ORDER_DOC_SD,40,COMMITTED,1000,1000,0,0,0,1485.146,0,null,"{""sourcePk"": ""74298521-4e06-4fb4-c4af-1c796a11b9f9"", ""businessDate"": ""2025-05-25T00:00:00.000000""}",,2026-08-31T10:30:17.522Z
e10-main,INITIALIZATION,01a0575b-a7ae-7a5c-8e45-126ae52bb67e,delivery_plan,SALES_ORDER_DOC_SD,41,COMMITTED,1000,1000,0,0,0,1886.453,0,null,"{""sourcePk"": ""080de709-5877-42b7-6e52-1c8c4fa2127e"", ""businessDate"": ""2025-06-18T00:00:00.000000""}",,2026-08-31T10:30:19.642Z
e10-main,INITIALIZATION,01a0575b-a7ae-7a5c-8e45-126ae52bb67e,delivery_plan,SALES_ORDER_DOC_SD,42,COMMITTED,1000,1000,0,0,0,1676.028,0,null,"{""sourcePk"": ""f2652248-5d62-4acf-ff61-1c9f4d50f487"", ""businessDate"": ""2025-07-14T00:00:00.000000""}",,2026-08-31T10:30:21.566Z
e10-main,INITIALIZATION,01a0575b-a7ae-7a5c-8e45-126ae52bb67e,delivery_plan,SALES_ORDER_DOC_SD,43,COMMITTED,1000,1000,0,0,0,1765.222,0,null,"{""sourcePk"": ""f70367b9-8c11-4ca4-afa2-1cb310ba771f"", ""businessDate"": ""2025-08-06T00:00:00.000000""}",,2026-08-31T10:30:23.579Z
e10-main,INITIALIZATION,01a0575b-a7ae-7a5c-8e45-126ae52bb67e,delivery_plan,SALES_ORDER_DOC_SD,44,COMMITTED,1000,1000,0,0,0,2119.657,0,null,"{""sourcePk"": ""458a6c6f-461d-4565-3ed8-1cb9d95eeb37"", ""businessDate"": ""2025-08-15T00:00:00.000000""}",,2026-08-31T10:30:25.936Z
e10-main,INITIALIZATION,01a0575b-a7ae-7a5c-8e45-126ae52bb67e,delivery_plan,SALES_ORDER_DOC_SD,45,COMMITTED,1000,1000,0,0,0,1700.734,0,null,"{""sourcePk"": ""0ab872ad-55e8-4bd3-d4ad-1cc9e5faa4d5"", ""businessDate"": ""2025-09-04T00:00:00.000000""}",,2026-08-31T10:30:27.874Z
e10-main,INITIALIZATION,01a0575b-a7ae-7a5c-8e45-126ae52bb67e,delivery_plan,SALES_ORDER_DOC_SD,46,COMMITTED,1000,1000,0,0,0,1574.171,0,null,"{""sourcePk"": ""0f2301e8-ae37-49aa-bf9b-1cd40a1f718d"", ""businessDate"": ""2025-09-18T00:00:00.000000""}",,2026-08-31T10:30:29.728Z
e10-main,INITIALIZATION,01a0575b-a7ae-7a5c-8e45-126ae52bb67e,delivery_plan,SALES_ORDER_DOC_SD,47,COMMITTED,1000,1000,0,0,0,1382.782,0,null,"{""sourcePk"": ""d1adb3f7-2598-4c92-4489-1ce1536c58f0"", ""businessDate"": ""2025-10-04T00:00:00.000000""}",,2026-08-31T10:30:31.351Z
e10-main,INITIALIZATION,01a0575b-a7ae-7a5c-8e45-126ae52bb67e,delivery_plan,SALES_ORDER_DOC_SD,48,COMMITTED,1000,1000,0,0,0,1466.543,0,null,"{""sourcePk"": ""d7ee0708-3842-4694-2d14-1ceb89c42fd0"", ""businessDate"": ""2025-10-17T00:00:00.000000""}",,2026-08-31T10:30:33.061Z
e10-main,INITIALIZATION,01a0575b-a7ae-7a5c-8e45-126ae52bb67e,delivery_plan,SALES_ORDER_DOC_SD,49,COMMITTED,1000,1000,0,0,0,1353.200,0,null,"{""sourcePk"": ""59b06cbe-1393-433f-13b6-1cf4fb9f2d4d"", ""businessDate"": ""2025-10-29T00:00:00.000000""}",,2026-08-31T10:30:34.654Z
e10-main,INITIALIZATION,01a0575b-a7ae-7a5c-8e45-126ae52bb67e,delivery_plan,SALES_ORDER_DOC_SD,50,COMMITTED,1000,1000,0,0,0,1367.883,0,null,"{""sourcePk"": ""a8fd72bb-c83a-4795-2111-1cffd1f0ba34"", ""businessDate"": ""2025-11-14T00:00:00.000000""}",,2026-08-31T10:30:36.273Z
e10-main,INITIALIZATION,01a0575b-a7ae-7a5c-8e45-126ae52bb67e,delivery_plan,SALES_ORDER_DOC_SD,51,COMMITTED,1000,1000,0,0,0,1332.840,0,null,"{""sourcePk"": ""4876b3fd-9752-408a-c44e-1d0bda243644"", ""businessDate"": ""2025-11-17T00:00:00.000000""}",,2026-08-31T10:30:37.915Z
e10-main,INITIALIZATION,01a0575b-a7ae-7a5c-8e45-126ae52bb67e,delivery_plan,SALES_ORDER_DOC_SD,52,COMMITTED,1000,1000,0,0,0,1317.274,0,null,"{""sourcePk"": ""2357082c-62ad-4b14-3832-1d175fe3e96d"", ""businessDate"": ""2025-12-12T00:00:00.000000""}",,2026-08-31T10:30:39.454Z
e10-main,INITIALIZATION,01a0575b-a7ae-7a5c-8e45-126ae52bb67e,delivery_plan,SALES_ORDER_DOC_SD,53,COMMITTED,1000,1000,0,0,0,1306.117,0,null,"{""sourcePk"": ""22818211-d837-4a9d-be4d-1d28e1dc068f"", ""businessDate"": ""2026-01-04T00:00:00.000000""}",,2026-08-31T10:30:40.989Z
e10-main,INITIALIZATION,01a0575b-a7ae-7a5c-8e45-126ae52bb67e,delivery_plan,SALES_ORDER_DOC_SD,54,COMMITTED,1000,1000,0,0,0,677.059,0,null,"{""sourcePk"": ""b6f7869b-6220-44a9-a2a4-1d2ccad44f22"", ""businessDate"": ""2026-01-08T00:00:00.000000""}",,2026-08-31T10:30:41.895Z
e10-main,INITIALIZATION,01a0575b-a7ae-7a5c-8e45-126ae52bb67e,delivery_plan,SALES_ORDER_DOC_SD,55,COMMITTED,1000,1000,0,0,0,673.675,0,null,"{""sourcePk"": ""bcd55da5-2065-4381-d744-1d2d62f0aac4"", ""businessDate"": ""2026-01-14T00:00:00.000000""}",,2026-08-31T10:30:42.799Z
e10-main,INITIALIZATION,01a0575b-a7ae-7a5c-8e45-126ae52bb67e,delivery_plan,SALES_ORDER_DOC_SD,56,COMMITTED,1000,1000,0,0,0,674.594,0,null,"{""sourcePk"": ""8ef9cfaa-5f66-48c1-05cf-1d3542542c99"", ""businessDate"": ""2026-01-19T00:00:00.000000""}",,2026-08-31T10:30:43.708Z
e10-main,INITIALIZATION,01a0575b-a7ae-7a5c-8e45-126ae52bb67e,delivery_plan,SALES_ORDER_DOC_SD,57,COMMITTED,1000,1000,0,0,0,662.564,0,null,"{""sourcePk"": ""f5b1f08a-c510-410f-be8a-318000bfd37f"", ""businessDate"": ""2026-01-24T00:00:00.000000""}",,2026-08-31T10:30:44.609Z
e10-main,INITIALIZATION,01a0575b-a7ae-7a5c-8e45-126ae52bb67e,delivery_plan,SALES_ORDER_DOC_SD,58,COMMITTED,1000,1000,0,0,0,678.107,0,null,"{""sourcePk"": ""2546e4c8-9f5c-4071-8fac-c0f8ad9cbed6"", ""businessDate"": ""2026-01-29T00:00:00.000000""}",,2026-08-31T10:30:45.540Z
e10-main,INITIALIZATION,01a0575b-a7ae-7a5c-8e45-126ae52bb67e,delivery_plan,SALES_ORDER_DOC_SD,59,COMMITTED,1000,1000,0,0,0,661.368,0,null,"{""sourcePk"": ""7d48ffc0-7dd9-454e-55fe-1d41f61be8c4"", ""businessDate"": ""2026-02-05T00:00:00.000000""}",,2026-08-31T10:30:46.436Z
e10-main,INITIALIZATION,01a0575b-a7ae-7a5c-8e45-126ae52bb67e,delivery_plan,SALES_ORDER_DOC_SD,60,COMMITTED,1000,1000,0,0,0,661.936,0,null,"{""sourcePk"": ""f1f1afe5-5e8f-4368-e12c-1d481b42fef2"", ""businessDate"": ""2026-02-25T00:00:00.000000""}",,2026-08-31T10:30:47.343Z
e10-main,INITIALIZATION,01a0575b-a7ae-7a5c-8e45-126ae52bb67e,delivery_plan,SALES_ORDER_DOC_SD,61,COMMITTED,1000,1000,0,0,0,661.129,0,null,"{""sourcePk"": ""91468f0f-71ee-4bf6-a524-1d574e34a72c"", ""businessDate"": ""2026-03-04T00:00:00.000000""}",,2026-08-31T10:30:48.236Z
e10-main,INITIALIZATION,01a0575b-a7ae-7a5c-8e45-126ae52bb67e,delivery_plan,SALES_ORDER_DOC_SD,62,COMMITTED,1000,1000,0,0,0,653.890,0,null,"{""sourcePk"": ""7734adf5-b622-47f4-6fa7-1d25e875b0cb"", ""businessDate"": ""2026-03-09T00:00:00.000000""}",,2026-08-31T10:30:49.126Z
e10-main,INITIALIZATION,01a0575b-a7ae-7a5c-8e45-126ae52bb67e,delivery_plan,SALES_ORDER_DOC_SD,63,COMMITTED,1000,1000,0,0,0,662.536,0,null,"{""sourcePk"": ""0fde6614-2c3c-4a1f-f523-1d5d9b6d1f85"", ""businessDate"": ""2026-03-12T00:00:00.000000""}",,2026-08-31T10:30:50.022Z
e10-main,INITIALIZATION,01a0575b-a7ae-7a5c-8e45-126ae52bb67e,delivery_plan,SALES_ORDER_DOC_SD,64,COMMITTED,1000,1000,0,0,0,659.454,0,null,"{""sourcePk"": ""0dd57851-86ed-44c6-8f18-1d6300e1601f"", ""businessDate"": ""2026-03-18T00:00:00.000000""}",,2026-08-31T10:30:50.915Z
e10-main,INITIALIZATION,01a0575b-a7ae-7a5c-8e45-126ae52bb67e,delivery_plan,SALES_ORDER_DOC_SD,65,COMMITTED,1000,1000,0,0,0,663.139,0,null,"{""sourcePk"": ""8809bae6-ad2f-4dfc-f292-1d6793c60ca2"", ""businessDate"": ""2026-03-24T00:00:00.000000""}",,2026-08-31T10:30:51.802Z
e10-main,INITIALIZATION,01a0575b-a7ae-7a5c-8e45-126ae52bb67e,delivery_plan,SALES_ORDER_DOC_SD,66,COMMITTED,1000,1000,0,0,0,659.831,0,null,"{""sourcePk"": ""d9abbab5-5a13-4b83-ac2b-1d6c89c855a4"", ""businessDate"": ""2026-03-31T00:00:00.000000""}",,2026-08-31T10:30:52.690Z
e10-main,INITIALIZATION,01a0575b-a7ae-7a5c-8e45-126ae52bb67e,delivery_plan,SALES_ORDER_DOC_SD,67,COMMITTED,1000,1000,0,0,0,650.606,0,null,"{""sourcePk"": ""3dee8329-53f2-4497-cb70-1d6fa6b72483"", ""businessDate"": ""2026-04-03T00:00:00.000000""}",,2026-08-31T10:30:53.573Z
e10-main,INITIALIZATION,01a0575b-a7ae-7a5c-8e45-126ae52bb67e,delivery_plan,SALES_ORDER_DOC_SD,68,COMMITTED,1000,1000,0,0,0,673.306,0,null,"{""sourcePk"": ""7323427e-4f73-4412-9ac4-1d75f0798181"", ""businessDate"": ""2026-04-11T00:00:00.000000""}",,2026-08-31T10:30:54.509Z
e10-main,INITIALIZATION,01a0575b-a7ae-7a5c-8e45-126ae52bb67e,delivery_plan,SALES_ORDER_DOC_SD,69,COMMITTED,1000,1000,0,0,0,639.926,0,null,"{""sourcePk"": ""e12f3903-9224-46c5-52b7-1d6ad8c2bed9"", ""businessDate"": ""2026-04-18T00:00:00.000000""}",,2026-08-31T10:30:55.362Z
e10-main,INITIALIZATION,01a0575b-a7ae-7a5c-8e45-126ae52bb67e,delivery_plan,SALES_ORDER_DOC_SD,70,COMMITTED,1000,1000,0,0,0,634.988,0,null,"{""sourcePk"": ""43842abe-3a97-4354-c0e9-1d7f5bcabea4"", ""businessDate"": ""2026-04-24T00:00:00.000000""}",,2026-08-31T10:30:56.225Z
e10-main,INITIALIZATION,01a0575b-a7ae-7a5c-8e45-126ae52bb67e,delivery_plan,SALES_ORDER_DOC_SD,71,COMMITTED,1000,1000,0,0,0,639.184,0,null,"{""sourcePk"": ""2ea78bef-1236-4a89-34de-1d83d5ecb9e3"", ""businessDate"": ""2026-04-29T00:00:00.000000""}",,2026-08-31T10:30:57.100Z
e10-main,INITIALIZATION,01a0575b-a7ae-7a5c-8e45-126ae52bb67e,delivery_plan,SALES_ORDER_DOC_SD,72,COMMITTED,1000,1000,0,0,0,667.350,0,null,"{""sourcePk"": ""c73de3f1-2a0a-4bca-973d-949a56041fca"", ""businessDate"": ""2026-05-07T00:00:00.000000""}",,2026-08-31T10:30:58.015Z
e10-main,INITIALIZATION,01a0575b-a7ae-7a5c-8e45-126ae52bb67e,delivery_plan,SALES_ORDER_DOC_SD,73,COMMITTED,1000,1000,0,0,0,637.053,0,null,"{""sourcePk"": ""6c922e9d-01f6-4360-8aac-051da0c36929"", ""businessDate"": ""2026-05-13T00:00:00.000000""}",,2026-08-31T10:30:58.889Z
e10-main,INITIALIZATION,01a0575b-a7ae-7a5c-8e45-126ae52bb67e,delivery_plan,SALES_ORDER_DOC_SD,74,COMMITTED,1000,1000,0,0,0,644.294,0,null,"{""sourcePk"": ""398ce865-3fa6-4b2a-85bf-1d93c29f1d1d"", ""businessDate"": ""2026-05-19T00:00:00.000000""}",,2026-08-31T10:30:59.766Z
e10-main,INITIALIZATION,01a0575b-a7ae-7a5c-8e45-126ae52bb67e,delivery_plan,SALES_ORDER_DOC_SD,75,COMMITTED,1000,1000,0,0,0,637.029,0,null,"{""sourcePk"": ""ba713717-94a5-45a3-a460-1d955bfdda8d"", ""businessDate"": ""2026-05-25T00:00:00.000000""}",,2026-08-31T10:31:00.642Z
e10-main,INITIALIZATION,01a0575b-a7ae-7a5c-8e45-126ae52bb67e,delivery_plan,SALES_ORDER_DOC_SD,76,COMMITTED,1000,1000,0,0,0,630.503,0,null,"{""sourcePk"": ""f22e0a03-2eb1-44a1-b648-1d9ac6f0f515"", ""businessDate"": ""2026-05-29T00:00:00.000000""}",,2026-08-31T10:31:01.504Z
e10-main,INITIALIZATION,01a0575b-a7ae-7a5c-8e45-126ae52bb67e,delivery_plan,SALES_ORDER_DOC_SD,77,COMMITTED,1000,1000,0,0,0,641.062,0,null,"{""sourcePk"": ""5465a3d4-423d-4739-e470-1d9c69716272"", ""businessDate"": ""2026-06-04T00:00:00.000000""}",,2026-08-31T10:31:02.380Z
e10-main,INITIALIZATION,01a0575b-a7ae-7a5c-8e45-126ae52bb67e,delivery_plan,SALES_ORDER_DOC_SD,78,COMMITTED,1000,1000,0,0,0,619.603,0,null,"{""sourcePk"": ""0ae1688b-d905-42e9-ea72-1da512b09037"", ""businessDate"": ""2026-06-10T00:00:00.000000""}",,2026-08-31T10:31:03.285Z
e10-main,INITIALIZATION,01a0575b-a7ae-7a5c-8e45-126ae52bb67e,delivery_plan,SALES_ORDER_DOC_SD,79,COMMITTED,1000,1000,0,0,0,617.063,0,null,"{""sourcePk"": ""136da460-bbda-4d04-3b38-1da8bf001e26"", ""businessDate"": ""2026-06-15T00:00:00.000000""}",,2026-08-31T10:31:04.142Z
e10-main,INITIALIZATION,01a0575b-a7ae-7a5c-8e45-126ae52bb67e,delivery_plan,SALES_ORDER_DOC_SD,80,COMMITTED,1000,1000,0,0,0,627.877,0,null,"{""sourcePk"": ""eb668b51-38c4-458e-2033-1dab5cae8362"", ""businessDate"": ""2026-06-23T00:00:00.000000""}",,2026-08-31T10:31:04.996Z
e10-main,INITIALIZATION,01a0575b-a7ae-7a5c-8e45-126ae52bb67e,delivery_plan,SALES_ORDER_DOC_SD,81,COMMITTED,1000,1000,0,0,0,614.303,0,null,"{""sourcePk"": ""fd082428-9362-46e7-6efc-1db19e29a556"", ""businessDate"": ""2026-06-29T00:00:00.000000""}",,2026-08-31T10:31:05.831Z
e10-main,INITIALIZATION,01a0575b-a7ae-7a5c-8e45-126ae52bb67e,delivery_plan,SALES_ORDER_DOC_SD,82,COMMITTED,1000,1000,0,0,0,617.512,0,null,"{""sourcePk"": ""b645bf14-9975-4a2a-333a-1db72cbabcef"", ""businessDate"": ""2026-07-04T00:00:00.000000""}",,2026-08-31T10:31:06.674Z
e10-main,INITIALIZATION,01a0575b-a7ae-7a5c-8e45-126ae52bb67e,delivery_plan,SALES_ORDER_DOC_SD,83,COMMITTED,1000,1000,0,0,0,587.481,0,null,"{""sourcePk"": ""c74f21c1-e3d7-4ddf-b7df-ab9dbc4e5f53"", ""businessDate"": ""2026-07-10T00:00:00.000000""}",,2026-08-31T10:31:07.493Z
e10-main,INITIALIZATION,01a0575b-a7ae-7a5c-8e45-126ae52bb67e,delivery_plan,SALES_ORDER_DOC_SD,84,COMMITTED,1000,1000,0,0,0,606.516,0,null,"{""sourcePk"": ""7f7ac446-0dac-4077-0552-1dc12f2ce438"", ""businessDate"": ""2026-07-16T00:00:00.000000""}",,2026-08-31T10:31:08.332Z
e10-main,INITIALIZATION,01a0575b-a7ae-7a5c-8e45-126ae52bb67e,delivery_plan,SALES_ORDER_DOC_SD,85,COMMITTED,1000,1000,0,0,0,613.273,0,null,"{""sourcePk"": ""77b1c2df-1e56-4dd9-9f9e-ff4f1583e868"", ""businessDate"": ""2026-07-22T00:00:00.000000""}",,2026-08-31T10:31:09.168Z
e10-main,INITIALIZATION,01a0575b-a7ae-7a5c-8e45-126ae52bb67e,delivery_plan,SALES_ORDER_DOC_SD,86,COMMITTED,1000,1000,0,0,0,603.866,0,null,"{""sourcePk"": ""399aff7e-48c7-47e5-8457-629e9ea029a6"", ""businessDate"": ""2026-07-27T00:00:00.000000""}",,2026-08-31T10:31:10.009Z
e10-main,INITIALIZATION,01a0575b-a7ae-7a5c-8e45-126ae52bb67e,delivery_plan,SALES_ORDER_DOC_SD,87,COMMITTED,1000,1000,0,0,0,643.241,0,null,"{""sourcePk"": ""3ed19dd6-02b6-43b9-ef1d-1dcc66e2de75"", ""businessDate"": ""2026-07-31T00:00:00.000000""}",,2026-08-31T10:31:10.941Z
e10-main,INITIALIZATION,01a0575b-a7ae-7a5c-8e45-126ae52bb67e,delivery_plan,SALES_ORDER_DOC_SD,88,COMMITTED,1000,1000,0,0,0,602.348,0,null,"{""sourcePk"": ""b26c0883-9bb8-4112-b3aa-6e8342ddb686"", ""businessDate"": ""2026-08-04T00:00:00.000000""}",,2026-08-31T10:31:11.781Z
e10-main,INITIALIZATION,01a0575b-a7ae-7a5c-8e45-126ae52bb67e,delivery_plan,SALES_ORDER_DOC_SD,89,COMMITTED,1000,1000,0,0,0,602.659,0,null,"{""sourcePk"": ""41d60673-e370-43e5-facc-1dd2940c9973"", ""businessDate"": ""2026-08-07T00:00:00.000000""}",,2026-08-31T10:31:12.619Z
e10-main,INITIALIZATION,01a0575b-a7ae-7a5c-8e45-126ae52bb67e,delivery_plan,SALES_ORDER_DOC_SD,90,COMMITTED,1000,1000,0,0,0,589.493,0,null,"{""sourcePk"": ""4dc1a3ae-3146-405b-5d41-1dd7f77042d2"", ""businessDate"": ""2026-08-14T00:00:00.000000""}",,2026-08-31T10:31:13.418Z
e10-main,INITIALIZATION,01a0575b-a7ae-7a5c-8e45-126ae52bb67e,delivery_plan,SALES_ORDER_DOC_SD,91,COMMITTED,1000,1000,0,0,0,595.475,0,null,"{""sourcePk"": ""2cb9d741-5ddd-46c6-cd0f-1ddd9a809f51"", ""businessDate"": ""2026-08-21T00:00:00.000000""}",,2026-08-31T10:31:14.248Z
e10-main,INITIALIZATION,01a0575b-a7ae-7a5c-8e45-126ae52bb67e,delivery_plan,SALES_ORDER_DOC_SD,92,COMMITTED,1000,1000,0,0,0,592.469,0,null,"{""sourcePk"": ""424841a2-5829-4652-e491-1de3ab500d2a"", ""businessDate"": ""2026-08-29T00:00:00.000000""}",,2026-08-31T10:31:15.062Z
e10-main,INITIALIZATION,01a0575b-a7ae-7a5c-8e45-126ae52bb67e,delivery_plan,SALES_ORDER_DOC_SD,93,COMMITTED,279,279,0,0,0,490.259,0,null,"{""sourcePk"": ""1098e1e0-9097-4242-ab09-f49420e452c5"", ""businessDate"": ""2026-08-31T00:00:00.000000""}",,2026-08-31T10:31:15.739Z
e10-main,INITIALIZATION,01a0575b-a7ae-7a5c-8e45-126ae52bb67e,delivery_plan,SALES_ORDER_DOC_SD,94,COMMITTED,0,0,0,0,0,32.246,0,null,"{""sourcePk"": ""1098e1e0-9097-4242-ab09-f49420e452c5"", ""businessDate"": ""2026-08-31T00:00:00.000000+00:00""}",,2026-08-31T10:38:53.896Z
e10-main,INITIALIZATION,01a0575b-a7ae-7a5c-8e45-126ae52bb67e,inventory,ITEM_WAREHOUSE,1,COMMITTED,1000,1000,0,0,0,171.967,0,null,"{""sourcePk"": ""f70274c4-bc55-48f7-ae97-1735433fc4c2"", ""businessDate"": ""1900-01-01T00:00:00.000000""}",,2026-08-31T10:40:59.357Z
e10-main,INITIALIZATION,01a0575b-a7ae-7a5c-8e45-126ae52bb67e,inventory,ITEM_WAREHOUSE,2,COMMITTED,1000,1000,0,0,0,137.009,0,null,"{""sourcePk"": ""bf7b507b-ef56-48d4-1ebe-173bb3402866"", ""businessDate"": ""1900-01-01T00:00:00.000000""}",,2026-08-31T10:40:59.688Z
e10-main,INITIALIZATION,01a0575b-a7ae-7a5c-8e45-126ae52bb67e,inventory,ITEM_WAREHOUSE,3,COMMITTED,1000,1000,0,0,0,131.796,0,null,"{""sourcePk"": ""44c16559-4add-4c7f-65ad-173f96c856d9"", ""businessDate"": ""1900-01-01T00:00:00.000000""}",,2026-08-31T10:41:00.024Z
e10-main,INITIALIZATION,01a0575b-a7ae-7a5c-8e45-126ae52bb67e,inventory,ITEM_WAREHOUSE,4,COMMITTED,1000,1000,0,0,0,135.674,0,null,"{""sourcePk"": ""2b6c237b-0d64-4bf6-cb98-17498ba5691f"", ""businessDate"": ""1900-01-01T00:00:00.000000""}",,2026-08-31T10:41:00.370Z
e10-main,INITIALIZATION,01a0575b-a7ae-7a5c-8e45-126ae52bb67e,inventory,ITEM_WAREHOUSE,5,COMMITTED,1000,1000,0,0,0,134.451,0,null,"{""sourcePk"": ""bc35c73f-37f8-4f33-cdaf-17514874630f"", ""businessDate"": ""1900-01-01T00:00:00.000000""}",,2026-08-31T10:41:00.734Z
e10-main,INITIALIZATION,01a0575b-a7ae-7a5c-8e45-126ae52bb67e,inventory,ITEM_WAREHOUSE,6,COMMITTED,1000,1000,0,0,0,129.733,0,null,"{""sourcePk"": ""0da35df4-556f-4964-1dae-175ba4604834"", ""businessDate"": ""1900-01-01T00:00:00.000000""}",,2026-08-31T10:41:01.181Z
e10-main,INITIALIZATION,01a0575b-a7ae-7a5c-8e45-126ae52bb67e,inventory,ITEM_WAREHOUSE,7,COMMITTED,1000,1000,0,0,0,135.020,0,null,"{""sourcePk"": ""ab7d6651-11a4-4ce6-7a8e-1765ef4a4af2"", ""businessDate"": ""1900-01-01T00:00:00.000000""}",,2026-08-31T10:41:01.570Z
e10-main,INITIALIZATION,01a0575b-a7ae-7a5c-8e45-126ae52bb67e,inventory,ITEM_WAREHOUSE,8,COMMITTED,1000,1000,0,0,0,131.471,0,null,"{""sourcePk"": ""760d8220-88fc-415f-14a8-1770f1d6687b"", ""businessDate"": ""1900-01-01T00:00:00.000000""}",,2026-08-31T10:41:02.000Z
e10-main,INITIALIZATION,01a0575b-a7ae-7a5c-8e45-126ae52bb67e,inventory,ITEM_WAREHOUSE,9,COMMITTED,1000,1000,0,0,0,136.887,0,null,"{""sourcePk"": ""8a1171e4-61e3-4235-4fae-177bb8a78021"", ""businessDate"": ""1900-01-01T00:00:00.000000""}",,2026-08-31T10:41:02.380Z
e10-main,INITIALIZATION,01a0575b-a7ae-7a5c-8e45-126ae52bb67e,inventory,ITEM_WAREHOUSE,10,COMMITTED,1000,1000,0,0,0,136.608,0,null,"{""sourcePk"": ""4a404dae-6b8e-4e95-66b8-178ad8ef1558"", ""businessDate"": ""1900-01-01T00:00:00.000000""}",,2026-08-31T10:41:02.781Z
e10-main,INITIALIZATION,01a0575b-a7ae-7a5c-8e45-126ae52bb67e,inventory,ITEM_WAREHOUSE,11,COMMITTED,1000,1000,0,0,0,135.124,0,null,"{""sourcePk"": ""97df0666-478c-4add-a584-178f5bb61708"", ""businessDate"": ""1900-01-01T00:00:00.000000""}",,2026-08-31T10:41:03.137Z
e10-main,INITIALIZATION,01a0575b-a7ae-7a5c-8e45-126ae52bb67e,inventory,ITEM_WAREHOUSE,12,COMMITTED,1000,1000,0,0,0,135.768,0,null,"{""sourcePk"": ""c71f9560-3c80-4158-efa1-1798f965c2cc"", ""businessDate"": ""1900-01-01T00:00:00.000000""}",,2026-08-31T10:41:03.492Z
e10-main,INITIALIZATION,01a0575b-a7ae-7a5c-8e45-126ae52bb67e,inventory,ITEM_WAREHOUSE,13,COMMITTED,1000,1000,0,0,0,135.202,0,null,"{""sourcePk"": ""9336f307-1cd7-4cd6-43be-179f3ccb3613"", ""businessDate"": ""1900-01-01T00:00:00.000000""}",,2026-08-31T10:41:03.840Z
e10-main,INITIALIZATION,01a0575b-a7ae-7a5c-8e45-126ae52bb67e,inventory,ITEM_WAREHOUSE,14,COMMITTED,1000,1000,0,0,0,131.875,0,null,"{""sourcePk"": ""39387be3-d0f2-4efd-30a2-17aa7a77976b"", ""businessDate"": ""1900-01-01T00:00:00.000000""}",,2026-08-31T10:41:04.190Z
e10-main,INITIALIZATION,01a0575b-a7ae-7a5c-8e45-126ae52bb67e,inventory,ITEM_WAREHOUSE,15,COMMITTED,1000,1000,0,0,0,138.943,0,null,"{""sourcePk"": ""484a61d4-cf5c-464b-238a-17c4bb718b05"", ""businessDate"": ""1900-01-01T00:00:00.000000""}",,2026-08-31T10:41:04.551Z
e10-main,INITIALIZATION,01a0575b-a7ae-7a5c-8e45-126ae52bb67e,inventory,ITEM_WAREHOUSE,16,COMMITTED,1000,1000,0,0,0,134.961,0,null,"{""sourcePk"": ""a11fa89b-e631-4841-3291-17cccbc5110c"", ""businessDate"": ""1900-01-01T00:00:00.000000""}",,2026-08-31T10:41:04.904Z
e10-main,INITIALIZATION,01a0575b-a7ae-7a5c-8e45-126ae52bb67e,inventory,ITEM_WAREHOUSE,17,COMMITTED,1000,1000,0,0,0,130.592,0,null,"{""sourcePk"": ""f54854c7-71ce-4518-17ad-17d6f0666c1b"", ""businessDate"": ""1900-01-01T00:00:00.000000""}",,2026-08-31T10:41:05.259Z
e10-main,INITIALIZATION,01a0575b-a7ae-7a5c-8e45-126ae52bb67e,inventory,ITEM_WAREHOUSE,18,COMMITTED,1000,1000,0,0,0,133.447,0,null,"{""sourcePk"": ""3372512e-7013-46c4-6093-17de429ac5cb"", ""businessDate"": ""1900-01-01T00:00:00.000000""}",,2026-08-31T10:41:05.604Z
e10-main,INITIALIZATION,01a0575b-a7ae-7a5c-8e45-126ae52bb67e,inventory,ITEM_WAREHOUSE,19,COMMITTED,1000,1000,0,0,0,135.657,0,null,"{""sourcePk"": ""23c899a3-104b-4c21-86b4-17e49036a3c9"", ""businessDate"": ""1900-01-01T00:00:00.000000""}",,2026-08-31T10:41:06.000Z
e10-main,INITIALIZATION,01a0575b-a7ae-7a5c-8e45-126ae52bb67e,inventory,ITEM_WAREHOUSE,20,COMMITTED,1000,1000,0,0,0,133.667,0,null,"{""sourcePk"": ""1134ec21-6826-4d8a-24ba-17f00cb6e76c"", ""businessDate"": ""1900-01-01T00:00:00.000000""}",,2026-08-31T10:41:06.352Z
e10-main,INITIALIZATION,01a0575b-a7ae-7a5c-8e45-126ae52bb67e,inventory,ITEM_WAREHOUSE,21,COMMITTED,1000,1000,0,0,0,137.003,0,null,"{""sourcePk"": ""3dab8ae9-4529-4073-0795-17fbf1991ae9"", ""businessDate"": ""1900-01-01T00:00:00.000000""}",,2026-08-31T10:41:06.704Z
e10-main,INITIALIZATION,01a0575b-a7ae-7a5c-8e45-126ae52bb67e,inventory,ITEM_WAREHOUSE,22,COMMITTED,1000,1000,0,0,0,121.582,0,null,"{""sourcePk"": ""379fbc14-869e-443c-9b88-1806145dbd31"", ""businessDate"": ""1900-01-01T00:00:00.000000""}",,2026-08-31T10:41:07.045Z
e10-main,INITIALIZATION,01a0575b-a7ae-7a5c-8e45-126ae52bb67e,inventory,ITEM_WAREHOUSE,23,COMMITTED,1000,1000,0,0,0,114.412,0,null,"{""sourcePk"": ""1405bbe8-4a84-49b0-799f-1813abf2345d"", ""businessDate"": ""1900-01-01T00:00:00.000000""}",,2026-08-31T10:41:07.375Z
e10-main,INITIALIZATION,01a0575b-a7ae-7a5c-8e45-126ae52bb67e,inventory,ITEM_WAREHOUSE,24,COMMITTED,1000,1000,0,0,0,131.773,0,null,"{""sourcePk"": ""13dd0411-b4d7-42e9-9f91-1823791b5c94"", ""businessDate"": ""1900-01-01T00:00:00.000000""}",,2026-08-31T10:41:07.728Z
e10-main,INITIALIZATION,01a0575b-a7ae-7a5c-8e45-126ae52bb67e,inventory,ITEM_WAREHOUSE,25,COMMITTED,1000,1000,0,0,0,114.631,0,null,"{""sourcePk"": ""371688b4-6708-4511-6a83-183255785fea"", ""businessDate"": ""1900-01-01T00:00:00.000000""}",,2026-08-31T10:41:08.056Z
e10-main,INITIALIZATION,01a0575b-a7ae-7a5c-8e45-126ae52bb67e,inventory,ITEM_WAREHOUSE,26,COMMITTED,1000,1000,0,0,0,130.119,0,null,"{""sourcePk"": ""cc1d963d-0120-4c11-52a1-18413d899b1d"", ""businessDate"": ""1900-01-01T00:00:00.000000""}",,2026-08-31T10:41:08.402Z
e10-main,INITIALIZATION,01a0575b-a7ae-7a5c-8e45-126ae52bb67e,inventory,ITEM_WAREHOUSE,27,COMMITTED,1000,1000,0,0,0,125.194,0,null,"{""sourcePk"": ""d59df8e4-187c-4941-0d83-18529602df40"", ""businessDate"": ""1900-01-01T00:00:00.000000""}",,2026-08-31T10:41:08.750Z
e10-main,INITIALIZATION,01a0575b-a7ae-7a5c-8e45-126ae52bb67e,inventory,ITEM_WAREHOUSE,28,COMMITTED,1000,1000,0,0,0,136.105,0,null,"{""sourcePk"": ""04088bdf-410e-44e0-2f9d-186ba3289ebc"", ""businessDate"": ""1900-01-01T00:00:00.000000""}",,2026-08-31T10:41:09.112Z
e10-main,INITIALIZATION,01a0575b-a7ae-7a5c-8e45-126ae52bb67e,inventory,ITEM_WAREHOUSE,29,COMMITTED,1000,1000,0,0,0,133.668,0,null,"{""sourcePk"": ""d9618453-f1b3-4840-f292-187b7696e3c7"", ""businessDate"": ""1900-01-01T00:00:00.000000""}",,2026-08-31T10:41:09.521Z
e10-main,INITIALIZATION,01a0575b-a7ae-7a5c-8e45-126ae52bb67e,inventory,ITEM_WAREHOUSE,30,COMMITTED,1000,1000,0,0,0,135.393,0,null,"{""sourcePk"": ""15c18ee8-64e4-40d7-fdb0-188e2d039123"", ""businessDate"": ""1900-01-01T00:00:00.000000""}",,2026-08-31T10:41:09.871Z
e10-main,INITIALIZATION,01a0575b-a7ae-7a5c-8e45-126ae52bb67e,inventory,ITEM_WAREHOUSE,31,COMMITTED,1000,1000,0,0,0,130.859,0,null,"{""sourcePk"": ""4e3fdd89-86f7-4f64-7db6-18a7532f0b7b"", ""businessDate"": ""1900-01-01T00:00:00.000000""}",,2026-08-31T10:41:10.204Z
e10-main,INITIALIZATION,01a0575b-a7ae-7a5c-8e45-126ae52bb67e,inventory,ITEM_WAREHOUSE,32,COMMITTED,1000,1000,0,0,0,129.449,0,null,"{""sourcePk"": ""3789dbf3-4e44-43d7-34b3-18b643a87284"", ""businessDate"": ""1900-01-01T00:00:00.000000""}",,2026-08-31T10:41:10.549Z
e10-main,INITIALIZATION,01a0575b-a7ae-7a5c-8e45-126ae52bb67e,inventory,ITEM_WAREHOUSE,33,COMMITTED,1000,1000,0,0,0,122.561,0,null,"{""sourcePk"": ""284a5829-5490-4856-b2a0-18bf9b0abf0c"", ""businessDate"": ""1900-01-01T00:00:00.000000""}",,2026-08-31T10:41:10.879Z
e10-main,INITIALIZATION,01a0575b-a7ae-7a5c-8e45-126ae52bb67e,inventory,ITEM_WAREHOUSE,34,COMMITTED,1000,1000,0,0,0,157.389,0,null,"{""sourcePk"": ""b8b33548-e2c5-4c72-c8bb-18d4b685f9a8"", ""businessDate"": ""1900-01-01T00:00:00.000000""}",,2026-08-31T10:41:11.278Z
e10-main,INITIALIZATION,01a0575b-a7ae-7a5c-8e45-126ae52bb67e,inventory,ITEM_WAREHOUSE,35,COMMITTED,1000,1000,0,0,0,135.044,0,null,"{""sourcePk"": ""862215c8-0f15-426b-35b1-18dfd24e0c8e"", ""businessDate"": ""1900-01-01T00:00:00.000000""}",,2026-08-31T10:41:11.618Z
e10-main,INITIALIZATION,01a0575b-a7ae-7a5c-8e45-126ae52bb67e,inventory,ITEM_WAREHOUSE,36,COMMITTED,1000,1000,0,0,0,111.647,0,null,"{""sourcePk"": ""b0869557-77e9-43d2-baaa-18eb7ab7e886"", ""businessDate"": ""1900-01-01T00:00:00.000000""}",,2026-08-31T10:41:11.934Z
e10-main,INITIALIZATION,01a0575b-a7ae-7a5c-8e45-126ae52bb67e,inventory,ITEM_WAREHOUSE,37,COMMITTED,1000,1000,0,0,0,136.201,0,null,"{""sourcePk"": ""82c2064e-b398-4b15-f2a3-18f2c8e27a3a"", ""businessDate"": ""1900-01-01T00:00:00.000000""}",,2026-08-31T10:41:12.276Z
e10-main,INITIALIZATION,01a0575b-a7ae-7a5c-8e45-126ae52bb67e,inventory,ITEM_WAREHOUSE,38,COMMITTED,1000,1000,0,0,0,132.634,0,null,"{""sourcePk"": ""5fa2c71b-4402-43de-9fbc-18fb89911a57"", ""businessDate"": ""1900-01-01T00:00:00.000000""}",,2026-08-31T10:41:12.614Z
e10-main,INITIALIZATION,01a0575b-a7ae-7a5c-8e45-126ae52bb67e,inventory,ITEM_WAREHOUSE,39,COMMITTED,1000,1000,0,0,0,132.738,0,null,"{""sourcePk"": ""65192541-dc38-444b-e5a6-19033fc246c4"", ""businessDate"": ""1900-01-01T00:00:00.000000""}",,2026-08-31T10:41:12.958Z
e10-main,INITIALIZATION,01a0575b-a7ae-7a5c-8e45-126ae52bb67e,inventory,ITEM_WAREHOUSE,40,COMMITTED,1000,1000,0,0,0,136.802,0,null,"{""sourcePk"": ""5ebc094f-6703-41e7-a1bd-1908e57fffdb"", ""businessDate"": ""1900-01-01T00:00:00.000000""}",,2026-08-31T10:41:13.299Z
e10-main,INITIALIZATION,01a0575b-a7ae-7a5c-8e45-126ae52bb67e,inventory,ITEM_WAREHOUSE,41,COMMITTED,1000,1000,0,0,0,132.466,0,null,"{""sourcePk"": ""e1e7891b-9b2d-4d82-cfba-1913cafa59bb"", ""businessDate"": ""1900-01-01T00:00:00.000000""}",,2026-08-31T10:41:13.634Z
e10-main,INITIALIZATION,01a0575b-a7ae-7a5c-8e45-126ae52bb67e,inventory,ITEM_WAREHOUSE,42,COMMITTED,1000,1000,0,0,0,132.945,0,null,"{""sourcePk"": ""4d078a7b-0b28-41d8-ffa4-191c682a2dc7"", ""businessDate"": ""1900-01-01T00:00:00.000000""}",,2026-08-31T10:41:13.972Z
e10-main,INITIALIZATION,01a0575b-a7ae-7a5c-8e45-126ae52bb67e,inventory,ITEM_WAREHOUSE,43,COMMITTED,1000,1000,0,0,0,128.197,0,null,"{""sourcePk"": ""df8a0e53-a91a-411a-beb1-1922ba951914"", ""businessDate"": ""1900-01-01T00:00:00.000000""}",,2026-08-31T10:41:14.306Z
e10-main,INITIALIZATION,01a0575b-a7ae-7a5c-8e45-126ae52bb67e,inventory,ITEM_WAREHOUSE,44,COMMITTED,1000,1000,0,0,0,126.094,0,null,"{""sourcePk"": ""08b34a8f-a6c4-4a0e-8f94-192d714a576f"", ""businessDate"": ""1900-01-01T00:00:00.000000""}",,2026-08-31T10:41:14.638Z
e10-main,INITIALIZATION,01a0575b-a7ae-7a5c-8e45-126ae52bb67e,inventory,ITEM_WAREHOUSE,45,COMMITTED,1000,1000,0,0,0,127.550,0,null,"{""sourcePk"": ""2ce196fd-45db-4ec2-52ba-193719d7b557"", ""businessDate"": ""1900-01-01T00:00:00.000000""}",,2026-08-31T10:41:14.972Z
e10-main,INITIALIZATION,01a0575b-a7ae-7a5c-8e45-126ae52bb67e,inventory,ITEM_WAREHOUSE,46,COMMITTED,1000,1000,0,0,0,131.813,0,null,"{""sourcePk"": ""a07e7dc5-94be-4d75-328c-193a401979aa"", ""businessDate"": ""1900-01-01T00:00:00.000000""}",,2026-08-31T10:41:15.350Z
e10-main,INITIALIZATION,01a0575b-a7ae-7a5c-8e45-126ae52bb67e,inventory,ITEM_WAREHOUSE,47,COMMITTED,1000,1000,0,0,0,129.652,0,null,"{""sourcePk"": ""8e39f63c-c4e7-4c98-fc8d-1947b3ae0dee"", ""businessDate"": ""1900-01-01T00:00:00.000000""}",,2026-08-31T10:41:15.686Z
e10-main,INITIALIZATION,01a0575b-a7ae-7a5c-8e45-126ae52bb67e,inventory,ITEM_WAREHOUSE,48,COMMITTED,1000,1000,0,0,0,129.251,0,null,"{""sourcePk"": ""da52f87c-40b5-4939-61ad-19512c94685b"", ""businessDate"": ""1900-01-01T00:00:00.000000""}",,2026-08-31T10:41:16.029Z
e10-main,INITIALIZATION,01a0575b-a7ae-7a5c-8e45-126ae52bb67e,inventory,ITEM_WAREHOUSE,49,COMMITTED,1000,1000,0,0,0,137.544,0,null,"{""sourcePk"": ""a4611738-ba9f-4e2b-56be-1959b9a14f35"", ""businessDate"": ""1900-01-01T00:00:00.000000""}",,2026-08-31T10:41:16.361Z
e10-main,INITIALIZATION,01a0575b-a7ae-7a5c-8e45-126ae52bb67e,inventory,ITEM_WAREHOUSE,50,COMMITTED,1000,1000,0,0,0,128.864,0,null,"{""sourcePk"": ""49fa0369-592a-4af1-96b3-19633b96c08c"", ""businessDate"": ""1900-01-01T00:00:00.000000""}",,2026-08-31T10:41:16.690Z
e10-main,INITIALIZATION,01a0575b-a7ae-7a5c-8e45-126ae52bb67e,inventory,ITEM_WAREHOUSE,51,COMMITTED,1000,1000,0,0,0,123.908,0,null,"{""sourcePk"": ""8d18f19a-2ae4-4775-2ab1-196df17826e5"", ""businessDate"": ""1900-01-01T00:00:00.000000""}",,2026-08-31T10:41:17.019Z
e10-main,INITIALIZATION,01a0575b-a7ae-7a5c-8e45-126ae52bb67e,inventory,ITEM_WAREHOUSE,52,COMMITTED,1000,1000,0,0,0,122.372,0,null,"{""sourcePk"": ""b68e01b9-23ca-463b-bd92-1975bed6841c"", ""businessDate"": ""1900-01-01T00:00:00.000000""}",,2026-08-31T10:41:17.348Z
e10-main,INITIALIZATION,01a0575b-a7ae-7a5c-8e45-126ae52bb67e,inventory,ITEM_WAREHOUSE,53,COMMITTED,1000,1000,0,0,0,115.252,0,null,"{""sourcePk"": ""5a344f8e-445e-431c-74bf-197d02530177"", ""businessDate"": ""1900-01-01T00:00:00.000000""}",,2026-08-31T10:41:17.663Z
e10-main,INITIALIZATION,01a0575b-a7ae-7a5c-8e45-126ae52bb67e,inventory,ITEM_WAREHOUSE,54,COMMITTED,1000,1000,0,0,0,131.221,0,null,"{""sourcePk"": ""5535a596-5870-40c1-a4ba-1985a34d7226"", ""businessDate"": ""1900-01-01T00:00:00.000000""}",,2026-08-31T10:41:17.997Z
e10-main,INITIALIZATION,01a0575b-a7ae-7a5c-8e45-126ae52bb67e,inventory,ITEM_WAREHOUSE,55,COMMITTED,1000,1000,0,0,0,133.251,0,null,"{""sourcePk"": ""011d225d-c1cd-43c4-8bbd-198fba14252d"", ""businessDate"": ""1900-01-01T00:00:00.000000""}",,2026-08-31T10:41:18.340Z
e10-main,INITIALIZATION,01a0575b-a7ae-7a5c-8e45-126ae52bb67e,inventory,ITEM_WAREHOUSE,56,COMMITTED,1000,1000,0,0,0,126.240,0,null,"{""sourcePk"": ""2bc8148b-e467-4f98-8489-19987b272a5d"", ""businessDate"": ""1900-01-01T00:00:00.000000""}",,2026-08-31T10:41:18.674Z
e10-main,INITIALIZATION,01a0575b-a7ae-7a5c-8e45-126ae52bb67e,inventory,ITEM_WAREHOUSE,57,COMMITTED,1000,1000,0,0,0,129.150,0,null,"{""sourcePk"": ""13cdb55a-5179-44ec-21b2-19a288380857"", ""businessDate"": ""1900-01-01T00:00:00.000000""}",,2026-08-31T10:41:19.012Z
e10-main,INITIALIZATION,01a0575b-a7ae-7a5c-8e45-126ae52bb67e,inventory,ITEM_WAREHOUSE,58,COMMITTED,1000,1000,0,0,0,134.975,0,null,"{""sourcePk"": ""0091fc72-222c-420c-0da7-19ac3c0ed138"", ""businessDate"": ""1900-01-01T00:00:00.000000""}",,2026-08-31T10:41:19.396Z
e10-main,INITIALIZATION,01a0575b-a7ae-7a5c-8e45-126ae52bb67e,inventory,ITEM_WAREHOUSE,59,COMMITTED,1000,1000,0,0,0,120.596,0,null,"{""sourcePk"": ""870b60a2-ec46-479a-028a-19b7f537bdee"", ""businessDate"": ""1900-01-01T00:00:00.000000""}",,2026-08-31T10:41:19.722Z
e10-main,INITIALIZATION,01a0575b-a7ae-7a5c-8e45-126ae52bb67e,inventory,ITEM_WAREHOUSE,60,COMMITTED,1000,1000,0,0,0,120.901,0,null,"{""sourcePk"": ""497bb0db-3800-41a9-36aa-19c3a06003c2"", ""businessDate"": ""1900-01-01T00:00:00.000000""}",,2026-08-31T10:41:20.053Z
e10-main,INITIALIZATION,01a0575b-a7ae-7a5c-8e45-126ae52bb67e,inventory,ITEM_WAREHOUSE,61,COMMITTED,1000,1000,0,0,0,139.849,0,null,"{""sourcePk"": ""16c07a0b-df54-4a6d-0cae-19c9e9505464"", ""businessDate"": ""1900-01-01T00:00:00.000000""}",,2026-08-31T10:41:20.403Z
e10-main,INITIALIZATION,01a0575b-a7ae-7a5c-8e45-126ae52bb67e,inventory,ITEM_WAREHOUSE,62,COMMITTED,1000,1000,0,0,0,120.282,0,null,"{""sourcePk"": ""c8ed63c6-840e-460d-cb81-19cf509986c0"", ""businessDate"": ""1900-01-01T00:00:00.000000""}",,2026-08-31T10:41:20.726Z
e10-main,INITIALIZATION,01a0575b-a7ae-7a5c-8e45-126ae52bb67e,inventory,ITEM_WAREHOUSE,63,COMMITTED,1000,1000,0,0,0,119.186,0,null,"{""sourcePk"": ""7c57dae7-ba15-4d05-5cbd-19e0f760f4dd"", ""businessDate"": ""1900-01-01T00:00:00.000000""}",,2026-08-31T10:41:21.053Z
e10-main,INITIALIZATION,01a0575b-a7ae-7a5c-8e45-126ae52bb67e,inventory,ITEM_WAREHOUSE,64,COMMITTED,1000,1000,0,0,0,119.687,0,null,"{""sourcePk"": ""9a67bc48-675f-46e1-b48d-19edfad2cd94"", ""businessDate"": ""1900-01-01T00:00:00.000000""}",,2026-08-31T10:41:21.368Z
e10-main,INITIALIZATION,01a0575b-a7ae-7a5c-8e45-126ae52bb67e,inventory,ITEM_WAREHOUSE,65,COMMITTED,1000,1000,0,0,0,121.662,0,null,"{""sourcePk"": ""24e45e91-4faa-4900-2c97-19f56609f01c"", ""businessDate"": ""1900-01-01T00:00:00.000000""}",,2026-08-31T10:41:21.691Z
e10-main,INITIALIZATION,01a0575b-a7ae-7a5c-8e45-126ae52bb67e,inventory,ITEM_WAREHOUSE,66,COMMITTED,1000,1000,0,0,0,132.366,0,null,"{""sourcePk"": ""9f84049a-24eb-478d-28bf-19fe826b14ec"", ""businessDate"": ""1900-01-01T00:00:00.000000""}",,2026-08-31T10:41:22.036Z
e10-main,INITIALIZATION,01a0575b-a7ae-7a5c-8e45-126ae52bb67e,inventory,ITEM_WAREHOUSE,67,COMMITTED,1000,1000,0,0,0,152.736,0,null,"{""sourcePk"": ""75016abb-37dd-49f5-cc9c-1a050927fec1"", ""businessDate"": ""1900-01-01T00:00:00.000000""}",,2026-08-31T10:41:22.388Z
e10-main,INITIALIZATION,01a0575b-a7ae-7a5c-8e45-126ae52bb67e,inventory,ITEM_WAREHOUSE,68,COMMITTED,1000,1000,0,0,0,115.097,0,null,"{""sourcePk"": ""ad7d7040-a91e-4d48-36a4-1a0a7ee6ec79"", ""businessDate"": ""1900-01-01T00:00:00.000000""}",,2026-08-31T10:41:22.706Z
e10-main,INITIALIZATION,01a0575b-a7ae-7a5c-8e45-126ae52bb67e,inventory,ITEM_WAREHOUSE,69,COMMITTED,1000,1000,0,0,0,119.029,0,null,"{""sourcePk"": ""9dc14823-3ce8-4fa7-3388-1a10130ff935"", ""businessDate"": ""1900-01-01T00:00:00.000000""}",,2026-08-31T10:41:23.030Z
e10-main,INITIALIZATION,01a0575b-a7ae-7a5c-8e45-126ae52bb67e,inventory,ITEM_WAREHOUSE,70,COMMITTED,1000,1000,0,0,0,134.867,0,null,"{""sourcePk"": ""ec39f726-c052-4ab6-8a8b-1a17048c02f2"", ""businessDate"": ""1900-01-01T00:00:00.000000""}",,2026-08-31T10:41:23.419Z
e10-main,INITIALIZATION,01a0575b-a7ae-7a5c-8e45-126ae52bb67e,inventory,ITEM_WAREHOUSE,71,COMMITTED,1000,1000,0,0,0,134.335,0,null,"{""sourcePk"": ""a09d12dd-ea9a-45e3-9881-1a17ca047765"", ""businessDate"": ""1900-01-01T00:00:00.000000""}",,2026-08-31T10:41:23.758Z
e10-main,INITIALIZATION,01a0575b-a7ae-7a5c-8e45-126ae52bb67e,inventory,ITEM_WAREHOUSE,72,COMMITTED,1000,1000,0,0,0,118.982,0,null,"{""sourcePk"": ""71fb715e-3104-441b-5395-1a187ada6f27"", ""businessDate"": ""1900-01-01T00:00:00.000000""}",,2026-08-31T10:41:24.084Z
e10-main,INITIALIZATION,01a0575b-a7ae-7a5c-8e45-126ae52bb67e,inventory,ITEM_WAREHOUSE,73,COMMITTED,1000,1000,0,0,0,119.750,0,null,"{""sourcePk"": ""ad2b3a63-7217-4d0d-029a-1a1fc9c42e03"", ""businessDate"": ""1900-01-01T00:00:00.000000""}",,2026-08-31T10:41:24.405Z
e10-main,INITIALIZATION,01a0575b-a7ae-7a5c-8e45-126ae52bb67e,inventory,ITEM_WAREHOUSE,74,COMMITTED,1000,1000,0,0,0,127.317,0,null,"{""sourcePk"": ""f3590ce0-376c-4fec-4cbf-1a2562afbde6"", ""businessDate"": ""1900-01-01T00:00:00.000000""}",,2026-08-31T10:41:24.737Z
e10-main,INITIALIZATION,01a0575b-a7ae-7a5c-8e45-126ae52bb67e,inventory,ITEM_WAREHOUSE,75,COMMITTED,1000,1000,0,0,0,132.100,0,null,"{""sourcePk"": ""b90e183a-c023-4a69-21b0-1a2ddeaabdbd"", ""businessDate"": ""1900-01-01T00:00:00.000000""}",,2026-08-31T10:41:25.071Z
e10-main,INITIALIZATION,01a0575b-a7ae-7a5c-8e45-126ae52bb67e,inventory,ITEM_WAREHOUSE,76,COMMITTED,1000,1000,0,0,0,126.428,0,null,"{""sourcePk"": ""745cd0f3-62c2-401f-b289-1a342f8f0545"", ""businessDate"": ""1900-01-01T00:00:00.000000""}",,2026-08-31T10:41:25.404Z
e10-main,INITIALIZATION,01a0575b-a7ae-7a5c-8e45-126ae52bb67e,inventory,ITEM_WAREHOUSE,77,COMMITTED,1000,1000,0,0,0,113.496,0,null,"{""sourcePk"": ""1c54bdbd-d10b-409c-6494-1a342f8f0853"", ""businessDate"": ""1900-01-01T00:00:00.000000""}",,2026-08-31T10:41:25.714Z
e10-main,INITIALIZATION,01a0575b-a7ae-7a5c-8e45-126ae52bb67e,inventory,ITEM_WAREHOUSE,78,COMMITTED,1000,1000,0,0,0,132.390,0,null,"{""sourcePk"": ""93a2848b-fdde-42ce-f283-1a350466efb6"", ""businessDate"": ""1900-01-01T00:00:00.000000""}",,2026-08-31T10:41:26.048Z
e10-main,INITIALIZATION,01a0575b-a7ae-7a5c-8e45-126ae52bb67e,inventory,ITEM_WAREHOUSE,79,COMMITTED,1000,1000,0,0,0,128.377,0,null,"{""sourcePk"": ""16149bfd-54ec-4acb-5388-1a3ee7bd8f37"", ""businessDate"": ""1900-01-01T00:00:00.000000""}",,2026-08-31T10:41:26.381Z
e10-main,INITIALIZATION,01a0575b-a7ae-7a5c-8e45-126ae52bb67e,inventory,ITEM_WAREHOUSE,80,COMMITTED,1000,1000,0,0,0,135.224,0,null,"{""sourcePk"": ""22198aac-c615-4a84-b183-1a43abfb2082"", ""businessDate"": ""1900-01-01T00:00:00.000000""}",,2026-08-31T10:41:26.722Z
e10-main,INITIALIZATION,01a0575b-a7ae-7a5c-8e45-126ae52bb67e,inventory,ITEM_WAREHOUSE,81,COMMITTED,1000,1000,0,0,0,134.473,0,null,"{""sourcePk"": ""828fd643-40b1-44fe-65a9-1a4702af16ec"", ""businessDate"": ""1900-01-01T00:00:00.000000""}",,2026-08-31T10:41:27.062Z
e10-main,INITIALIZATION,01a0575b-a7ae-7a5c-8e45-126ae52bb67e,inventory,ITEM_WAREHOUSE,82,COMMITTED,1000,1000,0,0,0,134.677,0,null,"{""sourcePk"": ""c84c1c6e-db19-4cf7-97b9-1a4ea0893f6d"", ""businessDate"": ""1900-01-01T00:00:00.000000""}",,2026-08-31T10:41:27.443Z
e10-main,INITIALIZATION,01a0575b-a7ae-7a5c-8e45-126ae52bb67e,inventory,ITEM_WAREHOUSE,83,COMMITTED,1000,1000,0,0,0,133.288,0,null,"{""sourcePk"": ""8d82f3d7-0f66-4b5f-9a9f-1a55f62835f3"", ""businessDate"": ""1900-01-01T00:00:00.000000""}",,2026-08-31T10:41:27.782Z
e10-main,INITIALIZATION,01a0575b-a7ae-7a5c-8e45-126ae52bb67e,inventory,ITEM_WAREHOUSE,84,COMMITTED,1000,1000,0,0,0,136.030,0,null,"{""sourcePk"": ""db8b3ec2-8dfa-4a74-be91-1a5cc71e0d8e"", ""businessDate"": ""1900-01-01T00:00:00.000000""}",,2026-08-31T10:41:28.123Z
e10-main,INITIALIZATION,01a0575b-a7ae-7a5c-8e45-126ae52bb67e,inventory,ITEM_WAREHOUSE,85,COMMITTED,1000,1000,0,0,0,135.467,0,null,"{""sourcePk"": ""862a1d82-34b2-44e0-cba4-1a65bd0c62cf"", ""businessDate"": ""1900-01-01T00:00:00.000000""}",,2026-08-31T10:41:28.475Z
e10-main,INITIALIZATION,01a0575b-a7ae-7a5c-8e45-126ae52bb67e,inventory,ITEM_WAREHOUSE,86,COMMITTED,1000,1000,0,0,0,130.716,0,null,"{""sourcePk"": ""2bc8491f-4d4f-43ab-e299-1a6e3ab566be"", ""businessDate"": ""1900-01-01T00:00:00.000000""}",,2026-08-31T10:41:28.815Z
e10-main,INITIALIZATION,01a0575b-a7ae-7a5c-8e45-126ae52bb67e,inventory,ITEM_WAREHOUSE,87,COMMITTED,1000,1000,0,0,0,134.457,0,null,"{""sourcePk"": ""d14d0ece-1971-4953-92b5-1a7579e29609"", ""businessDate"": ""1900-01-01T00:00:00.000000""}",,2026-08-31T10:41:29.145Z
e10-main,INITIALIZATION,01a0575b-a7ae-7a5c-8e45-126ae52bb67e,inventory,ITEM_WAREHOUSE,88,COMMITTED,1000,1000,0,0,0,133.250,0,null,"{""sourcePk"": ""06f0254f-7091-4f86-658a-1a7bc14d4197"", ""businessDate"": ""1900-01-01T00:00:00.000000""}",,2026-08-31T10:41:29.494Z
e10-main,INITIALIZATION,01a0575b-a7ae-7a5c-8e45-126ae52bb67e,inventory,ITEM_WAREHOUSE,89,COMMITTED,1000,1000,0,0,0,131.963,0,null,"{""sourcePk"": ""2127c332-fc02-4d15-759c-1a81b1ac7e4c"", ""businessDate"": ""1900-01-01T00:00:00.000000""}",,2026-08-31T10:41:29.829Z
e10-main,INITIALIZATION,01a0575b-a7ae-7a5c-8e45-126ae52bb67e,inventory,ITEM_WAREHOUSE,90,COMMITTED,1000,1000,0,0,0,132.471,0,null,"{""sourcePk"": ""42d96bf7-90dc-4338-fe86-1a86b0a5f5a2"", ""businessDate"": ""1900-01-01T00:00:00.000000""}",,2026-08-31T10:41:30.166Z
e10-main,INITIALIZATION,01a0575b-a7ae-7a5c-8e45-126ae52bb67e,inventory,ITEM_WAREHOUSE,91,COMMITTED,1000,1000,0,0,0,132.429,0,null,"{""sourcePk"": ""d8d9f259-7463-4f51-bc97-1a8c16fabaa0"", ""businessDate"": ""1900-01-01T00:00:00.000000""}",,2026-08-31T10:41:30.502Z
e10-main,INITIALIZATION,01a0575b-a7ae-7a5c-8e45-126ae52bb67e,inventory,ITEM_WAREHOUSE,92,COMMITTED,1000,1000,0,0,0,131.302,0,null,"{""sourcePk"": ""4f70de73-7cd5-4653-e4af-1a90b9df1301"", ""businessDate"": ""1900-01-01T00:00:00.000000""}",,2026-08-31T10:41:30.839Z
e10-main,INITIALIZATION,01a0575b-a7ae-7a5c-8e45-126ae52bb67e,inventory,ITEM_WAREHOUSE,93,COMMITTED,1000,1000,0,0,0,133.473,0,null,"{""sourcePk"": ""889c293a-ac04-4d07-8da3-1a96224ccb48"", ""businessDate"": ""1900-01-01T00:00:00.000000""}",,2026-08-31T10:41:31.179Z
e10-main,INITIALIZATION,01a0575b-a7ae-7a5c-8e45-126ae52bb67e,inventory,ITEM_WAREHOUSE,94,COMMITTED,1000,1000,0,0,0,133.927,0,null,"{""sourcePk"": ""dacd508c-af11-4a9d-848e-1a99953e0309"", ""businessDate"": ""1900-01-01T00:00:00.000000""}",,2026-08-31T10:41:31.559Z
e10-main,INITIALIZATION,01a0575b-a7ae-7a5c-8e45-126ae52bb67e,inventory,ITEM_WAREHOUSE,95,COMMITTED,1000,1000,0,0,0,133.483,0,null,"{""sourcePk"": ""97137b3c-bc75-4595-5ea6-1a9ecf77de64"", ""businessDate"": ""1900-01-01T00:00:00.000000""}",,2026-08-31T10:41:31.906Z
e10-main,INITIALIZATION,01a0575b-a7ae-7a5c-8e45-126ae52bb67e,inventory,ITEM_WAREHOUSE,96,COMMITTED,1000,1000,0,0,0,132.692,0,null,"{""sourcePk"": ""30435df1-d78e-47f1-ffb7-1aa5f9c7f9ec"", ""businessDate"": ""1900-01-01T00:00:00.000000""}",,2026-08-31T10:41:32.243Z
e10-main,INITIALIZATION,01a0575b-a7ae-7a5c-8e45-126ae52bb67e,inventory,ITEM_WAREHOUSE,97,COMMITTED,1000,1000,0,0,0,133.106,0,null,"{""sourcePk"": ""e3cd83e4-f27f-4e1a-5d83-1aaaaa49c1f3"", ""businessDate"": ""1900-01-01T00:00:00.000000""}",,2026-08-31T10:41:32.599Z
e10-main,INITIALIZATION,01a0575b-a7ae-7a5c-8e45-126ae52bb67e,inventory,ITEM_WAREHOUSE,98,COMMITTED,1000,1000,0,0,0,135.002,0,null,"{""sourcePk"": ""5e678b8d-b839-4c4c-d094-1aae77ef543c"", ""businessDate"": ""1900-01-01T00:00:00.000000""}",,2026-08-31T10:41:32.939Z
e10-main,INITIALIZATION,01a0575b-a7ae-7a5c-8e45-126ae52bb67e,inventory,ITEM_WAREHOUSE,99,COMMITTED,1000,1000,0,0,0,134.226,0,null,"{""sourcePk"": ""b648e790-6f1f-456e-9481-1ab0554a11f8"", ""businessDate"": ""1900-01-01T00:00:00.000000""}",,2026-08-31T10:41:33.277Z
e10-main,INITIALIZATION,01a0575b-a7ae-7a5c-8e45-126ae52bb67e,inventory,ITEM_WAREHOUSE,100,COMMITTED,1000,1000,0,0,0,159.828,0,null,"{""sourcePk"": ""d76c12a9-4cab-4b87-ea92-1ab4f31fb160"", ""businessDate"": ""1900-01-01T00:00:00.000000""}",,2026-08-31T10:41:33.643Z
e10-main,INITIALIZATION,01a0575b-a7ae-7a5c-8e45-126ae52bb67e,inventory,ITEM_WAREHOUSE,101,COMMITTED,1000,1000,0,0,0,133.992,0,null,"{""sourcePk"": ""27fa9dfe-0e41-46c4-40bf-1ab8278d3ebb"", ""businessDate"": ""1900-01-01T00:00:00.000000""}",,2026-08-31T10:41:33.981Z
e10-main,INITIALIZATION,01a0575b-a7ae-7a5c-8e45-126ae52bb67e,inventory,ITEM_WAREHOUSE,102,COMMITTED,1000,1000,0,0,0,130.728,0,null,"{""sourcePk"": ""f5db6b54-ccc3-4f22-2aad-1ab8baad0d1c"", ""businessDate"": ""1900-01-01T00:00:00.000000""}",,2026-08-31T10:41:34.320Z
e10-main,INITIALIZATION,01a0575b-a7ae-7a5c-8e45-126ae52bb67e,inventory,ITEM_WAREHOUSE,103,COMMITTED,1000,1000,0,0,0,135.353,0,null,"{""sourcePk"": ""abf358a5-f32e-477c-0aac-1ab904492f3a"", ""businessDate"": ""1900-01-01T00:00:00.000000""}",,2026-08-31T10:41:34.661Z
e10-main,INITIALIZATION,01a0575b-a7ae-7a5c-8e45-126ae52bb67e,inventory,ITEM_WAREHOUSE,104,COMMITTED,1000,1000,0,0,0,133.443,0,null,"{""sourcePk"": ""158241c8-52b2-4113-17b9-1abb3aaa0007"", ""businessDate"": ""1900-01-01T00:00:00.000000""}",,2026-08-31T10:41:34.992Z
e10-main,INITIALIZATION,01a0575b-a7ae-7a5c-8e45-126ae52bb67e,inventory,ITEM_WAREHOUSE,105,COMMITTED,1000,1000,0,0,0,134.600,0,null,"{""sourcePk"": ""879ccdbd-d581-4938-62af-1abcd4ce7adb"", ""businessDate"": ""1900-01-01T00:00:00.000000""}",,2026-08-31T10:41:35.323Z
e10-main,INITIALIZATION,01a0575b-a7ae-7a5c-8e45-126ae52bb67e,inventory,ITEM_WAREHOUSE,106,COMMITTED,1000,1000,0,0,0,134.207,0,null,"{""sourcePk"": ""8abc239c-cb21-4e44-ba8b-1abe85bcb8ca"", ""businessDate"": ""1900-01-01T00:00:00.000000""}",,2026-08-31T10:41:35.688Z
e10-main,INITIALIZATION,01a0575b-a7ae-7a5c-8e45-126ae52bb67e,inventory,ITEM_WAREHOUSE,107,COMMITTED,1000,1000,0,0,0,135.140,0,null,"{""sourcePk"": ""90858435-e239-46f8-6aae-1ac0a904cc12"", ""businessDate"": ""1900-01-01T00:00:00.000000""}",,2026-08-31T10:41:36.003Z
e10-main,INITIALIZATION,01a0575b-a7ae-7a5c-8e45-126ae52bb67e,inventory,ITEM_WAREHOUSE,108,COMMITTED,1000,1000,0,0,0,136.104,0,null,"{""sourcePk"": ""88a426b7-ea2f-4adc-1ea4-1ac33c28fe15"", ""businessDate"": ""1900-01-01T00:00:00.000000""}",,2026-08-31T10:41:36.315Z
e10-main,INITIALIZATION,01a0575b-a7ae-7a5c-8e45-126ae52bb67e,inventory,ITEM_WAREHOUSE,109,COMMITTED,1000,1000,0,0,0,133.713,0,null,"{""sourcePk"": ""7bab838f-303e-4dae-119d-1ac571dd5812"", ""businessDate"": ""1900-01-01T00:00:00.000000""}",,2026-08-31T10:41:36.649Z
e10-main,INITIALIZATION,01a0575b-a7ae-7a5c-8e45-126ae52bb67e,inventory,ITEM_WAREHOUSE,110,COMMITTED,1000,1000,0,0,0,135.027,0,null,"{""sourcePk"": ""a28a980d-970f-4f23-abbe-1aca5bc6267d"", ""businessDate"": ""1900-01-01T00:00:00.000000""}",,2026-08-31T10:41:36.992Z
e10-main,INITIALIZATION,01a0575b-a7ae-7a5c-8e45-126ae52bb67e,inventory,ITEM_WAREHOUSE,111,COMMITTED,1000,1000,0,0,0,131.003,0,null,"{""sourcePk"": ""4e72f302-3c7d-49ac-9abc-1acfba57a15a"", ""businessDate"": ""1900-01-01T00:00:00.000000""}",,2026-08-31T10:41:37.330Z
e10-main,INITIALIZATION,01a0575b-a7ae-7a5c-8e45-126ae52bb67e,inventory,ITEM_WAREHOUSE,112,COMMITTED,1000,1000,0,0,0,134.904,0,null,"{""sourcePk"": ""7a4bdc50-b0bf-4bfd-df9f-1ad16593be36"", ""businessDate"": ""1900-01-01T00:00:00.000000""}",,2026-08-31T10:41:37.685Z
e10-main,INITIALIZATION,01a0575b-a7ae-7a5c-8e45-126ae52bb67e,inventory,ITEM_WAREHOUSE,113,COMMITTED,1000,1000,0,0,0,133.543,0,null,"{""sourcePk"": ""c5597e5a-2b9e-46b7-3687-1ad50cfa9776"", ""businessDate"": ""1900-01-01T00:00:00.000000""}",,2026-08-31T10:41:38.026Z
e10-main,INITIALIZATION,01a0575b-a7ae-7a5c-8e45-126ae52bb67e,inventory,ITEM_WAREHOUSE,114,COMMITTED,1000,1000,0,0,0,123.360,0,null,"{""sourcePk"": ""7606b6fd-ce33-46ac-7388-1adad24aa569"", ""businessDate"": ""1900-01-01T00:00:00.000000""}",,2026-08-31T10:41:38.373Z
e10-main,INITIALIZATION,01a0575b-a7ae-7a5c-8e45-126ae52bb67e,inventory,ITEM_WAREHOUSE,115,COMMITTED,1000,1000,0,0,0,140.366,0,null,"{""sourcePk"": ""a87a7585-271c-427f-a8b3-1addf1d42be4"", ""businessDate"": ""1900-01-01T00:00:00.000000""}",,2026-08-31T10:41:38.718Z
e10-main,INITIALIZATION,01a0575b-a7ae-7a5c-8e45-126ae52bb67e,inventory,ITEM_WAREHOUSE,116,COMMITTED,1000,1000,0,0,0,141.954,0,null,"{""sourcePk"": ""b13cdbc7-1394-4cc8-2c80-1ae3eb8ed297"", ""businessDate"": ""1900-01-01T00:00:00.000000""}",,2026-08-31T10:41:39.066Z
e10-main,INITIALIZATION,01a0575b-a7ae-7a5c-8e45-126ae52bb67e,inventory,ITEM_WAREHOUSE,117,COMMITTED,1000,1000,0,0,0,136.715,0,null,"{""sourcePk"": ""bbef1695-0c0d-426a-86a4-1ae69e427ac1"", ""businessDate"": ""1900-01-01T00:00:00.000000""}",,2026-08-31T10:41:39.394Z
e10-main,INITIALIZATION,01a0575b-a7ae-7a5c-8e45-126ae52bb67e,inventory,ITEM_WAREHOUSE,118,COMMITTED,1000,1000,0,0,0,141.904,0,null,"{""sourcePk"": ""625405f7-2305-4084-1180-1aeccd66abc7"", ""businessDate"": ""1900-01-01T00:00:00.000000""}",,2026-08-31T10:41:39.719Z
e10-main,INITIALIZATION,01a0575b-a7ae-7a5c-8e45-126ae52bb67e,inventory,ITEM_WAREHOUSE,119,COMMITTED,1000,1000,0,0,0,134.113,0,null,"{""sourcePk"": ""3db6c7ff-62b0-45de-a6b9-1aeffb852388"", ""businessDate"": ""1900-01-01T00:00:00.000000""}",,2026-08-31T10:41:40.032Z
e10-main,INITIALIZATION,01a0575b-a7ae-7a5c-8e45-126ae52bb67e,inventory,ITEM_WAREHOUSE,120,COMMITTED,1000,1000,0,0,0,132.301,0,null,"{""sourcePk"": ""f1044d35-af90-4d17-859b-1af4a28a2c13"", ""businessDate"": ""1900-01-01T00:00:00.000000""}",,2026-08-31T10:41:40.415Z
e10-main,INITIALIZATION,01a0575b-a7ae-7a5c-8e45-126ae52bb67e,inventory,ITEM_WAREHOUSE,121,COMMITTED,1000,1000,0,0,0,134.842,0,null,"{""sourcePk"": ""60c0b934-2831-4e03-0da0-1af7008df874"", ""businessDate"": ""1900-01-01T00:00:00.000000""}",,2026-08-31T10:41:40.793Z
e10-main,INITIALIZATION,01a0575b-a7ae-7a5c-8e45-126ae52bb67e,inventory,ITEM_WAREHOUSE,122,COMMITTED,1000,1000,0,0,0,134.800,0,null,"{""sourcePk"": ""3962d750-31ec-4963-1b87-1afbc4012697"", ""businessDate"": ""1900-01-01T00:00:00.000000""}",,2026-08-31T10:41:41.142Z
e10-main,INITIALIZATION,01a0575b-a7ae-7a5c-8e45-126ae52bb67e,inventory,ITEM_WAREHOUSE,123,COMMITTED,1000,1000,0,0,0,131.828,0,null,"{""sourcePk"": ""9d8f3669-7601-4eb7-49a8-1affbfe110b3"", ""businessDate"": ""1900-01-01T00:00:00.000000""}",,2026-08-31T10:41:41.527Z
e10-main,INITIALIZATION,01a0575b-a7ae-7a5c-8e45-126ae52bb67e,inventory,ITEM_WAREHOUSE,124,COMMITTED,1000,1000,0,0,0,135.443,0,null,"{""sourcePk"": ""4e7f7d5e-ed64-49af-438d-1b01d66faa01"", ""businessDate"": ""1900-01-01T00:00:00.000000""}",,2026-08-31T10:41:41.918Z
e10-main,INITIALIZATION,01a0575b-a7ae-7a5c-8e45-126ae52bb67e,inventory,ITEM_WAREHOUSE,125,COMMITTED,1000,1000,0,0,0,138.116,0,null,"{""sourcePk"": ""6fc3b378-a1f6-4bb9-dc87-1b1588ff7cbc"", ""businessDate"": ""1900-01-01T00:00:00.000000""}",,2026-08-31T10:41:42.273Z
e10-main,INITIALIZATION,01a0575b-a7ae-7a5c-8e45-126ae52bb67e,inventory,ITEM_WAREHOUSE,126,COMMITTED,1000,1000,0,0,0,135.328,0,null,"{""sourcePk"": ""277df9f8-14a9-4bee-3ea7-1b1a6945c3be"", ""businessDate"": ""1900-01-01T00:00:00.000000""}",,2026-08-31T10:41:42.611Z
e10-main,INITIALIZATION,01a0575b-a7ae-7a5c-8e45-126ae52bb67e,inventory,ITEM_WAREHOUSE,127,COMMITTED,1000,1000,0,0,0,136.826,0,null,"{""sourcePk"": ""be4b5713-275a-4664-5198-1b1fe3e5a2b8"", ""businessDate"": ""1900-01-01T00:00:00.000000""}",,2026-08-31T10:41:42.955Z
e10-main,INITIALIZATION,01a0575b-a7ae-7a5c-8e45-126ae52bb67e,inventory,ITEM_WAREHOUSE,128,COMMITTED,1000,1000,0,0,0,133.493,0,null,"{""sourcePk"": ""fdaee1af-1036-47b7-2997-1b26c8d1fd0e"", ""businessDate"": ""1900-01-01T00:00:00.000000""}",,2026-08-31T10:41:43.289Z
e10-main,INITIALIZATION,01a0575b-a7ae-7a5c-8e45-126ae52bb67e,inventory,ITEM_WAREHOUSE,129,COMMITTED,1000,1000,0,0,0,131.437,0,null,"{""sourcePk"": ""a9b0afe3-bb23-4724-e8bd-1b2c8d46c7cd"", ""businessDate"": ""1900-01-01T00:00:00.000000""}",,2026-08-31T10:41:43.674Z
e10-main,INITIALIZATION,01a0575b-a7ae-7a5c-8e45-126ae52bb67e,inventory,ITEM_WAREHOUSE,130,COMMITTED,1000,1000,0,0,0,136.023,0,null,"{""sourcePk"": ""134336af-a7e3-4f94-7683-1b31e6ac2f8e"", ""businessDate"": ""1900-01-01T00:00:00.000000""}",,2026-08-31T10:41:44.019Z
e10-main,INITIALIZATION,01a0575b-a7ae-7a5c-8e45-126ae52bb67e,inventory,ITEM_WAREHOUSE,131,COMMITTED,1000,1000,0,0,0,132.181,0,null,"{""sourcePk"": ""9348a07a-083d-42c2-3783-1b3524826c16"", ""businessDate"": ""1900-01-01T00:00:00.000000""}",,2026-08-31T10:41:44.362Z
e10-main,INITIALIZATION,01a0575b-a7ae-7a5c-8e45-126ae52bb67e,inventory,ITEM_WAREHOUSE,132,COMMITTED,1000,1000,0,0,0,131.371,0,null,"{""sourcePk"": ""a1af87fe-03dc-47e0-30bf-1b385057f7e1"", ""businessDate"": ""1900-01-01T00:00:00.000000""}",,2026-08-31T10:41:44.749Z
e10-main,INITIALIZATION,01a0575b-a7ae-7a5c-8e45-126ae52bb67e,inventory,ITEM_WAREHOUSE,133,COMMITTED,1000,1000,0,0,0,162.496,0,null,"{""sourcePk"": ""4cf9cfa6-de6c-4250-55af-1b3b5770a462"", ""businessDate"": ""1900-01-01T00:00:00.000000""}",,2026-08-31T10:41:45.122Z
e10-main,INITIALIZATION,01a0575b-a7ae-7a5c-8e45-126ae52bb67e,inventory,ITEM_WAREHOUSE,134,COMMITTED,1000,1000,0,0,0,133.134,0,null,"{""sourcePk"": ""9be11e6f-b315-4713-abad-1b3b66bb1d9a"", ""businessDate"": ""1900-01-01T00:00:00.000000""}",,2026-08-31T10:41:45.474Z
e10-main,INITIALIZATION,01a0575b-a7ae-7a5c-8e45-126ae52bb67e,inventory,ITEM_WAREHOUSE,135,COMMITTED,1000,1000,0,0,0,136.854,0,null,"{""sourcePk"": ""aa0f2f60-1d54-46df-9990-1b3c2513d9e1"", ""businessDate"": ""1900-01-01T00:00:00.000000""}",,2026-08-31T10:41:45.821Z
e10-main,INITIALIZATION,01a0575b-a7ae-7a5c-8e45-126ae52bb67e,inventory,ITEM_WAREHOUSE,136,COMMITTED,1000,1000,0,0,0,131.596,0,null,"{""sourcePk"": ""76ecfdac-a998-48bc-0582-1b3ddd0a2f31"", ""businessDate"": ""1900-01-01T00:00:00.000000""}",,2026-08-31T10:41:46.162Z
e10-main,INITIALIZATION,01a0575b-a7ae-7a5c-8e45-126ae52bb67e,inventory,ITEM_WAREHOUSE,137,COMMITTED,1000,1000,0,0,0,131.870,0,null,"{""sourcePk"": ""9bc43c40-679b-46a4-ae82-1b3f66968a46"", ""businessDate"": ""1900-01-01T00:00:00.000000""}",,2026-08-31T10:41:46.554Z
e10-main,INITIALIZATION,01a0575b-a7ae-7a5c-8e45-126ae52bb67e,inventory,ITEM_WAREHOUSE,138,COMMITTED,1000,1000,0,0,0,132.856,0,null,"{""sourcePk"": ""d7f65616-4e06-4075-07b2-1b41808121a3"", ""businessDate"": ""1900-01-01T00:00:00.000000""}",,2026-08-31T10:41:46.899Z
e10-main,INITIALIZATION,01a0575b-a7ae-7a5c-8e45-126ae52bb67e,inventory,ITEM_WAREHOUSE,139,COMMITTED,1000,1000,0,0,0,134.297,0,null,"{""sourcePk"": ""47555338-0764-45a7-ce8d-1b43082715e6"", ""businessDate"": ""1900-01-01T00:00:00.000000""}",,2026-08-31T10:41:47.252Z
e10-main,INITIALIZATION,01a0575b-a7ae-7a5c-8e45-126ae52bb67e,inventory,ITEM_WAREHOUSE,140,COMMITTED,1000,1000,0,0,0,135.541,0,null,"{""sourcePk"": ""be5ad50e-0f36-4922-60ab-1b4563a24d34"", ""businessDate"": ""1900-01-01T00:00:00.000000""}",,2026-08-31T10:41:47.594Z
e10-main,INITIALIZATION,01a0575b-a7ae-7a5c-8e45-126ae52bb67e,inventory,ITEM_WAREHOUSE,141,COMMITTED,1000,1000,0,0,0,134.585,0,null,"{""sourcePk"": ""c03a1166-3d9a-467a-7a99-1b46f5a2ae6c"", ""businessDate"": ""1900-01-01T00:00:00.000000""}",,2026-08-31T10:41:47.945Z
e10-main,INITIALIZATION,01a0575b-a7ae-7a5c-8e45-126ae52bb67e,inventory,ITEM_WAREHOUSE,142,COMMITTED,1000,1000,0,0,0,132.487,0,null,"{""sourcePk"": ""2cfed2b6-5c62-4aed-c6a5-1b4a46018cc4"", ""businessDate"": ""1900-01-01T00:00:00.000000""}",,2026-08-31T10:41:48.300Z
e10-main,INITIALIZATION,01a0575b-a7ae-7a5c-8e45-126ae52bb67e,inventory,ITEM_WAREHOUSE,143,COMMITTED,1000,1000,0,0,0,137.626,0,null,"{""sourcePk"": ""2592eb00-349e-49c6-b3a3-1b4a5cf1096a"", ""businessDate"": ""1900-01-01T00:00:00.000000""}",,2026-08-31T10:41:48.646Z
e10-main,INITIALIZATION,01a0575b-a7ae-7a5c-8e45-126ae52bb67e,inventory,ITEM_WAREHOUSE,144,COMMITTED,1000,1000,0,0,0,134.185,0,null,"{""sourcePk"": ""ddb6856c-dd3d-432e-d7be-1b4b13e257f5"", ""businessDate"": ""1900-01-01T00:00:00.000000""}",,2026-08-31T10:41:48.981Z
e10-main,INITIALIZATION,01a0575b-a7ae-7a5c-8e45-126ae52bb67e,inventory,ITEM_WAREHOUSE,145,COMMITTED,1000,1000,0,0,0,131.645,0,null,"{""sourcePk"": ""a9a4ddb2-7131-4fa5-0499-1b4bd3cc4ba7"", ""businessDate"": ""1900-01-01T00:00:00.000000""}",,2026-08-31T10:41:49.362Z
e10-main,INITIALIZATION,01a0575b-a7ae-7a5c-8e45-126ae52bb67e,inventory,ITEM_WAREHOUSE,146,COMMITTED,1000,1000,0,0,0,131.445,0,null,"{""sourcePk"": ""f693b32a-ffce-4f30-54b3-1b4ca6873fa1"", ""businessDate"": ""1900-01-01T00:00:00.000000""}",,2026-08-31T10:41:49.704Z
e10-main,INITIALIZATION,01a0575b-a7ae-7a5c-8e45-126ae52bb67e,inventory,ITEM_WAREHOUSE,147,COMMITTED,1000,1000,0,0,0,131.409,0,null,"{""sourcePk"": ""5404da72-c293-4080-24af-1b4d65f7447c"", ""businessDate"": ""1900-01-01T00:00:00.000000""}",,2026-08-31T10:41:50.037Z
e10-main,INITIALIZATION,01a0575b-a7ae-7a5c-8e45-126ae52bb67e,inventory,ITEM_WAREHOUSE,148,COMMITTED,1000,1000,0,0,0,131.334,0,null,"{""sourcePk"": ""8ba31136-5211-4278-bf9d-1b4e46a03e7c"", ""businessDate"": ""1900-01-01T00:00:00.000000""}",,2026-08-31T10:41:50.374Z
e10-main,INITIALIZATION,01a0575b-a7ae-7a5c-8e45-126ae52bb67e,inventory,ITEM_WAREHOUSE,149,COMMITTED,1000,1000,0,0,0,131.609,0,null,"{""sourcePk"": ""53ff2fbb-68c7-4ef9-599b-1b5142104816"", ""businessDate"": ""1900-01-01T00:00:00.000000""}",,2026-08-31T10:41:50.709Z
e10-main,INITIALIZATION,01a0575b-a7ae-7a5c-8e45-126ae52bb67e,inventory,ITEM_WAREHOUSE,150,COMMITTED,1000,1000,0,0,0,130.762,0,null,"{""sourcePk"": ""4054ee4d-e2bb-447d-2e8a-1b5307358c4f"", ""businessDate"": ""1900-01-01T00:00:00.000000""}",,2026-08-31T10:41:51.048Z
e10-main,INITIALIZATION,01a0575b-a7ae-7a5c-8e45-126ae52bb67e,inventory,ITEM_WAREHOUSE,151,COMMITTED,1000,1000,0,0,0,137.873,0,null,"{""sourcePk"": ""a1fac187-8433-4466-55a4-1b5460a5a85f"", ""businessDate"": ""1900-01-01T00:00:00.000000""}",,2026-08-31T10:41:51.388Z
e10-main,INITIALIZATION,01a0575b-a7ae-7a5c-8e45-126ae52bb67e,inventory,ITEM_WAREHOUSE,152,COMMITTED,1000,1000,0,0,0,131.498,0,null,"{""sourcePk"": ""57c818bc-d26c-4821-74b4-1b5623121a66"", ""businessDate"": ""1900-01-01T00:00:00.000000""}",,2026-08-31T10:41:51.729Z
e10-main,INITIALIZATION,01a0575b-a7ae-7a5c-8e45-126ae52bb67e,inventory,ITEM_WAREHOUSE,153,COMMITTED,1000,1000,0,0,0,134.185,0,null,"{""sourcePk"": ""f362353e-8a79-43c5-4b95-1b58628c4c12"", ""businessDate"": ""1900-01-01T00:00:00.000000""}",,2026-08-31T10:41:52.087Z
e10-main,INITIALIZATION,01a0575b-a7ae-7a5c-8e45-126ae52bb67e,inventory,ITEM_WAREHOUSE,154,COMMITTED,1000,1000,0,0,0,132.983,0,null,"{""sourcePk"": ""5da19b84-6ff0-4e6b-83b9-1b5aa5accb1c"", ""businessDate"": ""1900-01-01T00:00:00.000000""}",,2026-08-31T10:41:52.423Z
e10-main,INITIALIZATION,01a0575b-a7ae-7a5c-8e45-126ae52bb67e,inventory,ITEM_WAREHOUSE,155,COMMITTED,1000,1000,0,0,0,132.089,0,null,"{""sourcePk"": ""7b26cf4e-994c-4ca0-77a8-1b5c5631769b"", ""businessDate"": ""1900-01-01T00:00:00.000000""}",,2026-08-31T10:41:52.759Z
e10-main,INITIALIZATION,01a0575b-a7ae-7a5c-8e45-126ae52bb67e,inventory,ITEM_WAREHOUSE,156,COMMITTED,1000,1000,0,0,0,131.866,0,null,"{""sourcePk"": ""112558ea-13e1-49ac-0b9c-1b5e1215088c"", ""businessDate"": ""1900-01-01T00:00:00.000000""}",,2026-08-31T10:41:53.098Z
e10-main,INITIALIZATION,01a0575b-a7ae-7a5c-8e45-126ae52bb67e,inventory,ITEM_WAREHOUSE,157,COMMITTED,1000,1000,0,0,0,132.215,0,null,"{""sourcePk"": ""1ef703eb-b0b4-4f44-8f94-1b5f5921837d"", ""businessDate"": ""1900-01-01T00:00:00.000000""}",,2026-08-31T10:41:53.477Z
e10-main,INITIALIZATION,01a0575b-a7ae-7a5c-8e45-126ae52bb67e,inventory,ITEM_WAREHOUSE,158,COMMITTED,1000,1000,0,0,0,135.329,0,null,"{""sourcePk"": ""68fa418d-9703-46f9-f681-1b61e716fe43"", ""businessDate"": ""1900-01-01T00:00:00.000000""}",,2026-08-31T10:41:53.819Z
e10-main,INITIALIZATION,01a0575b-a7ae-7a5c-8e45-126ae52bb67e,inventory,ITEM_WAREHOUSE,159,COMMITTED,1000,1000,0,0,0,133.431,0,null,"{""sourcePk"": ""6e5c48cf-297f-46e6-79b0-1b639045d6b0"", ""businessDate"": ""1900-01-01T00:00:00.000000""}",,2026-08-31T10:41:54.159Z
e10-main,INITIALIZATION,01a0575b-a7ae-7a5c-8e45-126ae52bb67e,inventory,ITEM_WAREHOUSE,160,COMMITTED,1000,1000,0,0,0,131.224,0,null,"{""sourcePk"": ""b86b6fa5-9e18-4f91-a7a4-1b6833fec876"", ""businessDate"": ""1900-01-01T00:00:00.000000""}",,2026-08-31T10:41:54.497Z
e10-main,INITIALIZATION,01a0575b-a7ae-7a5c-8e45-126ae52bb67e,inventory,ITEM_WAREHOUSE,161,COMMITTED,1000,1000,0,0,0,132.799,0,null,"{""sourcePk"": ""7e54a053-8520-4c1a-96b6-1b6a663c41a1"", ""businessDate"": ""1900-01-01T00:00:00.000000""}",,2026-08-31T10:41:54.831Z
e10-main,INITIALIZATION,01a0575b-a7ae-7a5c-8e45-126ae52bb67e,inventory,ITEM_WAREHOUSE,162,COMMITTED,1000,1000,0,0,0,136.397,0,null,"{""sourcePk"": ""60cc2952-fd5f-4f40-d8ba-1b6db1e41276"", ""businessDate"": ""1900-01-01T00:00:00.000000""}",,2026-08-31T10:41:55.176Z
e10-main,INITIALIZATION,01a0575b-a7ae-7a5c-8e45-126ae52bb67e,inventory,ITEM_WAREHOUSE,163,COMMITTED,1000,1000,0,0,0,135.588,0,null,"{""sourcePk"": ""188c7473-8c77-4f2d-fea7-1b70a7d679e8"", ""businessDate"": ""1900-01-01T00:00:00.000000""}",,2026-08-31T10:41:55.516Z
e10-main,INITIALIZATION,01a0575b-a7ae-7a5c-8e45-126ae52bb67e,inventory,ITEM_WAREHOUSE,164,COMMITTED,1000,1000,0,0,0,135.408,0,null,"{""sourcePk"": ""0177749b-20d2-4a69-c18f-1b733f3dedff"", ""businessDate"": ""1900-01-01T00:00:00.000000""}",,2026-08-31T10:41:55.860Z
e10-main,INITIALIZATION,01a0575b-a7ae-7a5c-8e45-126ae52bb67e,inventory,ITEM_WAREHOUSE,165,COMMITTED,1000,1000,0,0,0,136.846,0,null,"{""sourcePk"": ""e35bff5b-1869-4de1-1d90-1b75a6b14ce1"", ""businessDate"": ""1900-01-01T00:00:00.000000""}",,2026-08-31T10:41:56.196Z
e10-main,INITIALIZATION,01a0575b-a7ae-7a5c-8e45-126ae52bb67e,inventory,ITEM_WAREHOUSE,166,COMMITTED,1000,1000,0,0,0,160.590,0,null,"{""sourcePk"": ""354b7359-f533-4345-53b8-1b77d8a29dd7"", ""businessDate"": ""1900-01-01T00:00:00.000000""}",,2026-08-31T10:41:56.563Z
e10-main,INITIALIZATION,01a0575b-a7ae-7a5c-8e45-126ae52bb67e,inventory,ITEM_WAREHOUSE,167,COMMITTED,1000,1000,0,0,0,131.335,0,null,"{""sourcePk"": ""f8694912-a9b5-48c4-4ebc-1b79481fba7d"", ""businessDate"": ""1900-01-01T00:00:00.000000""}",,2026-08-31T10:41:56.898Z
e10-main,INITIALIZATION,01a0575b-a7ae-7a5c-8e45-126ae52bb67e,inventory,ITEM_WAREHOUSE,168,COMMITTED,1000,1000,0,0,0,130.974,0,null,"{""sourcePk"": ""b3ac4cf7-abf6-4f7b-edb6-1b7ba488af7d"", ""businessDate"": ""1900-01-01T00:00:00.000000""}",,2026-08-31T10:41:57.236Z
e10-main,INITIALIZATION,01a0575b-a7ae-7a5c-8e45-126ae52bb67e,inventory,ITEM_WAREHOUSE,169,COMMITTED,1000,1000,0,0,0,136.019,0,null,"{""sourcePk"": ""626ce873-70a5-4a36-4f88-1b7f876d9dff"", ""businessDate"": ""1900-01-01T00:00:00.000000""}",,2026-08-31T10:41:57.620Z
e10-main,INITIALIZATION,01a0575b-a7ae-7a5c-8e45-126ae52bb67e,inventory,ITEM_WAREHOUSE,170,COMMITTED,1000,1000,0,0,0,130.607,0,null,"{""sourcePk"": ""c891494b-1506-46f1-2f8b-1b83a72d0eb6"", ""businessDate"": ""1900-01-01T00:00:00.000000""}",,2026-08-31T10:41:57.955Z
e10-main,INITIALIZATION,01a0575b-a7ae-7a5c-8e45-126ae52bb67e,inventory,ITEM_WAREHOUSE,171,COMMITTED,1000,1000,0,0,0,134.555,0,null,"{""sourcePk"": ""4f8a60a9-59de-43ac-6584-1b8601cfaf82"", ""businessDate"": ""1900-01-01T00:00:00.000000""}",,2026-08-31T10:41:58.295Z
e10-main,INITIALIZATION,01a0575b-a7ae-7a5c-8e45-126ae52bb67e,inventory,ITEM_WAREHOUSE,172,COMMITTED,1000,1000,0,0,0,135.011,0,null,"{""sourcePk"": ""c552e42c-1df3-4beb-4caf-1b8942f7f1b7"", ""businessDate"": ""1900-01-01T00:00:00.000000""}",,2026-08-31T10:41:58.636Z
e10-main,INITIALIZATION,01a0575b-a7ae-7a5c-8e45-126ae52bb67e,inventory,ITEM_WAREHOUSE,173,COMMITTED,1000,1000,0,0,0,132.406,0,null,"{""sourcePk"": ""2922a183-219b-4cf5-4f81-1b8db2f33e15"", ""businessDate"": ""1900-01-01T00:00:00.000000""}",,2026-08-31T10:41:58.976Z
e10-main,INITIALIZATION,01a0575b-a7ae-7a5c-8e45-126ae52bb67e,inventory,ITEM_WAREHOUSE,174,COMMITTED,1000,1000,0,0,0,130.999,0,null,"{""sourcePk"": ""3a0110d8-7938-4f88-62bf-1b8f98b5453e"", ""businessDate"": ""1900-01-01T00:00:00.000000""}",,2026-08-31T10:41:59.313Z
e10-main,INITIALIZATION,01a0575b-a7ae-7a5c-8e45-126ae52bb67e,inventory,ITEM_WAREHOUSE,175,COMMITTED,1000,1000,0,0,0,132.297,0,null,"{""sourcePk"": ""1e02b549-bc4d-445d-0f81-1b8fa57e3b17"", ""businessDate"": ""1900-01-01T00:00:00.000000""}",,2026-08-31T10:41:59.657Z
e10-main,INITIALIZATION,01a0575b-a7ae-7a5c-8e45-126ae52bb67e,inventory,ITEM_WAREHOUSE,176,COMMITTED,1000,1000,0,0,0,132.123,0,null,"{""sourcePk"": ""e8ca0827-cb85-4bcc-ce83-1b92778f747c"", ""businessDate"": ""1900-01-01T00:00:00.000000""}",,2026-08-31T10:41:59.991Z
e10-main,INITIALIZATION,01a0575b-a7ae-7a5c-8e45-126ae52bb67e,inventory,ITEM_WAREHOUSE,177,COMMITTED,1000,1000,0,0,0,131.150,0,null,"{""sourcePk"": ""fbb54499-81e8-4235-c28b-1b9361c720c6"", ""businessDate"": ""1900-01-01T00:00:00.000000""}",,2026-08-31T10:42:00.327Z
e10-main,INITIALIZATION,01a0575b-a7ae-7a5c-8e45-126ae52bb67e,inventory,ITEM_WAREHOUSE,178,COMMITTED,1000,1000,0,0,0,131.333,0,null,"{""sourcePk"": ""54192ecb-ca96-4548-73bc-1b940368f83b"", ""businessDate"": ""1900-01-01T00:00:00.000000""}",,2026-08-31T10:42:00.664Z
e10-main,INITIALIZATION,01a0575b-a7ae-7a5c-8e45-126ae52bb67e,inventory,ITEM_WAREHOUSE,179,COMMITTED,1000,1000,0,0,0,130.643,0,null,"{""sourcePk"": ""ff71043d-7ede-45df-f78e-1b958e4f003a"", ""businessDate"": ""1900-01-01T00:00:00.000000""}",,2026-08-31T10:42:01.001Z
e10-main,INITIALIZATION,01a0575b-a7ae-7a5c-8e45-126ae52bb67e,inventory,ITEM_WAREHOUSE,180,COMMITTED,1000,1000,0,0,0,132.763,0,null,"{""sourcePk"": ""e8e54ddb-15cc-498d-86a8-1b9744887978"", ""businessDate"": ""1900-01-01T00:00:00.000000""}",,2026-08-31T10:42:01.340Z
e10-main,INITIALIZATION,01a0575b-a7ae-7a5c-8e45-126ae52bb67e,inventory,ITEM_WAREHOUSE,181,COMMITTED,1000,1000,0,0,0,137.781,0,null,"{""sourcePk"": ""0d1a4e1a-480a-417d-bfb5-1b9b0c1564e8"", ""businessDate"": ""1900-01-01T00:00:00.000000""}",,2026-08-31T10:42:01.722Z
e10-main,INITIALIZATION,01a0575b-a7ae-7a5c-8e45-126ae52bb67e,inventory,ITEM_WAREHOUSE,182,COMMITTED,1000,1000,0,0,0,133.090,0,null,"{""sourcePk"": ""af53c9cd-ca9c-446f-b997-1b9ef048d048"", ""businessDate"": ""1900-01-01T00:00:00.000000""}",,2026-08-31T10:42:02.061Z
e10-main,INITIALIZATION,01a0575b-a7ae-7a5c-8e45-126ae52bb67e,inventory,ITEM_WAREHOUSE,183,COMMITTED,1000,1000,0,0,0,131.150,0,null,"{""sourcePk"": ""d682e617-0560-4c8b-ccaa-1ba0b82001f4"", ""businessDate"": ""1900-01-01T00:00:00.000000""}",,2026-08-31T10:42:02.399Z
e10-main,INITIALIZATION,01a0575b-a7ae-7a5c-8e45-126ae52bb67e,inventory,ITEM_WAREHOUSE,184,COMMITTED,1000,1000,0,0,0,137.879,0,null,"{""sourcePk"": ""34b5fd2e-a7e5-4ea2-7bbe-1ba0e7ff1af7"", ""businessDate"": ""1900-01-01T00:00:00.000000""}",,2026-08-31T10:42:02.740Z
e10-main,INITIALIZATION,01a0575b-a7ae-7a5c-8e45-126ae52bb67e,inventory,ITEM_WAREHOUSE,185,COMMITTED,1000,1000,0,0,0,135.808,0,null,"{""sourcePk"": ""76cfd3f2-e763-4c2a-c48a-1ba2e257c159"", ""businessDate"": ""1900-01-01T00:00:00.000000""}",,2026-08-31T10:42:03.071Z
e10-main,INITIALIZATION,01a0575b-a7ae-7a5c-8e45-126ae52bb67e,inventory,ITEM_WAREHOUSE,186,COMMITTED,1000,1000,0,0,0,133.097,0,null,"{""sourcePk"": ""afc6e1ab-1cd6-4c31-3185-1ba57745b1da"", ""businessDate"": ""1900-01-01T00:00:00.000000""}",,2026-08-31T10:42:03.411Z
e10-main,INITIALIZATION,01a0575b-a7ae-7a5c-8e45-126ae52bb67e,inventory,ITEM_WAREHOUSE,187,COMMITTED,1000,1000,0,0,0,132.714,0,null,"{""sourcePk"": ""c3a35230-0bf4-4a57-8fa6-1ba7c2cf6568"", ""businessDate"": ""1900-01-01T00:00:00.000000""}",,2026-08-31T10:42:03.769Z
e10-main,INITIALIZATION,01a0575b-a7ae-7a5c-8e45-126ae52bb67e,inventory,ITEM_WAREHOUSE,188,COMMITTED,1000,1000,0,0,0,134.874,0,null,"{""sourcePk"": ""001a9ad0-acdd-40ce-bdbc-1baa2e8cea58"", ""businessDate"": ""1900-01-01T00:00:00.000000""}",,2026-08-31T10:42:04.123Z
e10-main,INITIALIZATION,01a0575b-a7ae-7a5c-8e45-126ae52bb67e,inventory,ITEM_WAREHOUSE,189,COMMITTED,1000,1000,0,0,0,130.721,0,null,"{""sourcePk"": ""70ae9e14-74cd-4ebc-2bbc-1bac5aeeb061"", ""businessDate"": ""1900-01-01T00:00:00.000000""}",,2026-08-31T10:42:04.459Z
e10-main,INITIALIZATION,01a0575b-a7ae-7a5c-8e45-126ae52bb67e,inventory,ITEM_WAREHOUSE,190,COMMITTED,1000,1000,0,0,0,136.719,0,null,"{""sourcePk"": ""e187e20f-559b-496d-8abd-1bad46c0e8ab"", ""businessDate"": ""1900-01-01T00:00:00.000000""}",,2026-08-31T10:42:04.808Z
e10-main,INITIALIZATION,01a0575b-a7ae-7a5c-8e45-126ae52bb67e,inventory,ITEM_WAREHOUSE,191,COMMITTED,1000,1000,0,0,0,134.314,0,null,"{""sourcePk"": ""74f64729-bcbe-4636-37bd-1baf9c1258d6"", ""businessDate"": ""1900-01-01T00:00:00.000000""}",,2026-08-31T10:42:05.141Z
e10-main,INITIALIZATION,01a0575b-a7ae-7a5c-8e45-126ae52bb67e,inventory,ITEM_WAREHOUSE,192,COMMITTED,1000,1000,0,0,0,132.267,0,null,"{""sourcePk"": ""38a0968c-524f-4336-5cb5-1bb204a4daae"", ""businessDate"": ""1900-01-01T00:00:00.000000""}",,2026-08-31T10:42:05.476Z
e10-main,INITIALIZATION,01a0575b-a7ae-7a5c-8e45-126ae52bb67e,inventory,ITEM_WAREHOUSE,193,COMMITTED,1000,1000,0,0,0,135.252,0,null,"{""sourcePk"": ""0dd18868-9a3a-4c14-eea5-1bb2c70ab099"", ""businessDate"": ""1900-01-01T00:00:00.000000""}",,2026-08-31T10:42:05.812Z
e10-main,INITIALIZATION,01a0575b-a7ae-7a5c-8e45-126ae52bb67e,inventory,ITEM_WAREHOUSE,194,COMMITTED,1000,1000,0,0,0,131.157,0,null,"{""sourcePk"": ""acb18e56-ba44-4d31-77b9-1bb2dd969c05"", ""businessDate"": ""1900-01-01T00:00:00.000000""}",,2026-08-31T10:42:06.153Z
e10-main,INITIALIZATION,01a0575b-a7ae-7a5c-8e45-126ae52bb67e,inventory,ITEM_WAREHOUSE,195,COMMITTED,1000,1000,0,0,0,136.058,0,null,"{""sourcePk"": ""5859eefd-7a31-4d6e-2eb5-1bb53782ec94"", ""businessDate"": ""1900-01-01T00:00:00.000000""}",,2026-08-31T10:42:06.495Z
e10-main,INITIALIZATION,01a0575b-a7ae-7a5c-8e45-126ae52bb67e,inventory,ITEM_WAREHOUSE,196,COMMITTED,1000,1000,0,0,0,134.291,0,null,"{""sourcePk"": ""08775afa-91ed-4e97-9ba3-1bb790f5b459"", ""businessDate"": ""1900-01-01T00:00:00.000000""}",,2026-08-31T10:42:06.836Z
e10-main,INITIALIZATION,01a0575b-a7ae-7a5c-8e45-126ae52bb67e,inventory,ITEM_WAREHOUSE,197,COMMITTED,1000,1000,0,0,0,136.582,0,null,"{""sourcePk"": ""dc06f5cd-1f5c-4e31-9da1-1bb9fdd1c751"", ""businessDate"": ""1900-01-01T00:00:00.000000""}",,2026-08-31T10:42:07.178Z
e10-main,INITIALIZATION,01a0575b-a7ae-7a5c-8e45-126ae52bb67e,inventory,ITEM_WAREHOUSE,198,COMMITTED,1000,1000,0,0,0,132.781,0,null,"{""sourcePk"": ""f70cdeb5-04c5-48ae-4685-1bbc5577189b"", ""businessDate"": ""1900-01-01T00:00:00.000000""}",,2026-08-31T10:42:07.517Z
e10-main,INITIALIZATION,01a0575b-a7ae-7a5c-8e45-126ae52bb67e,inventory,ITEM_WAREHOUSE,199,COMMITTED,1000,1000,0,0,0,158.746,0,null,"{""sourcePk"": ""ef661522-e722-4031-97ad-1bbf38d6773e"", ""businessDate"": ""1900-01-01T00:00:00.000000""}",,2026-08-31T10:42:07.885Z
e10-main,INITIALIZATION,01a0575b-a7ae-7a5c-8e45-126ae52bb67e,inventory,ITEM_WAREHOUSE,200,COMMITTED,1000,1000,0,0,0,132.438,0,null,"{""sourcePk"": ""4b6e6f6f-b28d-4f66-cfbc-1bbf722d4796"", ""businessDate"": ""1900-01-01T00:00:00.000000""}",,2026-08-31T10:42:08.221Z
e10-main,INITIALIZATION,01a0575b-a7ae-7a5c-8e45-126ae52bb67e,inventory,ITEM_WAREHOUSE,201,COMMITTED,1000,1000,0,0,0,134.260,0,null,"{""sourcePk"": ""5bb99041-851e-435d-73ac-1bc4c3def44c"", ""businessDate"": ""1900-01-01T00:00:00.000000""}",,2026-08-31T10:42:08.565Z
e10-main,INITIALIZATION,01a0575b-a7ae-7a5c-8e45-126ae52bb67e,inventory,ITEM_WAREHOUSE,202,COMMITTED,1000,1000,0,0,0,133.378,0,null,"{""sourcePk"": ""85341606-73e2-46f6-eba2-1bc5a26dda27"", ""businessDate"": ""1900-01-01T00:00:00.000000""}",,2026-08-31T10:42:08.902Z
e10-main,INITIALIZATION,01a0575b-a7ae-7a5c-8e45-126ae52bb67e,inventory,ITEM_WAREHOUSE,203,COMMITTED,1000,1000,0,0,0,132.740,0,null,"{""sourcePk"": ""5ff2cfb7-8de3-4b6e-0084-1bc80729d632"", ""businessDate"": ""1900-01-01T00:00:00.000000""}",,2026-08-31T10:42:09.237Z
e10-main,INITIALIZATION,01a0575b-a7ae-7a5c-8e45-126ae52bb67e,inventory,ITEM_WAREHOUSE,204,COMMITTED,1000,1000,0,0,0,131.480,0,null,"{""sourcePk"": ""bdd8478d-16e1-429b-a788-1bca6d903a28"", ""businessDate"": ""1900-01-01T00:00:00.000000""}",,2026-08-31T10:42:09.573Z
e10-main,INITIALIZATION,01a0575b-a7ae-7a5c-8e45-126ae52bb67e,inventory,ITEM_WAREHOUSE,205,COMMITTED,1000,1000,0,0,0,132.642,0,null,"{""sourcePk"": ""baa9343e-c1b1-41f2-56b0-1bcc8043869a"", ""businessDate"": ""1900-01-01T00:00:00.000000""}",,2026-08-31T10:42:09.920Z
e10-main,INITIALIZATION,01a0575b-a7ae-7a5c-8e45-126ae52bb67e,inventory,ITEM_WAREHOUSE,206,COMMITTED,1000,1000,0,0,0,135.238,0,null,"{""sourcePk"": ""67285d27-a2b7-42ac-3792-1bce1bbd8566"", ""businessDate"": ""1900-01-01T00:00:00.000000""}",,2026-08-31T10:42:10.256Z
e10-main,INITIALIZATION,01a0575b-a7ae-7a5c-8e45-126ae52bb67e,inventory,ITEM_WAREHOUSE,207,COMMITTED,1000,1000,0,0,0,132.029,0,null,"{""sourcePk"": ""b15f0724-b46f-4f31-1689-1bd08cdb21fb"", ""businessDate"": ""1900-01-01T00:00:00.000000""}",,2026-08-31T10:42:10.597Z
e10-main,INITIALIZATION,01a0575b-a7ae-7a5c-8e45-126ae52bb67e,inventory,ITEM_WAREHOUSE,208,COMMITTED,1000,1000,0,0,0,132.207,0,null,"{""sourcePk"": ""c13a970b-e4d0-4f6e-c4ba-1bd2c89fc156"", ""businessDate"": ""1900-01-01T00:00:00.000000""}",,2026-08-31T10:42:10.921Z
e10-main,INITIALIZATION,01a0575b-a7ae-7a5c-8e45-126ae52bb67e,inventory,ITEM_WAREHOUSE,209,COMMITTED,1000,1000,0,0,0,133.191,0,null,"{""sourcePk"": ""edd25eae-9e09-4a51-e098-1bd60e2f2acf"", ""businessDate"": ""1900-01-01T00:00:00.000000""}",,2026-08-31T10:42:11.258Z
e10-main,INITIALIZATION,01a0575b-a7ae-7a5c-8e45-126ae52bb67e,inventory,ITEM_WAREHOUSE,210,COMMITTED,1000,1000,0,0,0,132.247,0,null,"{""sourcePk"": ""39820f04-8dc0-4ccf-8885-1bd91b26ed46"", ""businessDate"": ""1900-01-01T00:00:00.000000""}",,2026-08-31T10:42:11.590Z
e10-main,INITIALIZATION,01a0575b-a7ae-7a5c-8e45-126ae52bb67e,inventory,ITEM_WAREHOUSE,211,COMMITTED,1000,1000,0,0,0,136.257,0,null,"{""sourcePk"": ""90ea73e6-9c7c-4029-8989-1bdbc1b48162"", ""businessDate"": ""1900-01-01T00:00:00.000000""}",,2026-08-31T10:42:11.891Z
e10-main,INITIALIZATION,01a0575b-a7ae-7a5c-8e45-126ae52bb67e,inventory,ITEM_WAREHOUSE,212,COMMITTED,1000,1000,0,0,0,130.410,0,null,"{""sourcePk"": ""04628486-4aa1-4054-6c82-1bdbce636dea"", ""businessDate"": ""1900-01-01T00:00:00.000000""}",,2026-08-31T10:42:12.189Z
e10-main,INITIALIZATION,01a0575b-a7ae-7a5c-8e45-126ae52bb67e,inventory,ITEM_WAREHOUSE,213,COMMITTED,1000,1000,0,0,0,129.728,0,null,"{""sourcePk"": ""9a30a01f-124e-4b75-71a1-1bdedb53f5e8"", ""businessDate"": ""1900-01-01T00:00:00.000000""}",,2026-08-31T10:42:12.481Z
e10-main,INITIALIZATION,01a0575b-a7ae-7a5c-8e45-126ae52bb67e,inventory,ITEM_WAREHOUSE,214,COMMITTED,1000,1000,0,0,0,131.861,0,null,"{""sourcePk"": ""6264008f-8310-45ab-339d-1be287d2aae2"", ""businessDate"": ""1900-01-01T00:00:00.000000""}",,2026-08-31T10:42:12.777Z
e10-main,INITIALIZATION,01a0575b-a7ae-7a5c-8e45-126ae52bb67e,inventory,ITEM_WAREHOUSE,215,COMMITTED,1000,1000,0,0,0,130.894,0,null,"{""sourcePk"": ""92a3f9a7-c86e-4580-d495-1be675b4a655"", ""businessDate"": ""1900-01-01T00:00:00.000000""}",,2026-08-31T10:42:13.071Z
e10-main,INITIALIZATION,01a0575b-a7ae-7a5c-8e45-126ae52bb67e,inventory,ITEM_WAREHOUSE,216,COMMITTED,1000,1000,0,0,0,136.369,0,null,"{""sourcePk"": ""8c438b33-6495-4234-6cb4-1be9025caeb2"", ""businessDate"": ""1900-01-01T00:00:00.000000""}",,2026-08-31T10:42:13.380Z
e10-main,INITIALIZATION,01a0575b-a7ae-7a5c-8e45-126ae52bb67e,inventory,ITEM_WAREHOUSE,217,COMMITTED,1000,1000,0,0,0,133.827,0,null,"{""sourcePk"": ""c856734b-1910-4d4b-588c-1beb3b2b2272"", ""businessDate"": ""1900-01-01T00:00:00.000000""}",,2026-08-31T10:42:13.714Z
e10-main,INITIALIZATION,01a0575b-a7ae-7a5c-8e45-126ae52bb67e,inventory,ITEM_WAREHOUSE,218,COMMITTED,1000,1000,0,0,0,136.293,0,null,"{""sourcePk"": ""660b81b3-cf70-44d7-53a6-1bedb713da12"", ""businessDate"": ""1900-01-01T00:00:00.000000""}",,2026-08-31T10:42:14.052Z
e10-main,INITIALIZATION,01a0575b-a7ae-7a5c-8e45-126ae52bb67e,inventory,ITEM_WAREHOUSE,219,COMMITTED,1000,1000,0,0,0,133.639,0,null,"{""sourcePk"": ""6f6425a7-d1cd-47ce-27b5-1bef59fc174f"", ""businessDate"": ""1900-01-01T00:00:00.000000""}",,2026-08-31T10:42:14.394Z
e10-main,INITIALIZATION,01a0575b-a7ae-7a5c-8e45-126ae52bb67e,inventory,ITEM_WAREHOUSE,220,COMMITTED,1000,1000,0,0,0,131.889,0,null,"{""sourcePk"": ""d9bce215-1bf7-43b4-4997-1bf1a4ddb15d"", ""businessDate"": ""1900-01-01T00:00:00.000000""}",,2026-08-31T10:42:14.734Z
e10-main,INITIALIZATION,01a0575b-a7ae-7a5c-8e45-126ae52bb67e,inventory,ITEM_WAREHOUSE,221,COMMITTED,1000,1000,0,0,0,134.996,0,null,"{""sourcePk"": ""0ad13073-e06f-40ae-95bf-1bf1cdb11001"", ""businessDate"": ""1900-01-01T00:00:00.000000""}",,2026-08-31T10:42:15.075Z
e10-main,INITIALIZATION,01a0575b-a7ae-7a5c-8e45-126ae52bb67e,inventory,ITEM_WAREHOUSE,222,COMMITTED,1000,1000,0,0,0,133.557,0,null,"{""sourcePk"": ""32571098-21b4-4542-28a8-1bf361d41257"", ""businessDate"": ""1900-01-01T00:00:00.000000""}",,2026-08-31T10:42:15.414Z
e10-main,INITIALIZATION,01a0575b-a7ae-7a5c-8e45-126ae52bb67e,inventory,ITEM_WAREHOUSE,223,COMMITTED,1000,1000,0,0,0,132.806,0,null,"{""sourcePk"": ""2937688e-cfeb-4fe7-8792-1bf4de23678d"", ""businessDate"": ""1900-01-01T00:00:00.000000""}",,2026-08-31T10:42:15.755Z
e10-main,INITIALIZATION,01a0575b-a7ae-7a5c-8e45-126ae52bb67e,inventory,ITEM_WAREHOUSE,224,COMMITTED,1000,1000,0,0,0,135.051,0,null,"{""sourcePk"": ""03721f00-2f79-4121-26bb-1bf5a95d7fae"", ""businessDate"": ""1900-01-01T00:00:00.000000""}",,2026-08-31T10:42:16.055Z
e10-main,INITIALIZATION,01a0575b-a7ae-7a5c-8e45-126ae52bb67e,inventory,ITEM_WAREHOUSE,225,COMMITTED,1000,1000,0,0,0,133.820,0,null,"{""sourcePk"": ""39733303-6bd7-49df-4486-1bf67d0e26c7"", ""businessDate"": ""1900-01-01T00:00:00.000000""}",,2026-08-31T10:42:16.350Z
e10-main,INITIALIZATION,01a0575b-a7ae-7a5c-8e45-126ae52bb67e,inventory,ITEM_WAREHOUSE,226,COMMITTED,1000,1000,0,0,0,135.764,0,null,"{""sourcePk"": ""cd0dac51-d876-4d59-14bd-1bf709a17605"", ""businessDate"": ""1900-01-01T00:00:00.000000""}",,2026-08-31T10:42:16.646Z
e10-main,INITIALIZATION,01a0575b-a7ae-7a5c-8e45-126ae52bb67e,inventory,ITEM_WAREHOUSE,227,COMMITTED,1000,1000,0,0,0,134.832,0,null,"{""sourcePk"": ""85491f3e-df8d-475e-e1b3-1bf7377e5303"", ""businessDate"": ""1900-01-01T00:00:00.000000""}",,2026-08-31T10:42:16.942Z
e10-main,INITIALIZATION,01a0575b-a7ae-7a5c-8e45-126ae52bb67e,inventory,ITEM_WAREHOUSE,228,COMMITTED,1000,1000,0,0,0,138.036,0,null,"{""sourcePk"": ""7c1462f1-4a0a-4aac-3abd-1bf7eebce70b"", ""businessDate"": ""1900-01-01T00:00:00.000000""}",,2026-08-31T10:42:17.242Z
e10-main,INITIALIZATION,01a0575b-a7ae-7a5c-8e45-126ae52bb67e,inventory,ITEM_WAREHOUSE,229,COMMITTED,1000,1000,0,0,0,135.739,0,null,"{""sourcePk"": ""cead5e8c-e40a-4747-efbb-1bf818ff9d33"", ""businessDate"": ""1900-01-01T00:00:00.000000""}",,2026-08-31T10:42:17.542Z
e10-main,INITIALIZATION,01a0575b-a7ae-7a5c-8e45-126ae52bb67e,inventory,ITEM_WAREHOUSE,230,COMMITTED,1000,1000,0,0,0,130.351,0,null,"{""sourcePk"": ""c4903700-70ab-4fe6-539f-1bfa7ce59602"", ""businessDate"": ""1900-01-01T00:00:00.000000""}",,2026-08-31T10:42:17.845Z
e10-main,INITIALIZATION,01a0575b-a7ae-7a5c-8e45-126ae52bb67e,inventory,ITEM_WAREHOUSE,231,COMMITTED,1000,1000,0,0,0,135.613,0,null,"{""sourcePk"": ""76e6531f-4b11-466a-4eb0-1bfd9ab7aec7"", ""businessDate"": ""1900-01-01T00:00:00.000000""}",,2026-08-31T10:42:18.163Z
e10-main,INITIALIZATION,01a0575b-a7ae-7a5c-8e45-126ae52bb67e,inventory,ITEM_WAREHOUSE,232,COMMITTED,1000,1000,0,0,0,155.562,0,null,"{""sourcePk"": ""79536aa6-845f-4874-b2ac-1bff15968da5"", ""businessDate"": ""1900-01-01T00:00:00.000000""}",,2026-08-31T10:42:18.493Z
e10-main,INITIALIZATION,01a0575b-a7ae-7a5c-8e45-126ae52bb67e,inventory,ITEM_WAREHOUSE,233,COMMITTED,1000,1000,0,0,0,136.609,0,null,"{""sourcePk"": ""f039fe54-2ddc-436f-81bd-1c00b9e794eb"", ""businessDate"": ""1900-01-01T00:00:00.000000""}",,2026-08-31T10:42:18.801Z
e10-main,INITIALIZATION,01a0575b-a7ae-7a5c-8e45-126ae52bb67e,inventory,ITEM_WAREHOUSE,234,COMMITTED,1000,1000,0,0,0,135.135,0,null,"{""sourcePk"": ""eb4bb0b4-1e8f-40e2-b8a7-1c02c7d06bf8"", ""businessDate"": ""1900-01-01T00:00:00.000000""}",,2026-08-31T10:42:19.100Z
e10-main,INITIALIZATION,01a0575b-a7ae-7a5c-8e45-126ae52bb67e,inventory,ITEM_WAREHOUSE,235,COMMITTED,1000,1000,0,0,0,136.625,0,null,"{""sourcePk"": ""f5c3c9d4-a6b5-4f2f-dda8-1c04b3afde04"", ""businessDate"": ""1900-01-01T00:00:00.000000""}",,2026-08-31T10:42:19.410Z
e10-main,INITIALIZATION,01a0575b-a7ae-7a5c-8e45-126ae52bb67e,inventory,ITEM_WAREHOUSE,236,COMMITTED,1000,1000,0,0,0,134.584,0,null,"{""sourcePk"": ""513bdcba-70c8-462f-f9b1-1c0719a3690b"", ""businessDate"": ""1900-01-01T00:00:00.000000""}",,2026-08-31T10:42:19.714Z
e10-main,INITIALIZATION,01a0575b-a7ae-7a5c-8e45-126ae52bb67e,inventory,ITEM_WAREHOUSE,237,COMMITTED,1000,1000,0,0,0,130.153,0,null,"{""sourcePk"": ""680aefef-9efe-477f-c78b-1c096c9834e1"", ""businessDate"": ""1900-01-01T00:00:00.000000""}",,2026-08-31T10:42:20.012Z
e10-main,INITIALIZATION,01a0575b-a7ae-7a5c-8e45-126ae52bb67e,inventory,ITEM_WAREHOUSE,238,COMMITTED,1000,1000,0,0,0,138.088,0,null,"{""sourcePk"": ""596f12d7-7615-48ed-79a3-1c0acc39a6d7"", ""businessDate"": ""1900-01-01T00:00:00.000000""}",,2026-08-31T10:42:20.315Z
e10-main,INITIALIZATION,01a0575b-a7ae-7a5c-8e45-126ae52bb67e,inventory,ITEM_WAREHOUSE,239,COMMITTED,1000,1000,0,0,0,134.387,0,null,"{""sourcePk"": ""d2415411-3354-4a74-198e-1c0c2faa75a7"", ""businessDate"": ""1900-01-01T00:00:00.000000""}",,2026-08-31T10:42:20.623Z
e10-main,INITIALIZATION,01a0575b-a7ae-7a5c-8e45-126ae52bb67e,inventory,ITEM_WAREHOUSE,240,COMMITTED,1000,1000,0,0,0,132.671,0,null,"{""sourcePk"": ""2d38427a-84c1-4c45-37a2-1c0eb3525711"", ""businessDate"": ""1900-01-01T00:00:00.000000""}",,2026-08-31T10:42:20.962Z
e10-main,INITIALIZATION,01a0575b-a7ae-7a5c-8e45-126ae52bb67e,inventory,ITEM_WAREHOUSE,241,COMMITTED,1000,1000,0,0,0,136.126,0,null,"{""sourcePk"": ""6de0a2fd-d53a-4dbe-f9b0-1c1211b5eb3f"", ""businessDate"": ""1900-01-01T00:00:00.000000""}",,2026-08-31T10:42:21.305Z
e10-main,INITIALIZATION,01a0575b-a7ae-7a5c-8e45-126ae52bb67e,inventory,ITEM_WAREHOUSE,242,COMMITTED,1000,1000,0,0,0,131.729,0,null,"{""sourcePk"": ""a2942a21-d909-4856-6dae-1c140eba5dc6"", ""businessDate"": ""1900-01-01T00:00:00.000000""}",,2026-08-31T10:42:21.645Z
e10-main,INITIALIZATION,01a0575b-a7ae-7a5c-8e45-126ae52bb67e,inventory,ITEM_WAREHOUSE,243,COMMITTED,1000,1000,0,0,0,134.512,0,null,"{""sourcePk"": ""f8c4c8fb-c857-406d-0f84-1c172779a892"", ""businessDate"": ""1900-01-01T00:00:00.000000""}",,2026-08-31T10:42:21.981Z
e10-main,INITIALIZATION,01a0575b-a7ae-7a5c-8e45-126ae52bb67e,inventory,ITEM_WAREHOUSE,244,COMMITTED,1000,1000,0,0,0,136.102,0,null,"{""sourcePk"": ""4b4871ec-66af-4625-a5a5-1c1903cf3e4b"", ""businessDate"": ""1900-01-01T00:00:00.000000""}",,2026-08-31T10:42:22.320Z
e10-main,INITIALIZATION,01a0575b-a7ae-7a5c-8e45-126ae52bb67e,inventory,ITEM_WAREHOUSE,245,COMMITTED,1000,1000,0,0,0,131.766,0,null,"{""sourcePk"": ""df08dde0-a098-4232-4da6-1c25854c8f0e"", ""businessDate"": ""1900-01-01T00:00:00.000000""}",,2026-08-31T10:42:22.656Z
e10-main,INITIALIZATION,01a0575b-a7ae-7a5c-8e45-126ae52bb67e,inventory,ITEM_WAREHOUSE,246,COMMITTED,1000,1000,0,0,0,132.680,0,null,"{""sourcePk"": ""8616b0d3-d5aa-4a14-93b3-1c2803c90945"", ""businessDate"": ""1900-01-01T00:00:00.000000""}",,2026-08-31T10:42:22.995Z
e10-main,INITIALIZATION,01a0575b-a7ae-7a5c-8e45-126ae52bb67e,inventory,ITEM_WAREHOUSE,247,COMMITTED,1000,1000,0,0,0,135.854,0,null,"{""sourcePk"": ""d67c3e10-52a1-42ca-f58a-1c28a4f169f2"", ""businessDate"": ""1900-01-01T00:00:00.000000""}",,2026-08-31T10:42:23.331Z
e10-main,INITIALIZATION,01a0575b-a7ae-7a5c-8e45-126ae52bb67e,inventory,ITEM_WAREHOUSE,248,COMMITTED,1000,1000,0,0,0,133.560,0,null,"{""sourcePk"": ""80ff1dbe-dbc6-4eec-31ac-1c28ae07fe4d"", ""businessDate"": ""1900-01-01T00:00:00.000000""}",,2026-08-31T10:42:23.674Z
e10-main,INITIALIZATION,01a0575b-a7ae-7a5c-8e45-126ae52bb67e,inventory,ITEM_WAREHOUSE,249,COMMITTED,1000,1000,0,0,0,131.465,0,null,"{""sourcePk"": ""95403c39-9685-476d-2f8b-1c28bd9e40aa"", ""businessDate"": ""1900-01-01T00:00:00.000000""}",,2026-08-31T10:42:24.012Z
e10-main,INITIALIZATION,01a0575b-a7ae-7a5c-8e45-126ae52bb67e,inventory,ITEM_WAREHOUSE,250,COMMITTED,1000,1000,0,0,0,136.996,0,null,"{""sourcePk"": ""49f3ce19-254e-4a33-a6a0-1c2c8e8e094a"", ""businessDate"": ""1900-01-01T00:00:00.000000""}",,2026-08-31T10:42:24.364Z
e10-main,INITIALIZATION,01a0575b-a7ae-7a5c-8e45-126ae52bb67e,inventory,ITEM_WAREHOUSE,251,COMMITTED,1000,1000,0,0,0,131.558,0,null,"{""sourcePk"": ""ea82a774-20ad-49be-47a7-1c3054a5c1d4"", ""businessDate"": ""1900-01-01T00:00:00.000000""}",,2026-08-31T10:42:24.704Z
e10-main,INITIALIZATION,01a0575b-a7ae-7a5c-8e45-126ae52bb67e,inventory,ITEM_WAREHOUSE,252,COMMITTED,1000,1000,0,0,0,131.967,0,null,"{""sourcePk"": ""1e68fb9e-a954-40e4-9fad-1c32b54101ec"", ""businessDate"": ""1900-01-01T00:00:00.000000""}",,2026-08-31T10:42:25.043Z
e10-main,INITIALIZATION,01a0575b-a7ae-7a5c-8e45-126ae52bb67e,inventory,ITEM_WAREHOUSE,253,COMMITTED,1000,1000,0,0,0,131.643,0,null,"{""sourcePk"": ""33330370-4da0-4194-959d-1c348f21c16f"", ""businessDate"": ""1900-01-01T00:00:00.000000""}",,2026-08-31T10:42:25.380Z
e10-main,INITIALIZATION,01a0575b-a7ae-7a5c-8e45-126ae52bb67e,inventory,ITEM_WAREHOUSE,254,COMMITTED,1000,1000,0,0,0,132.799,0,null,"{""sourcePk"": ""bf7cedf1-fa33-49d1-1398-1c383f54bd24"", ""businessDate"": ""1900-01-01T00:00:00.000000""}",,2026-08-31T10:42:25.712Z
e10-main,INITIALIZATION,01a0575b-a7ae-7a5c-8e45-126ae52bb67e,inventory,ITEM_WAREHOUSE,255,COMMITTED,1000,1000,0,0,0,131.729,0,null,"{""sourcePk"": ""50551cc8-61de-45c0-dba8-1c3abc3d07a7"", ""businessDate"": ""1900-01-01T00:00:00.000000""}",,2026-08-31T10:42:26.048Z
e10-main,INITIALIZATION,01a0575b-a7ae-7a5c-8e45-126ae52bb67e,inventory,ITEM_WAREHOUSE,256,COMMITTED,1000,1000,0,0,0,135.855,0,null,"{""sourcePk"": ""8e14a019-6dd4-4aa4-e3ad-1c3c566f3b2e"", ""businessDate"": ""1900-01-01T00:00:00.000000""}",,2026-08-31T10:42:26.405Z
e10-main,INITIALIZATION,01a0575b-a7ae-7a5c-8e45-126ae52bb67e,inventory,ITEM_WAREHOUSE,257,COMMITTED,1000,1000,0,0,0,135.402,0,null,"{""sourcePk"": ""24ff1a88-6709-4788-d284-1c3f43006f70"", ""businessDate"": ""1900-01-01T00:00:00.000000""}",,2026-08-31T10:42:26.741Z
e10-main,INITIALIZATION,01a0575b-a7ae-7a5c-8e45-126ae52bb67e,inventory,ITEM_WAREHOUSE,258,COMMITTED,1000,1000,0,0,0,132.207,0,null,"{""sourcePk"": ""257a8e3f-d70d-4bf2-c886-1c41f9b8ffa9"", ""businessDate"": ""1900-01-01T00:00:00.000000""}",,2026-08-31T10:42:27.081Z
e10-main,INITIALIZATION,01a0575b-a7ae-7a5c-8e45-126ae52bb67e,inventory,ITEM_WAREHOUSE,259,COMMITTED,1000,1000,0,0,0,133.159,0,null,"{""sourcePk"": ""c3aaff0b-8bbb-4458-e7bf-1c440d49d192"", ""businessDate"": ""1900-01-01T00:00:00.000000""}",,2026-08-31T10:42:27.420Z
e10-main,INITIALIZATION,01a0575b-a7ae-7a5c-8e45-126ae52bb67e,inventory,ITEM_WAREHOUSE,260,COMMITTED,1000,1000,0,0,0,139.550,0,null,"{""sourcePk"": ""f3b91ec0-95af-4849-62aa-1c443a22e084"", ""businessDate"": ""1900-01-01T00:00:00.000000""}",,2026-08-31T10:42:27.761Z
e10-main,INITIALIZATION,01a0575b-a7ae-7a5c-8e45-126ae52bb67e,inventory,ITEM_WAREHOUSE,261,COMMITTED,1000,1000,0,0,0,130.818,0,null,"{""sourcePk"": ""f9501965-b7ab-497b-c297-1c45cb2d0309"", ""businessDate"": ""1900-01-01T00:00:00.000000""}",,2026-08-31T10:42:28.103Z
e10-main,INITIALIZATION,01a0575b-a7ae-7a5c-8e45-126ae52bb67e,inventory,ITEM_WAREHOUSE,262,COMMITTED,1000,1000,0,0,0,132.959,0,null,"{""sourcePk"": ""ba79a788-949b-408c-b1ba-1c47502fac2b"", ""businessDate"": ""1900-01-01T00:00:00.000000""}",,2026-08-31T10:42:28.443Z
e10-main,INITIALIZATION,01a0575b-a7ae-7a5c-8e45-126ae52bb67e,inventory,ITEM_WAREHOUSE,263,COMMITTED,1000,1000,0,0,0,131.520,0,null,"{""sourcePk"": ""456eabba-1dd7-44c9-7c87-1c48f3ef6eb1"", ""businessDate"": ""1900-01-01T00:00:00.000000""}",,2026-08-31T10:42:28.780Z
e10-main,INITIALIZATION,01a0575b-a7ae-7a5c-8e45-126ae52bb67e,inventory,ITEM_WAREHOUSE,264,COMMITTED,1000,1000,0,0,0,130.661,0,null,"{""sourcePk"": ""2fa2e855-b725-4ae7-1bba-1c4bd25e2926"", ""businessDate"": ""1900-01-01T00:00:00.000000""}",,2026-08-31T10:42:29.116Z
e10-main,INITIALIZATION,01a0575b-a7ae-7a5c-8e45-126ae52bb67e,inventory,ITEM_WAREHOUSE,265,COMMITTED,1000,1000,0,0,0,159.613,0,null,"{""sourcePk"": ""c4852e9b-348f-4189-cc9e-1c4e5d5aa0c7"", ""businessDate"": ""1900-01-01T00:00:00.000000""}",,2026-08-31T10:42:29.480Z
e10-main,INITIALIZATION,01a0575b-a7ae-7a5c-8e45-126ae52bb67e,inventory,ITEM_WAREHOUSE,266,COMMITTED,1000,1000,0,0,0,132.739,0,null,"{""sourcePk"": ""4173df22-4ad4-4f2f-ffbc-1c4f540831af"", ""businessDate"": ""1900-01-01T00:00:00.000000""}",,2026-08-31T10:42:29.821Z
e10-main,INITIALIZATION,01a0575b-a7ae-7a5c-8e45-126ae52bb67e,inventory,ITEM_WAREHOUSE,267,COMMITTED,1000,1000,0,0,0,131.558,0,null,"{""sourcePk"": ""69241964-3abf-4c5e-5fa1-1c521abbce69"", ""businessDate"": ""1900-01-01T00:00:00.000000""}",,2026-08-31T10:42:30.161Z
e10-main,INITIALIZATION,01a0575b-a7ae-7a5c-8e45-126ae52bb67e,inventory,ITEM_WAREHOUSE,268,COMMITTED,1000,1000,0,0,0,132.230,0,null,"{""sourcePk"": ""fabb8298-a6b8-45d8-97b2-1c53f336464c"", ""businessDate"": ""1900-01-01T00:00:00.000000""}",,2026-08-31T10:42:30.496Z
e10-main,INITIALIZATION,01a0575b-a7ae-7a5c-8e45-126ae52bb67e,inventory,ITEM_WAREHOUSE,269,COMMITTED,1000,1000,0,0,0,132.228,0,null,"{""sourcePk"": ""27507f6d-5a97-4c6c-8598-1c564cd5c25c"", ""businessDate"": ""1900-01-01T00:00:00.000000""}",,2026-08-31T10:42:30.832Z
e10-main,INITIALIZATION,01a0575b-a7ae-7a5c-8e45-126ae52bb67e,inventory,ITEM_WAREHOUSE,270,COMMITTED,1000,1000,0,0,0,132.831,0,null,"{""sourcePk"": ""4b3fc8cd-aac4-4ac1-ef9f-1c57e3266168"", ""businessDate"": ""1900-01-01T00:00:00.000000""}",,2026-08-31T10:42:31.168Z
e10-main,INITIALIZATION,01a0575b-a7ae-7a5c-8e45-126ae52bb67e,inventory,ITEM_WAREHOUSE,271,COMMITTED,1000,1000,0,0,0,136.817,0,null,"{""sourcePk"": ""570178a1-0b6c-4be6-86bb-1c5938846018"", ""businessDate"": ""1900-01-01T00:00:00.000000""}",,2026-08-31T10:42:31.513Z
e10-main,INITIALIZATION,01a0575b-a7ae-7a5c-8e45-126ae52bb67e,inventory,ITEM_WAREHOUSE,272,COMMITTED,1000,1000,0,0,0,133.372,0,null,"{""sourcePk"": ""e24bb2c8-4eee-4c51-82be-1c5948936aba"", ""businessDate"": ""1900-01-01T00:00:00.000000""}",,2026-08-31T10:42:31.855Z
e10-main,INITIALIZATION,01a0575b-a7ae-7a5c-8e45-126ae52bb67e,inventory,ITEM_WAREHOUSE,273,COMMITTED,1000,1000,0,0,0,131.771,0,null,"{""sourcePk"": ""d5936aa2-57e1-434b-2b89-1c5ac8dfbbaf"", ""businessDate"": ""1900-01-01T00:00:00.000000""}",,2026-08-31T10:42:32.193Z
e10-main,INITIALIZATION,01a0575b-a7ae-7a5c-8e45-126ae52bb67e,inventory,ITEM_WAREHOUSE,274,COMMITTED,1000,1000,0,0,0,132.028,0,null,"{""sourcePk"": ""38e9bfe9-af75-4f31-b588-1c5c6bc2f915"", ""businessDate"": ""1900-01-01T00:00:00.000000""}",,2026-08-31T10:42:32.530Z
e10-main,INITIALIZATION,01a0575b-a7ae-7a5c-8e45-126ae52bb67e,inventory,ITEM_WAREHOUSE,275,COMMITTED,1000,1000,0,0,0,131.205,0,null,"{""sourcePk"": ""98dfaae0-3bde-463f-3ba2-1c5fb06e2a2f"", ""businessDate"": ""1900-01-01T00:00:00.000000""}",,2026-08-31T10:42:32.866Z
e10-main,INITIALIZATION,01a0575b-a7ae-7a5c-8e45-126ae52bb67e,inventory,ITEM_WAREHOUSE,276,COMMITTED,1000,1000,0,0,0,130.685,0,null,"{""sourcePk"": ""7bb684e0-5070-4f3e-9eb9-1c61d7e607dc"", ""businessDate"": ""1900-01-01T00:00:00.000000""}",,2026-08-31T10:42:33.202Z
e10-main,INITIALIZATION,01a0575b-a7ae-7a5c-8e45-126ae52bb67e,inventory,ITEM_WAREHOUSE,277,COMMITTED,1000,1000,0,0,0,135.586,0,null,"{""sourcePk"": ""abf90609-0a8c-4b32-89bc-1c645d64b57b"", ""businessDate"": ""1900-01-01T00:00:00.000000""}",,2026-08-31T10:42:33.544Z
e10-main,INITIALIZATION,01a0575b-a7ae-7a5c-8e45-126ae52bb67e,inventory,ITEM_WAREHOUSE,278,COMMITTED,1000,1000,0,0,0,131.079,0,null,"{""sourcePk"": ""7ee7d9be-3fb9-4796-beaf-1c685991afd8"", ""businessDate"": ""1900-01-01T00:00:00.000000""}",,2026-08-31T10:42:33.893Z
e10-main,INITIALIZATION,01a0575b-a7ae-7a5c-8e45-126ae52bb67e,inventory,ITEM_WAREHOUSE,279,COMMITTED,1000,1000,0,0,0,132.211,0,null,"{""sourcePk"": ""0611275c-f39f-4958-92bd-1c69f73a86fb"", ""businessDate"": ""1900-01-01T00:00:00.000000""}",,2026-08-31T10:42:34.229Z
e10-main,INITIALIZATION,01a0575b-a7ae-7a5c-8e45-126ae52bb67e,inventory,ITEM_WAREHOUSE,280,COMMITTED,1000,1000,0,0,0,132.896,0,null,"{""sourcePk"": ""53f179d7-0e8b-4b2e-7abf-1c6ad14d8159"", ""businessDate"": ""1900-01-01T00:00:00.000000""}",,2026-08-31T10:42:34.565Z
e10-main,INITIALIZATION,01a0575b-a7ae-7a5c-8e45-126ae52bb67e,inventory,ITEM_WAREHOUSE,281,COMMITTED,1000,1000,0,0,0,133.849,0,null,"{""sourcePk"": ""c04334fa-9831-4b4a-eeae-1c6b537d9867"", ""businessDate"": ""1900-01-01T00:00:00.000000""}",,2026-08-31T10:42:34.908Z
e10-main,INITIALIZATION,01a0575b-a7ae-7a5c-8e45-126ae52bb67e,inventory,ITEM_WAREHOUSE,282,COMMITTED,1000,1000,0,0,0,132.214,0,null,"{""sourcePk"": ""c8e8a7bb-09ed-443a-8996-1c6c098b3f79"", ""businessDate"": ""1900-01-01T00:00:00.000000""}",,2026-08-31T10:42:35.251Z
e10-main,INITIALIZATION,01a0575b-a7ae-7a5c-8e45-126ae52bb67e,inventory,ITEM_WAREHOUSE,283,COMMITTED,1000,1000,0,0,0,135.259,0,null,"{""sourcePk"": ""49211b2e-dd09-4b29-5a8a-1c6dd9b867b0"", ""businessDate"": ""1900-01-01T00:00:00.000000""}",,2026-08-31T10:42:35.648Z
e10-main,INITIALIZATION,01a0575b-a7ae-7a5c-8e45-126ae52bb67e,inventory,ITEM_WAREHOUSE,284,COMMITTED,1000,1000,0,0,0,133.903,0,null,"{""sourcePk"": ""89ff44a4-1d3d-4a28-ec85-1c6f783e0bbb"", ""businessDate"": ""1900-01-01T00:00:00.000000""}",,2026-08-31T10:42:35.985Z
e10-main,INITIALIZATION,01a0575b-a7ae-7a5c-8e45-126ae52bb67e,inventory,ITEM_WAREHOUSE,285,COMMITTED,1000,1000,0,0,0,133.819,0,null,"{""sourcePk"": ""e24f5a9b-6b31-4da5-b0a3-1c71a4469d13"", ""businessDate"": ""1900-01-01T00:00:00.000000""}",,2026-08-31T10:42:36.322Z
e10-main,INITIALIZATION,01a0575b-a7ae-7a5c-8e45-126ae52bb67e,inventory,ITEM_WAREHOUSE,286,COMMITTED,1000,1000,0,0,0,133.362,0,null,"{""sourcePk"": ""fcfcb93c-ebd4-4406-46ac-1c7366071c59"", ""businessDate"": ""1900-01-01T00:00:00.000000""}",,2026-08-31T10:42:36.663Z
e10-main,INITIALIZATION,01a0575b-a7ae-7a5c-8e45-126ae52bb67e,inventory,ITEM_WAREHOUSE,287,COMMITTED,1000,1000,0,0,0,130.007,0,null,"{""sourcePk"": ""cc3c7b57-fa76-48be-c3a3-1c757c5178d5"", ""businessDate"": ""1900-01-01T00:00:00.000000""}",,2026-08-31T10:42:36.995Z
e10-main,INITIALIZATION,01a0575b-a7ae-7a5c-8e45-126ae52bb67e,inventory,ITEM_WAREHOUSE,288,COMMITTED,1000,1000,0,0,0,134.003,0,null,"{""sourcePk"": ""92109736-c406-43a6-baa8-1c773cd63fb0"", ""businessDate"": ""1900-01-01T00:00:00.000000""}",,2026-08-31T10:42:37.323Z
e10-main,INITIALIZATION,01a0575b-a7ae-7a5c-8e45-126ae52bb67e,inventory,ITEM_WAREHOUSE,289,COMMITTED,1000,1000,0,0,0,133.686,0,null,"{""sourcePk"": ""ce662431-b85a-47f9-e0ae-1c7962e45658"", ""businessDate"": ""1900-01-01T00:00:00.000000""}",,2026-08-31T10:42:37.662Z
e10-main,INITIALIZATION,01a0575b-a7ae-7a5c-8e45-126ae52bb67e,inventory,ITEM_WAREHOUSE,290,COMMITTED,1000,1000,0,0,0,130.811,0,null,"{""sourcePk"": ""54e9f7ed-4391-4995-a7bc-1c7b3f6d5e82"", ""businessDate"": ""1900-01-01T00:00:00.000000""}",,2026-08-31T10:42:38.011Z
e10-main,INITIALIZATION,01a0575b-a7ae-7a5c-8e45-126ae52bb67e,inventory,ITEM_WAREHOUSE,291,COMMITTED,1000,1000,0,0,0,132.262,0,null,"{""sourcePk"": ""ab301ff7-d65e-458a-72a9-1c7c11b7af14"", ""businessDate"": ""1900-01-01T00:00:00.000000""}",,2026-08-31T10:42:38.354Z
e10-main,INITIALIZATION,01a0575b-a7ae-7a5c-8e45-126ae52bb67e,inventory,ITEM_WAREHOUSE,292,COMMITTED,1000,1000,0,0,0,134.708,0,null,"{""sourcePk"": ""c2fca085-6969-4c87-c9b3-1c7cc31a4642"", ""businessDate"": ""1900-01-01T00:00:00.000000""}",,2026-08-31T10:42:38.698Z
e10-main,INITIALIZATION,01a0575b-a7ae-7a5c-8e45-126ae52bb67e,inventory,ITEM_WAREHOUSE,293,COMMITTED,1000,1000,0,0,0,138.035,0,null,"{""sourcePk"": ""c3d39e0e-bafd-4869-4782-1c8076c0c282"", ""businessDate"": ""1900-01-01T00:00:00.000000""}",,2026-08-31T10:42:39.047Z
e10-main,INITIALIZATION,01a0575b-a7ae-7a5c-8e45-126ae52bb67e,inventory,ITEM_WAREHOUSE,294,COMMITTED,1000,1000,0,0,0,133.664,0,null,"{""sourcePk"": ""976dc2df-8170-4d63-c0b9-1c825cf89f48"", ""businessDate"": ""1900-01-01T00:00:00.000000""}",,2026-08-31T10:42:39.390Z
e10-main,INITIALIZATION,01a0575b-a7ae-7a5c-8e45-126ae52bb67e,inventory,ITEM_WAREHOUSE,295,COMMITTED,1000,1000,0,0,0,131.021,0,null,"{""sourcePk"": ""7bd116e5-a1c6-4676-38a6-1c83d5210076"", ""businessDate"": ""1900-01-01T00:00:00.000000""}",,2026-08-31T10:42:39.765Z
e10-main,INITIALIZATION,01a0575b-a7ae-7a5c-8e45-126ae52bb67e,inventory,ITEM_WAREHOUSE,296,COMMITTED,1000,1000,0,0,0,133.335,0,null,"{""sourcePk"": ""8fd6e7bf-565e-4fa7-faa3-1c8563955dc2"", ""businessDate"": ""1900-01-01T00:00:00.000000""}",,2026-08-31T10:42:40.132Z
e10-main,INITIALIZATION,01a0575b-a7ae-7a5c-8e45-126ae52bb67e,inventory,ITEM_WAREHOUSE,297,COMMITTED,1000,1000,0,0,0,134.489,0,null,"{""sourcePk"": ""d0e1a659-1cdb-4763-98a9-1c86d6cedbd3"", ""businessDate"": ""1900-01-01T00:00:00.000000""}",,2026-08-31T10:42:40.476Z
e10-main,INITIALIZATION,01a0575b-a7ae-7a5c-8e45-126ae52bb67e,inventory,ITEM_WAREHOUSE,298,COMMITTED,1000,1000,0,0,0,157.025,0,null,"{""sourcePk"": ""bf509fae-7943-4f8a-e783-1c889b63038d"", ""businessDate"": ""1900-01-01T00:00:00.000000""}",,2026-08-31T10:42:40.840Z
e10-main,INITIALIZATION,01a0575b-a7ae-7a5c-8e45-126ae52bb67e,inventory,ITEM_WAREHOUSE,299,COMMITTED,1000,1000,0,0,0,135.620,0,null,"{""sourcePk"": ""57e3d449-0339-4aeb-e8a2-1c8b9256bb2c"", ""businessDate"": ""1900-01-01T00:00:00.000000""}",,2026-08-31T10:42:41.180Z
e10-main,INITIALIZATION,01a0575b-a7ae-7a5c-8e45-126ae52bb67e,inventory,ITEM_WAREHOUSE,300,COMMITTED,1000,1000,0,0,0,131.792,0,null,"{""sourcePk"": ""71673b12-088f-47bb-f1a9-1c8d08d8f7da"", ""businessDate"": ""1900-01-01T00:00:00.000000""}",,2026-08-31T10:42:41.519Z
e10-main,INITIALIZATION,01a0575b-a7ae-7a5c-8e45-126ae52bb67e,inventory,ITEM_WAREHOUSE,301,COMMITTED,1000,1000,0,0,0,133.230,0,null,"{""sourcePk"": ""2c38708f-d003-4900-8fa2-1c9075127519"", ""businessDate"": ""1900-01-01T00:00:00.000000""}",,2026-08-31T10:42:41.844Z
e10-main,INITIALIZATION,01a0575b-a7ae-7a5c-8e45-126ae52bb67e,inventory,ITEM_WAREHOUSE,302,COMMITTED,1000,1000,0,0,0,134.094,0,null,"{""sourcePk"": ""2dd09568-d476-4ba2-2894-1c92cab452da"", ""businessDate"": ""1900-01-01T00:00:00.000000""}",,2026-08-31T10:42:42.179Z
e10-main,INITIALIZATION,01a0575b-a7ae-7a5c-8e45-126ae52bb67e,inventory,ITEM_WAREHOUSE,303,COMMITTED,1000,1000,0,0,0,133.168,0,null,"{""sourcePk"": ""bda7c8d5-6ce1-4488-509d-1c9456251cd8"", ""businessDate"": ""1900-01-01T00:00:00.000000""}",,2026-08-31T10:42:42.517Z
e10-main,INITIALIZATION,01a0575b-a7ae-7a5c-8e45-126ae52bb67e,inventory,ITEM_WAREHOUSE,304,COMMITTED,1000,1000,0,0,0,135.275,0,null,"{""sourcePk"": ""7d8c7e3b-8302-47f0-13ab-1c967fc76cf1"", ""businessDate"": ""1900-01-01T00:00:00.000000""}",,2026-08-31T10:42:42.855Z
e10-main,INITIALIZATION,01a0575b-a7ae-7a5c-8e45-126ae52bb67e,inventory,ITEM_WAREHOUSE,305,COMMITTED,1000,1000,0,0,0,133.146,0,null,"{""sourcePk"": ""dcb1c466-e6d4-4fa0-9787-1c97530894e4"", ""businessDate"": ""1900-01-01T00:00:00.000000""}",,2026-08-31T10:42:43.197Z
e10-main,INITIALIZATION,01a0575b-a7ae-7a5c-8e45-126ae52bb67e,inventory,ITEM_WAREHOUSE,306,COMMITTED,1000,1000,0,0,0,133.080,0,null,"{""sourcePk"": ""256f26c0-925e-4787-d785-1c9785d67213"", ""businessDate"": ""1900-01-01T00:00:00.000000""}",,2026-08-31T10:42:43.530Z
e10-main,INITIALIZATION,01a0575b-a7ae-7a5c-8e45-126ae52bb67e,inventory,ITEM_WAREHOUSE,307,COMMITTED,1000,1000,0,0,0,128.748,0,null,"{""sourcePk"": ""59aa3c40-76c3-4f1d-93b2-1c98d2a8f106"", ""businessDate"": ""1900-01-01T00:00:00.000000""}",,2026-08-31T10:42:43.867Z
e10-main,INITIALIZATION,01a0575b-a7ae-7a5c-8e45-126ae52bb67e,inventory,ITEM_WAREHOUSE,308,COMMITTED,1000,1000,0,0,0,131.422,0,null,"{""sourcePk"": ""55fd2e77-c077-48df-da8c-1c9b77c1563e"", ""businessDate"": ""1900-01-01T00:00:00.000000""}",,2026-08-31T10:42:44.205Z
e10-main,INITIALIZATION,01a0575b-a7ae-7a5c-8e45-126ae52bb67e,inventory,ITEM_WAREHOUSE,309,COMMITTED,1000,1000,0,0,0,131.221,0,null,"{""sourcePk"": ""d13c738d-a2f0-4933-0bba-1c9d8f842f12"", ""businessDate"": ""1900-01-01T00:00:00.000000""}",,2026-08-31T10:42:44.542Z
e10-main,INITIALIZATION,01a0575b-a7ae-7a5c-8e45-126ae52bb67e,inventory,ITEM_WAREHOUSE,310,COMMITTED,1000,1000,0,0,0,134.381,0,null,"{""sourcePk"": ""80094d61-701f-4376-26a5-1c9f1f02424f"", ""businessDate"": ""1900-01-01T00:00:00.000000""}",,2026-08-31T10:42:44.880Z
e10-main,INITIALIZATION,01a0575b-a7ae-7a5c-8e45-126ae52bb67e,inventory,ITEM_WAREHOUSE,311,COMMITTED,1000,1000,0,0,0,130.411,0,null,"{""sourcePk"": ""a00c6cef-79b2-4a1b-fea2-1ca1847318af"", ""businessDate"": ""1900-01-01T00:00:00.000000""}",,2026-08-31T10:42:45.216Z
e10-main,INITIALIZATION,01a0575b-a7ae-7a5c-8e45-126ae52bb67e,inventory,ITEM_WAREHOUSE,312,COMMITTED,1000,1000,0,0,0,132.104,0,null,"{""sourcePk"": ""526f23d0-bc58-4842-b4ad-1ca3395ed6bb"", ""businessDate"": ""1900-01-01T00:00:00.000000""}",,2026-08-31T10:42:45.564Z
e10-main,INITIALIZATION,01a0575b-a7ae-7a5c-8e45-126ae52bb67e,inventory,ITEM_WAREHOUSE,313,COMMITTED,1000,1000,0,0,0,112.695,0,null,"{""sourcePk"": ""f4331515-061c-414f-d5ad-1ca42e668535"", ""businessDate"": ""1900-01-01T00:00:00.000000""}",,2026-08-31T10:42:45.888Z
e10-main,INITIALIZATION,01a0575b-a7ae-7a5c-8e45-126ae52bb67e,inventory,ITEM_WAREHOUSE,314,COMMITTED,1000,1000,0,0,0,132.176,0,null,"{""sourcePk"": ""4660d3ce-8a7c-4415-e1a7-1ca701f68333"", ""businessDate"": ""1900-01-01T00:00:00.000000""}",,2026-08-31T10:42:46.225Z
e10-main,INITIALIZATION,01a0575b-a7ae-7a5c-8e45-126ae52bb67e,inventory,ITEM_WAREHOUSE,315,COMMITTED,1000,1000,0,0,0,130.219,0,null,"{""sourcePk"": ""099eb8ef-7657-4811-638d-1ca81f9f9a76"", ""businessDate"": ""1900-01-01T00:00:00.000000""}",,2026-08-31T10:42:46.559Z
e10-main,INITIALIZATION,01a0575b-a7ae-7a5c-8e45-126ae52bb67e,inventory,ITEM_WAREHOUSE,316,COMMITTED,1000,1000,0,0,0,134.090,0,null,"{""sourcePk"": ""3e5fd4ad-ea5d-47fa-8e89-1caa1fb697ec"", ""businessDate"": ""1900-01-01T00:00:00.000000""}",,2026-08-31T10:42:46.895Z
e10-main,INITIALIZATION,01a0575b-a7ae-7a5c-8e45-126ae52bb67e,inventory,ITEM_WAREHOUSE,317,COMMITTED,1000,1000,0,0,0,131.942,0,null,"{""sourcePk"": ""3ec47f3a-4582-4480-c79c-1cacd0a7e74e"", ""businessDate"": ""1900-01-01T00:00:00.000000""}",,2026-08-31T10:42:47.224Z
e10-main,INITIALIZATION,01a0575b-a7ae-7a5c-8e45-126ae52bb67e,inventory,ITEM_WAREHOUSE,318,COMMITTED,1000,1000,0,0,0,130.380,0,null,"{""sourcePk"": ""1d0cfa96-c810-4aa4-e08b-1cae2392cdaf"", ""businessDate"": ""1900-01-01T00:00:00.000000""}",,2026-08-31T10:42:47.562Z
e10-main,INITIALIZATION,01a0575b-a7ae-7a5c-8e45-126ae52bb67e,inventory,ITEM_WAREHOUSE,319,COMMITTED,1000,1000,0,0,0,132.685,0,null,"{""sourcePk"": ""7dc76f70-7199-4f40-a393-1cafce28e30a"", ""businessDate"": ""1900-01-01T00:00:00.000000""}",,2026-08-31T10:42:47.895Z
e10-main,INITIALIZATION,01a0575b-a7ae-7a5c-8e45-126ae52bb67e,inventory,ITEM_WAREHOUSE,320,COMMITTED,1000,1000,0,0,0,130.440,0,null,"{""sourcePk"": ""eacc6804-e352-4fc7-6a8f-1cb15cf329da"", ""businessDate"": ""1900-01-01T00:00:00.000000""}",,2026-08-31T10:42:48.233Z
e10-main,INITIALIZATION,01a0575b-a7ae-7a5c-8e45-126ae52bb67e,inventory,ITEM_WAREHOUSE,321,COMMITTED,1000,1000,0,0,0,133.946,0,null,"{""sourcePk"": ""cc9b2cff-bcbb-465d-898b-1cb2131243e1"", ""businessDate"": ""1900-01-01T00:00:00.000000""}",,2026-08-31T10:42:48.575Z
e10-main,INITIALIZATION,01a0575b-a7ae-7a5c-8e45-126ae52bb67e,inventory,ITEM_WAREHOUSE,322,COMMITTED,1000,1000,0,0,0,133.954,0,null,"{""sourcePk"": ""a16a0625-7cda-456a-73bf-1cb38db97564"", ""businessDate"": ""1900-01-01T00:00:00.000000""}",,2026-08-31T10:42:48.912Z
e10-main,INITIALIZATION,01a0575b-a7ae-7a5c-8e45-126ae52bb67e,inventory,ITEM_WAREHOUSE,323,COMMITTED,1000,1000,0,0,0,134.218,0,null,"{""sourcePk"": ""777d14b0-5863-46f9-9abc-1cb560b36bcb"", ""businessDate"": ""1900-01-01T00:00:00.000000""}",,2026-08-31T10:42:49.257Z
e10-main,INITIALIZATION,01a0575b-a7ae-7a5c-8e45-126ae52bb67e,inventory,ITEM_WAREHOUSE,324,COMMITTED,1000,1000,0,0,0,131.861,0,null,"{""sourcePk"": ""2cf2ccd1-23c2-4e2e-13a4-1cb83fa70248"", ""businessDate"": ""1900-01-01T00:00:00.000000""}",,2026-08-31T10:42:49.587Z
e10-main,INITIALIZATION,01a0575b-a7ae-7a5c-8e45-126ae52bb67e,inventory,ITEM_WAREHOUSE,325,COMMITTED,1000,1000,0,0,0,136.417,0,null,"{""sourcePk"": ""9645430e-286e-4eab-3f80-1cb9d38f8405"", ""businessDate"": ""1900-01-01T00:00:00.000000""}",,2026-08-31T10:42:49.925Z
e10-main,INITIALIZATION,01a0575b-a7ae-7a5c-8e45-126ae52bb67e,inventory,ITEM_WAREHOUSE,326,COMMITTED,1000,1000,0,0,0,132.055,0,null,"{""sourcePk"": ""8a84ae3a-86cc-4b4d-6e83-1cbc2d746c70"", ""businessDate"": ""1900-01-01T00:00:00.000000""}",,2026-08-31T10:42:50.267Z
e10-main,INITIALIZATION,01a0575b-a7ae-7a5c-8e45-126ae52bb67e,inventory,ITEM_WAREHOUSE,327,COMMITTED,1000,1000,0,0,0,137.700,0,null,"{""sourcePk"": ""b854685d-1a14-4f8a-72bf-1cbd083cbf28"", ""businessDate"": ""1900-01-01T00:00:00.000000""}",,2026-08-31T10:42:50.609Z
e10-main,INITIALIZATION,01a0575b-a7ae-7a5c-8e45-126ae52bb67e,inventory,ITEM_WAREHOUSE,328,COMMITTED,1000,1000,0,0,0,135.506,0,null,"{""sourcePk"": ""98c4faee-b11c-4e10-acbf-1cbe0bd2949b"", ""businessDate"": ""1900-01-01T00:00:00.000000""}",,2026-08-31T10:42:50.953Z
e10-main,INITIALIZATION,01a0575b-a7ae-7a5c-8e45-126ae52bb67e,inventory,ITEM_WAREHOUSE,329,COMMITTED,1000,1000,0,0,0,130.756,0,null,"{""sourcePk"": ""c48277d5-de95-4a5c-5098-1cc019532eab"", ""businessDate"": ""1900-01-01T00:00:00.000000""}",,2026-08-31T10:42:51.292Z
e10-main,INITIALIZATION,01a0575b-a7ae-7a5c-8e45-126ae52bb67e,inventory,ITEM_WAREHOUSE,330,COMMITTED,1000,1000,0,0,0,130.501,0,null,"{""sourcePk"": ""b983505e-5ba2-4c83-0c92-1cc2b63dd740"", ""businessDate"": ""1900-01-01T00:00:00.000000""}",,2026-08-31T10:42:51.628Z
e10-main,INITIALIZATION,01a0575b-a7ae-7a5c-8e45-126ae52bb67e,inventory,ITEM_WAREHOUSE,331,COMMITTED,1000,1000,0,0,0,158.920,0,null,"{""sourcePk"": ""bf4a49a1-f8ef-4765-a79f-1cc43a46a1c0"", ""businessDate"": ""1900-01-01T00:00:00.000000""}",,2026-08-31T10:42:52.012Z
e10-main,INITIALIZATION,01a0575b-a7ae-7a5c-8e45-126ae52bb67e,inventory,ITEM_WAREHOUSE,332,COMMITTED,1000,1000,0,0,0,133.922,0,null,"{""sourcePk"": ""7a1a84e4-f259-484b-87b8-1cc51bbe14ad"", ""businessDate"": ""1900-01-01T00:00:00.000000""}",,2026-08-31T10:42:52.362Z
e10-main,INITIALIZATION,01a0575b-a7ae-7a5c-8e45-126ae52bb67e,inventory,ITEM_WAREHOUSE,333,COMMITTED,1000,1000,0,0,0,133.382,0,null,"{""sourcePk"": ""15afe5b2-40f1-4726-b2b3-1cc6ca6e3e80"", ""businessDate"": ""1900-01-01T00:00:00.000000""}",,2026-08-31T10:42:52.709Z
e10-main,INITIALIZATION,01a0575b-a7ae-7a5c-8e45-126ae52bb67e,inventory,ITEM_WAREHOUSE,334,COMMITTED,1000,1000,0,0,0,131.419,0,null,"{""sourcePk"": ""e7d29d20-2f48-459d-42a8-1cc77febeb7a"", ""businessDate"": ""1900-01-01T00:00:00.000000""}",,2026-08-31T10:42:53.048Z
e10-main,INITIALIZATION,01a0575b-a7ae-7a5c-8e45-126ae52bb67e,inventory,ITEM_WAREHOUSE,335,COMMITTED,1000,1000,0,0,0,134.666,0,null,"{""sourcePk"": ""fb2486f9-9083-477a-9aba-1cc82a28220a"", ""businessDate"": ""1900-01-01T00:00:00.000000""}",,2026-08-31T10:42:53.391Z
e10-main,INITIALIZATION,01a0575b-a7ae-7a5c-8e45-126ae52bb67e,inventory,ITEM_WAREHOUSE,336,COMMITTED,1000,1000,0,0,0,131.440,0,null,"{""sourcePk"": ""27963755-be21-4735-5d95-1cc9a7c42f81"", ""businessDate"": ""1900-01-01T00:00:00.000000""}",,2026-08-31T10:42:53.728Z
e10-main,INITIALIZATION,01a0575b-a7ae-7a5c-8e45-126ae52bb67e,inventory,ITEM_WAREHOUSE,337,COMMITTED,1000,1000,0,0,0,133.421,0,null,"{""sourcePk"": ""c9d87b8a-dc11-4f51-c08d-1ccb1ba8b67c"", ""businessDate"": ""1900-01-01T00:00:00.000000""}",,2026-08-31T10:42:54.067Z
e10-main,INITIALIZATION,01a0575b-a7ae-7a5c-8e45-126ae52bb67e,inventory,ITEM_WAREHOUSE,338,COMMITTED,1000,1000,0,0,0,381.251,0,null,"{""sourcePk"": ""930d82c5-7a1f-4542-1888-1ccd8dafa65b"", ""businessDate"": ""1900-01-01T00:00:00.000000""}",,2026-08-31T10:42:54.661Z
e10-main,INITIALIZATION,01a0575b-a7ae-7a5c-8e45-126ae52bb67e,inventory,ITEM_WAREHOUSE,339,COMMITTED,1000,1000,0,0,0,131.393,0,null,"{""sourcePk"": ""d2cff3c7-d14f-42de-67a3-1cce3c5cb02a"", ""businessDate"": ""1900-01-01T00:00:00.000000""}",,2026-08-31T10:42:55.003Z
e10-main,INITIALIZATION,01a0575b-a7ae-7a5c-8e45-126ae52bb67e,inventory,ITEM_WAREHOUSE,340,COMMITTED,1000,1000,0,0,0,142.017,0,null,"{""sourcePk"": ""5ecd4ba4-c8d2-453e-d886-1ccf3b906797"", ""businessDate"": ""1900-01-01T00:00:00.000000""}",,2026-08-31T10:42:55.344Z
e10-main,INITIALIZATION,01a0575b-a7ae-7a5c-8e45-126ae52bb67e,inventory,ITEM_WAREHOUSE,341,COMMITTED,1000,1000,0,0,0,134.386,0,null,"{""sourcePk"": ""7c40ceec-296e-4d37-99aa-1cd25eff42e4"", ""businessDate"": ""1900-01-01T00:00:00.000000""}",,2026-08-31T10:42:55.692Z
e10-main,INITIALIZATION,01a0575b-a7ae-7a5c-8e45-126ae52bb67e,inventory,ITEM_WAREHOUSE,342,COMMITTED,1000,1000,0,0,0,132.225,0,null,"{""sourcePk"": ""8bd6ebd8-b380-43bc-60b0-1cd3f38a70de"", ""businessDate"": ""1900-01-01T00:00:00.000000""}",,2026-08-31T10:42:56.032Z
e10-main,INITIALIZATION,01a0575b-a7ae-7a5c-8e45-126ae52bb67e,inventory,ITEM_WAREHOUSE,343,COMMITTED,1000,1000,0,0,0,137.312,0,null,"{""sourcePk"": ""b8f45b3c-0c48-495f-7fbf-1cd5ade57685"", ""businessDate"": ""1900-01-01T00:00:00.000000""}",,2026-08-31T10:42:56.371Z
e10-main,INITIALIZATION,01a0575b-a7ae-7a5c-8e45-126ae52bb67e,inventory,ITEM_WAREHOUSE,344,COMMITTED,1000,1000,0,0,0,132.360,0,null,"{""sourcePk"": ""b1984b0a-4275-4378-97b0-1cd87cef2014"", ""businessDate"": ""1900-01-01T00:00:00.000000""}",,2026-08-31T10:42:56.713Z
e10-main,INITIALIZATION,01a0575b-a7ae-7a5c-8e45-126ae52bb67e,inventory,ITEM_WAREHOUSE,345,COMMITTED,1000,1000,0,0,0,131.259,0,null,"{""sourcePk"": ""34085977-50e5-4315-1eac-1cda6bc10a7f"", ""businessDate"": ""1900-01-01T00:00:00.000000""}",,2026-08-31T10:42:57.050Z
e10-main,INITIALIZATION,01a0575b-a7ae-7a5c-8e45-126ae52bb67e,inventory,ITEM_WAREHOUSE,346,COMMITTED,1000,1000,0,0,0,134.119,0,null,"{""sourcePk"": ""5152ebee-d45b-46c3-f284-1cdd6fe6d083"", ""businessDate"": ""1900-01-01T00:00:00.000000""}",,2026-08-31T10:42:57.391Z
e10-main,INITIALIZATION,01a0575b-a7ae-7a5c-8e45-126ae52bb67e,inventory,ITEM_WAREHOUSE,347,COMMITTED,1000,1000,0,0,0,134.737,0,null,"{""sourcePk"": ""ddae2aad-f527-4225-f7bc-1cde3198b94e"", ""businessDate"": ""1900-01-01T00:00:00.000000""}",,2026-08-31T10:42:57.732Z
e10-main,INITIALIZATION,01a0575b-a7ae-7a5c-8e45-126ae52bb67e,inventory,ITEM_WAREHOUSE,348,COMMITTED,1000,1000,0,0,0,131.621,0,null,"{""sourcePk"": ""c686e299-aef3-423c-8ab0-1ce37bff0bff"", ""businessDate"": ""1900-01-01T00:00:00.000000""}",,2026-08-31T10:42:58.072Z
e10-main,INITIALIZATION,01a0575b-a7ae-7a5c-8e45-126ae52bb67e,inventory,ITEM_WAREHOUSE,349,COMMITTED,1000,1000,0,0,0,132.269,0,null,"{""sourcePk"": ""3625f606-715b-4de7-dfbc-1ce483420dce"", ""businessDate"": ""1900-01-01T00:00:00.000000""}",,2026-08-31T10:42:58.411Z
e10-main,INITIALIZATION,01a0575b-a7ae-7a5c-8e45-126ae52bb67e,inventory,ITEM_WAREHOUSE,350,COMMITTED,1000,1000,0,0,0,132.275,0,null,"{""sourcePk"": ""1bfbe0f4-9bb8-4b77-1aaf-1ce53f80714c"", ""businessDate"": ""1900-01-01T00:00:00.000000""}",,2026-08-31T10:42:58.747Z
e10-main,INITIALIZATION,01a0575b-a7ae-7a5c-8e45-126ae52bb67e,inventory,ITEM_WAREHOUSE,351,COMMITTED,1000,1000,0,0,0,135.206,0,null,"{""sourcePk"": ""7e1a23e4-2242-43f7-04b3-1ce612deb4c6"", ""businessDate"": ""1900-01-01T00:00:00.000000""}",,2026-08-31T10:42:59.088Z
e10-main,INITIALIZATION,01a0575b-a7ae-7a5c-8e45-126ae52bb67e,inventory,ITEM_WAREHOUSE,352,COMMITTED,1000,1000,0,0,0,132.230,0,null,"{""sourcePk"": ""295ecf3e-56b1-4ebb-48b3-1ce8647273e4"", ""businessDate"": ""1900-01-01T00:00:00.000000""}",,2026-08-31T10:42:59.427Z
e10-main,INITIALIZATION,01a0575b-a7ae-7a5c-8e45-126ae52bb67e,inventory,ITEM_WAREHOUSE,353,COMMITTED,1000,1000,0,0,0,131.247,0,null,"{""sourcePk"": ""74868a16-f4ff-4bf8-448d-1ceab78baad4"", ""businessDate"": ""1900-01-01T00:00:00.000000""}",,2026-08-31T10:42:59.764Z
e10-main,INITIALIZATION,01a0575b-a7ae-7a5c-8e45-126ae52bb67e,inventory,ITEM_WAREHOUSE,354,COMMITTED,1000,1000,0,0,0,136.710,0,null,"{""sourcePk"": ""a9a58bae-2005-4166-7c9f-1cec1ca289c0"", ""businessDate"": ""1900-01-01T00:00:00.000000""}",,2026-08-31T10:43:00.113Z
e10-main,INITIALIZATION,01a0575b-a7ae-7a5c-8e45-126ae52bb67e,inventory,ITEM_WAREHOUSE,355,COMMITTED,1000,1000,0,0,0,134.493,0,null,"{""sourcePk"": ""f04e045c-83af-4d15-b8ba-1ceea79028e6"", ""businessDate"": ""1900-01-01T00:00:00.000000""}",,2026-08-31T10:43:00.460Z
e10-main,INITIALIZATION,01a0575b-a7ae-7a5c-8e45-126ae52bb67e,inventory,ITEM_WAREHOUSE,356,COMMITTED,1000,1000,0,0,0,130.715,0,null,"{""sourcePk"": ""3d684c89-3cae-49ef-75b4-1cf051871bb8"", ""businessDate"": ""1900-01-01T00:00:00.000000""}",,2026-08-31T10:43:00.799Z
e10-main,INITIALIZATION,01a0575b-a7ae-7a5c-8e45-126ae52bb67e,inventory,ITEM_WAREHOUSE,357,COMMITTED,1000,1000,0,0,0,136.323,0,null,"{""sourcePk"": ""2a4e52a7-8574-474a-e89b-1cf1d3abb383"", ""businessDate"": ""1900-01-01T00:00:00.000000""}",,2026-08-31T10:43:01.140Z
e10-main,INITIALIZATION,01a0575b-a7ae-7a5c-8e45-126ae52bb67e,inventory,ITEM_WAREHOUSE,358,COMMITTED,1000,1000,0,0,0,133.840,0,null,"{""sourcePk"": ""e759f62e-7c0f-41d7-b29d-1cf436857ed2"", ""businessDate"": ""1900-01-01T00:00:00.000000""}",,2026-08-31T10:43:01.480Z
e10-main,INITIALIZATION,01a0575b-a7ae-7a5c-8e45-126ae52bb67e,inventory,ITEM_WAREHOUSE,359,COMMITTED,1000,1000,0,0,0,130.768,0,null,"{""sourcePk"": ""5102214e-82af-4f59-1597-1cf5bfdee4c1"", ""businessDate"": ""1900-01-01T00:00:00.000000""}",,2026-08-31T10:43:01.816Z
e10-main,INITIALIZATION,01a0575b-a7ae-7a5c-8e45-126ae52bb67e,inventory,ITEM_WAREHOUSE,360,COMMITTED,1000,1000,0,0,0,132.276,0,null,"{""sourcePk"": ""cf970422-fae8-486e-7e92-1cf68b3f46b3"", ""businessDate"": ""1900-01-01T00:00:00.000000""}",,2026-08-31T10:43:02.156Z
e10-main,INITIALIZATION,01a0575b-a7ae-7a5c-8e45-126ae52bb67e,inventory,ITEM_WAREHOUSE,361,COMMITTED,1000,1000,0,0,0,133.392,0,null,"{""sourcePk"": ""6a186595-091a-4870-0ea1-1cf8f77c6936"", ""businessDate"": ""1900-01-01T00:00:00.000000""}",,2026-08-31T10:43:02.513Z
e10-main,INITIALIZATION,01a0575b-a7ae-7a5c-8e45-126ae52bb67e,inventory,ITEM_WAREHOUSE,362,COMMITTED,1000,1000,0,0,0,130.590,0,null,"{""sourcePk"": ""7634404c-3511-419b-1fb3-1cf9bdece4ae"", ""businessDate"": ""1900-01-01T00:00:00.000000""}",,2026-08-31T10:43:02.850Z
e10-main,INITIALIZATION,01a0575b-a7ae-7a5c-8e45-126ae52bb67e,inventory,ITEM_WAREHOUSE,363,COMMITTED,1000,1000,0,0,0,134.377,0,null,"{""sourcePk"": ""e0496f9e-53e4-4b37-79bc-1cfb11cd5442"", ""businessDate"": ""1900-01-01T00:00:00.000000""}",,2026-08-31T10:43:03.192Z
e10-main,INITIALIZATION,01a0575b-a7ae-7a5c-8e45-126ae52bb67e,inventory,ITEM_WAREHOUSE,364,COMMITTED,1000,1000,0,0,0,155.658,0,null,"{""sourcePk"": ""9b7a79b9-bbbb-4a34-2db8-1cfcd9e66edb"", ""businessDate"": ""1900-01-01T00:00:00.000000""}",,2026-08-31T10:43:03.561Z
e10-main,INITIALIZATION,01a0575b-a7ae-7a5c-8e45-126ae52bb67e,inventory,ITEM_WAREHOUSE,365,COMMITTED,1000,1000,0,0,0,135.613,0,null,"{""sourcePk"": ""10d62816-6d40-4dc6-c7a2-1cfe8a910adf"", ""businessDate"": ""1900-01-01T00:00:00.000000""}",,2026-08-31T10:43:03.908Z
e10-main,INITIALIZATION,01a0575b-a7ae-7a5c-8e45-126ae52bb67e,inventory,ITEM_WAREHOUSE,366,COMMITTED,1000,1000,0,0,0,131.650,0,null,"{""sourcePk"": ""dadbc2f6-12d2-4ff4-3fa6-1d00cd807df1"", ""businessDate"": ""1900-01-01T00:00:00.000000""}",,2026-08-31T10:43:04.236Z
e10-main,INITIALIZATION,01a0575b-a7ae-7a5c-8e45-126ae52bb67e,inventory,ITEM_WAREHOUSE,367,COMMITTED,1000,1000,0,0,0,131.928,0,null,"{""sourcePk"": ""33f2f3d3-6197-42f0-938d-1d03c87d0165"", ""businessDate"": ""1900-01-01T00:00:00.000000""}",,2026-08-31T10:43:04.578Z
e10-main,INITIALIZATION,01a0575b-a7ae-7a5c-8e45-126ae52bb67e,inventory,ITEM_WAREHOUSE,368,COMMITTED,1000,1000,0,0,0,136.383,0,null,"{""sourcePk"": ""aec03b74-1077-4553-7fa8-1d0586622e00"", ""businessDate"": ""1900-01-01T00:00:00.000000""}",,2026-08-31T10:43:04.915Z
e10-main,INITIALIZATION,01a0575b-a7ae-7a5c-8e45-126ae52bb67e,inventory,ITEM_WAREHOUSE,369,COMMITTED,1000,1000,0,0,0,131.508,0,null,"{""sourcePk"": ""77ee992e-c6b5-42b9-6185-1d08652794f0"", ""businessDate"": ""1900-01-01T00:00:00.000000""}",,2026-08-31T10:43:05.255Z
e10-main,INITIALIZATION,01a0575b-a7ae-7a5c-8e45-126ae52bb67e,inventory,ITEM_WAREHOUSE,370,COMMITTED,1000,1000,0,0,0,132.352,0,null,"{""sourcePk"": ""79d081d3-fe05-4d76-3784-1d0a068a3ffe"", ""businessDate"": ""1900-01-01T00:00:00.000000""}",,2026-08-31T10:43:05.592Z
e10-main,INITIALIZATION,01a0575b-a7ae-7a5c-8e45-126ae52bb67e,inventory,ITEM_WAREHOUSE,371,COMMITTED,1000,1000,0,0,0,130.053,0,null,"{""sourcePk"": ""393328ff-ab24-4611-f0b8-1d0b068d9c24"", ""businessDate"": ""1900-01-01T00:00:00.000000""}",,2026-08-31T10:43:05.926Z
e10-main,INITIALIZATION,01a0575b-a7ae-7a5c-8e45-126ae52bb67e,inventory,ITEM_WAREHOUSE,372,COMMITTED,1000,1000,0,0,0,133.586,0,null,"{""sourcePk"": ""b82b3059-8fa8-4a6d-1e88-1d0d575b1f56"", ""businessDate"": ""1900-01-01T00:00:00.000000""}",,2026-08-31T10:43:06.266Z
e10-main,INITIALIZATION,01a0575b-a7ae-7a5c-8e45-126ae52bb67e,inventory,ITEM_WAREHOUSE,373,COMMITTED,1000,1000,0,0,0,132.468,0,null,"{""sourcePk"": ""76f27aa5-933b-4458-439e-1d104066efd8"", ""businessDate"": ""1900-01-01T00:00:00.000000""}",,2026-08-31T10:43:06.658Z
e10-main,INITIALIZATION,01a0575b-a7ae-7a5c-8e45-126ae52bb67e,inventory,ITEM_WAREHOUSE,374,COMMITTED,1000,1000,0,0,0,132.661,0,null,"{""sourcePk"": ""a3c1b425-b306-4eae-d39d-1d106ed78fd4"", ""businessDate"": ""1900-01-01T00:00:00.000000""}",,2026-08-31T10:43:07.028Z
e10-main,INITIALIZATION,01a0575b-a7ae-7a5c-8e45-126ae52bb67e,inventory,ITEM_WAREHOUSE,375,COMMITTED,1000,1000,0,0,0,131.410,0,null,"{""sourcePk"": ""b0a71af8-6352-43b4-17b1-1d11f290b993"", ""businessDate"": ""1900-01-01T00:00:00.000000""}",,2026-08-31T10:43:07.375Z
e10-main,INITIALIZATION,01a0575b-a7ae-7a5c-8e45-126ae52bb67e,inventory,ITEM_WAREHOUSE,376,COMMITTED,1000,1000,0,0,0,134.750,0,null,"{""sourcePk"": ""100c30cc-ee67-4bee-fe9c-1d148da8ebf8"", ""businessDate"": ""1900-01-01T00:00:00.000000""}",,2026-08-31T10:43:07.713Z
e10-main,INITIALIZATION,01a0575b-a7ae-7a5c-8e45-126ae52bb67e,inventory,ITEM_WAREHOUSE,377,COMMITTED,1000,1000,0,0,0,131.658,0,null,"{""sourcePk"": ""1133e567-1064-4f6c-91bd-1d15c9b85614"", ""businessDate"": ""1900-01-01T00:00:00.000000""}",,2026-08-31T10:43:08.050Z
e10-main,INITIALIZATION,01a0575b-a7ae-7a5c-8e45-126ae52bb67e,inventory,ITEM_WAREHOUSE,378,COMMITTED,1000,1000,0,0,0,131.265,0,null,"{""sourcePk"": ""e554dfac-3ab5-40c0-45b5-1d1852e962bd"", ""businessDate"": ""1900-01-01T00:00:00.000000""}",,2026-08-31T10:43:08.388Z
e10-main,INITIALIZATION,01a0575b-a7ae-7a5c-8e45-126ae52bb67e,inventory,ITEM_WAREHOUSE,379,COMMITTED,1000,1000,0,0,0,136.760,0,null,"{""sourcePk"": ""7d2d54ee-cfd5-477e-d19d-1d1abb4e6cd6"", ""businessDate"": ""1900-01-01T00:00:00.000000""}",,2026-08-31T10:43:08.730Z
e10-main,INITIALIZATION,01a0575b-a7ae-7a5c-8e45-126ae52bb67e,inventory,ITEM_WAREHOUSE,380,COMMITTED,1000,1000,0,0,0,135.104,0,null,"{""sourcePk"": ""5158ead8-9e90-4db4-dfba-1d1c554b362a"", ""businessDate"": ""1900-01-01T00:00:00.000000""}",,2026-08-31T10:43:09.071Z
e10-main,INITIALIZATION,01a0575b-a7ae-7a5c-8e45-126ae52bb67e,inventory,ITEM_WAREHOUSE,381,COMMITTED,1000,1000,0,0,0,132.682,0,null,"{""sourcePk"": ""2e910a40-56cb-446e-c6a8-1d1e818f15c4"", ""businessDate"": ""1900-01-01T00:00:00.000000""}",,2026-08-31T10:43:09.413Z
e10-main,INITIALIZATION,01a0575b-a7ae-7a5c-8e45-126ae52bb67e,inventory,ITEM_WAREHOUSE,382,COMMITTED,1000,1000,0,0,0,133.003,0,null,"{""sourcePk"": ""b4326bd9-73c9-41ad-db95-1d200558ab00"", ""businessDate"": ""1900-01-01T00:00:00.000000""}",,2026-08-31T10:43:09.765Z
e10-main,INITIALIZATION,01a0575b-a7ae-7a5c-8e45-126ae52bb67e,inventory,ITEM_WAREHOUSE,383,COMMITTED,1000,1000,0,0,0,146.115,0,null,"{""sourcePk"": ""60304cbd-8fe9-41a1-e0b6-1d20dafd37fb"", ""businessDate"": ""1900-01-01T00:00:00.000000""}",,2026-08-31T10:43:10.129Z
e10-main,INITIALIZATION,01a0575b-a7ae-7a5c-8e45-126ae52bb67e,inventory,ITEM_WAREHOUSE,384,COMMITTED,1000,1000,0,0,0,132.403,0,null,"{""sourcePk"": ""e2ed0c8d-dcb5-430f-b682-1d22562ca0e2"", ""businessDate"": ""1900-01-01T00:00:00.000000""}",,2026-08-31T10:43:10.468Z
e10-main,INITIALIZATION,01a0575b-a7ae-7a5c-8e45-126ae52bb67e,inventory,ITEM_WAREHOUSE,385,COMMITTED,1000,1000,0,0,0,138.013,0,null,"{""sourcePk"": ""6c2510f4-e6f9-48de-8891-1d23e5c712ed"", ""businessDate"": ""1900-01-01T00:00:00.000000""}",,2026-08-31T10:43:10.817Z
e10-main,INITIALIZATION,01a0575b-a7ae-7a5c-8e45-126ae52bb67e,inventory,ITEM_WAREHOUSE,386,COMMITTED,1000,1000,0,0,0,133.043,0,null,"{""sourcePk"": ""07d54a37-d05f-4e16-0391-1d257ef466f4"", ""businessDate"": ""1900-01-01T00:00:00.000000""}",,2026-08-31T10:43:11.155Z
e10-main,INITIALIZATION,01a0575b-a7ae-7a5c-8e45-126ae52bb67e,inventory,ITEM_WAREHOUSE,387,COMMITTED,1000,1000,0,0,0,130.747,0,null,"{""sourcePk"": ""baee4f49-5054-41e3-4b8b-1d265ce4c53a"", ""businessDate"": ""1900-01-01T00:00:00.000000""}",,2026-08-31T10:43:11.493Z
e10-main,INITIALIZATION,01a0575b-a7ae-7a5c-8e45-126ae52bb67e,inventory,ITEM_WAREHOUSE,388,COMMITTED,1000,1000,0,0,0,136.044,0,null,"{""sourcePk"": ""d9567e5a-3b47-42bc-859a-1d29a62e778e"", ""businessDate"": ""1900-01-01T00:00:00.000000""}",,2026-08-31T10:43:11.842Z
e10-main,INITIALIZATION,01a0575b-a7ae-7a5c-8e45-126ae52bb67e,inventory,ITEM_WAREHOUSE,389,COMMITTED,1000,1000,0,0,0,135.081,0,null,"{""sourcePk"": ""cce423d1-0e36-4e8b-d295-1d2b2dc7b443"", ""businessDate"": ""1900-01-01T00:00:00.000000""}",,2026-08-31T10:43:12.190Z
e10-main,INITIALIZATION,01a0575b-a7ae-7a5c-8e45-126ae52bb67e,inventory,ITEM_WAREHOUSE,390,COMMITTED,1000,1000,0,0,0,136.369,0,null,"{""sourcePk"": ""b727dcbe-4c2d-427c-f4b0-1d2d61ee3aa6"", ""businessDate"": ""1900-01-01T00:00:00.000000""}",,2026-08-31T10:43:12.533Z
e10-main,INITIALIZATION,01a0575b-a7ae-7a5c-8e45-126ae52bb67e,inventory,ITEM_WAREHOUSE,391,COMMITTED,1000,1000,0,0,0,133.629,0,null,"{""sourcePk"": ""b4b3cd7e-8964-46c7-0ab4-1d2feb19583b"", ""businessDate"": ""1900-01-01T00:00:00.000000""}",,2026-08-31T10:43:12.872Z
e10-main,INITIALIZATION,01a0575b-a7ae-7a5c-8e45-126ae52bb67e,inventory,ITEM_WAREHOUSE,392,COMMITTED,1000,1000,0,0,0,133.040,0,null,"{""sourcePk"": ""f49a486e-c14b-4396-5896-1d31a96221ee"", ""businessDate"": ""1900-01-01T00:00:00.000000""}",,2026-08-31T10:43:13.207Z
e10-main,INITIALIZATION,01a0575b-a7ae-7a5c-8e45-126ae52bb67e,inventory,ITEM_WAREHOUSE,393,COMMITTED,1000,1000,0,0,0,119.225,0,null,"{""sourcePk"": ""00d037ca-df58-4977-53ab-1d333cc078a6"", ""businessDate"": ""1900-01-01T00:00:00.000000""}",,2026-08-31T10:43:13.532Z
e10-main,INITIALIZATION,01a0575b-a7ae-7a5c-8e45-126ae52bb67e,inventory,ITEM_WAREHOUSE,394,COMMITTED,1000,1000,0,0,0,132.552,0,null,"{""sourcePk"": ""e60c42f9-7d3e-47b7-6aad-1d362bf8a4c4"", ""businessDate"": ""1900-01-01T00:00:00.000000""}",,2026-08-31T10:43:13.873Z
e10-main,INITIALIZATION,01a0575b-a7ae-7a5c-8e45-126ae52bb67e,inventory,ITEM_WAREHOUSE,395,COMMITTED,1000,1000,0,0,0,133.629,0,null,"{""sourcePk"": ""70ac971d-3f80-473e-8681-1d37c61685cc"", ""businessDate"": ""1900-01-01T00:00:00.000000""}",,2026-08-31T10:43:14.209Z
e10-main,INITIALIZATION,01a0575b-a7ae-7a5c-8e45-126ae52bb67e,inventory,ITEM_WAREHOUSE,396,COMMITTED,1000,1000,0,0,0,131.053,0,null,"{""sourcePk"": ""336bc1a1-8799-42a2-d68c-1d396005aead"", ""businessDate"": ""1900-01-01T00:00:00.000000""}",,2026-08-31T10:43:14.545Z
e10-main,INITIALIZATION,01a0575b-a7ae-7a5c-8e45-126ae52bb67e,inventory,ITEM_WAREHOUSE,397,COMMITTED,1000,1000,0,0,0,158.201,0,null,"{""sourcePk"": ""40dcd7e7-bed4-4634-9fa7-1d3bba5ba97e"", ""businessDate"": ""1900-01-01T00:00:00.000000""}",,2026-08-31T10:43:14.916Z
e10-main,INITIALIZATION,01a0575b-a7ae-7a5c-8e45-126ae52bb67e,inventory,ITEM_WAREHOUSE,398,COMMITTED,1000,1000,0,0,0,133.494,0,null,"{""sourcePk"": ""42604456-0de7-45c0-a5b9-1d3ddb8525c3"", ""businessDate"": ""1900-01-01T00:00:00.000000""}",,2026-08-31T10:43:15.255Z
e10-main,INITIALIZATION,01a0575b-a7ae-7a5c-8e45-126ae52bb67e,inventory,ITEM_WAREHOUSE,399,COMMITTED,1000,1000,0,0,0,131.248,0,null,"{""sourcePk"": ""b863f3e9-d313-4eae-8ea8-1d3f0feb7c41"", ""businessDate"": ""1900-01-01T00:00:00.000000""}",,2026-08-31T10:43:15.593Z
e10-main,INITIALIZATION,01a0575b-a7ae-7a5c-8e45-126ae52bb67e,inventory,ITEM_WAREHOUSE,400,COMMITTED,1000,1000,0,0,0,132.057,0,null,"{""sourcePk"": ""afcc65b1-e8d8-4b85-84b1-1d42f92a83d3"", ""businessDate"": ""1900-01-01T00:00:00.000000""}",,2026-08-31T10:43:15.931Z
e10-main,INITIALIZATION,01a0575b-a7ae-7a5c-8e45-126ae52bb67e,inventory,ITEM_WAREHOUSE,401,COMMITTED,1000,1000,0,0,0,131.269,0,null,"{""sourcePk"": ""f71f87eb-64db-4243-7bbb-1d46df6a1ee3"", ""businessDate"": ""1900-01-01T00:00:00.000000""}",,2026-08-31T10:43:16.269Z
e10-main,INITIALIZATION,01a0575b-a7ae-7a5c-8e45-126ae52bb67e,inventory,ITEM_WAREHOUSE,402,COMMITTED,1000,1000,0,0,0,135.639,0,null,"{""sourcePk"": ""c28e4b3b-64ed-4fa7-5a83-1d527fd6d3dc"", ""businessDate"": ""1900-01-01T00:00:00.000000""}",,2026-08-31T10:43:16.612Z
e10-main,INITIALIZATION,01a0575b-a7ae-7a5c-8e45-126ae52bb67e,inventory,ITEM_WAREHOUSE,403,COMMITTED,1000,1000,0,0,0,132.218,0,null,"{""sourcePk"": ""98b33e38-95fd-42c4-bf98-1d55a0920e20"", ""businessDate"": ""1900-01-01T00:00:00.000000""}",,2026-08-31T10:43:16.950Z
e10-main,INITIALIZATION,01a0575b-a7ae-7a5c-8e45-126ae52bb67e,inventory,ITEM_WAREHOUSE,404,COMMITTED,1000,1000,0,0,0,132.807,0,null,"{""sourcePk"": ""11e17ec2-228f-4571-8995-1d57078bd5b0"", ""businessDate"": ""1900-01-01T00:00:00.000000""}",,2026-08-31T10:43:17.293Z
e10-main,INITIALIZATION,01a0575b-a7ae-7a5c-8e45-126ae52bb67e,inventory,ITEM_WAREHOUSE,405,COMMITTED,1000,1000,0,0,0,133.903,0,null,"{""sourcePk"": ""85dd024e-5910-4257-efb8-1d59ab3f5b1b"", ""businessDate"": ""1900-01-01T00:00:00.000000""}",,2026-08-31T10:43:17.631Z
e10-main,INITIALIZATION,01a0575b-a7ae-7a5c-8e45-126ae52bb67e,inventory,ITEM_WAREHOUSE,406,COMMITTED,1000,1000,0,0,0,134.329,0,null,"{""sourcePk"": ""2c9dcade-24b5-4cd4-d9af-1d5cb30cfe2e"", ""businessDate"": ""1900-01-01T00:00:00.000000""}",,2026-08-31T10:43:17.975Z
e10-main,INITIALIZATION,01a0575b-a7ae-7a5c-8e45-126ae52bb67e,inventory,ITEM_WAREHOUSE,407,COMMITTED,1000,1000,0,0,0,131.153,0,null,"{""sourcePk"": ""bccb083d-c347-49a5-71b5-1d5faa1270f8"", ""businessDate"": ""1900-01-01T00:00:00.000000""}",,2026-08-31T10:43:18.313Z
e10-main,INITIALIZATION,01a0575b-a7ae-7a5c-8e45-126ae52bb67e,inventory,ITEM_WAREHOUSE,408,COMMITTED,1000,1000,0,0,0,130.800,0,null,"{""sourcePk"": ""b63348b0-43f4-47ce-dc98-1d62db962b66"", ""businessDate"": ""1900-01-01T00:00:00.000000""}",,2026-08-31T10:43:18.647Z
e10-main,INITIALIZATION,01a0575b-a7ae-7a5c-8e45-126ae52bb67e,inventory,ITEM_WAREHOUSE,409,COMMITTED,1000,1000,0,0,0,133.728,0,null,"{""sourcePk"": ""ca3a6a3a-24ea-4adc-e5b2-1d65305baa62"", ""businessDate"": ""1900-01-01T00:00:00.000000""}",,2026-08-31T10:43:18.970Z
e10-main,INITIALIZATION,01a0575b-a7ae-7a5c-8e45-126ae52bb67e,inventory,ITEM_WAREHOUSE,410,COMMITTED,1000,1000,0,0,0,131.579,0,null,"{""sourcePk"": ""a02f86b8-63c0-42c5-f292-1d66f4ea9252"", ""businessDate"": ""1900-01-01T00:00:00.000000""}",,2026-08-31T10:43:19.305Z
e10-main,INITIALIZATION,01a0575b-a7ae-7a5c-8e45-126ae52bb67e,inventory,ITEM_WAREHOUSE,411,COMMITTED,1000,1000,0,0,0,132.591,0,null,"{""sourcePk"": ""fe56ea0f-2bb7-4210-3b92-1d67d203fdeb"", ""businessDate"": ""1900-01-01T00:00:00.000000""}",,2026-08-31T10:43:19.642Z
e10-main,INITIALIZATION,01a0575b-a7ae-7a5c-8e45-126ae52bb67e,inventory,ITEM_WAREHOUSE,412,COMMITTED,1000,1000,0,0,0,133.689,0,null,"{""sourcePk"": ""9be326f8-d7e7-4565-3584-1d69dba331ce"", ""businessDate"": ""1900-01-01T00:00:00.000000""}",,2026-08-31T10:43:19.980Z
e10-main,INITIALIZATION,01a0575b-a7ae-7a5c-8e45-126ae52bb67e,inventory,ITEM_WAREHOUSE,413,COMMITTED,1000,1000,0,0,0,131.023,0,null,"{""sourcePk"": ""0b7aad77-da16-4bc3-1291-1d6d09f77695"", ""businessDate"": ""1900-01-01T00:00:00.000000""}",,2026-08-31T10:43:20.316Z
e10-main,INITIALIZATION,01a0575b-a7ae-7a5c-8e45-126ae52bb67e,inventory,ITEM_WAREHOUSE,414,COMMITTED,1000,1000,0,0,0,130.033,0,null,"{""sourcePk"": ""cbf9abf8-b171-48ae-4f9d-1d6f5f4259a8"", ""businessDate"": ""1900-01-01T00:00:00.000000""}",,2026-08-31T10:43:20.645Z
e10-main,INITIALIZATION,01a0575b-a7ae-7a5c-8e45-126ae52bb67e,inventory,ITEM_WAREHOUSE,415,COMMITTED,1000,1000,0,0,0,133.893,0,null,"{""sourcePk"": ""fed05014-98af-4f59-48b3-1d741195e724"", ""businessDate"": ""1900-01-01T00:00:00.000000""}",,2026-08-31T10:43:20.996Z
e10-main,INITIALIZATION,01a0575b-a7ae-7a5c-8e45-126ae52bb67e,inventory,ITEM_WAREHOUSE,416,COMMITTED,1000,1000,0,0,0,130.632,0,null,"{""sourcePk"": ""78164ff7-2a59-4989-e0b3-1d7452c6944f"", ""businessDate"": ""1900-01-01T00:00:00.000000""}",,2026-08-31T10:43:21.327Z
e10-main,INITIALIZATION,01a0575b-a7ae-7a5c-8e45-126ae52bb67e,inventory,ITEM_WAREHOUSE,417,COMMITTED,1000,1000,0,0,0,130.485,0,null,"{""sourcePk"": ""2f0c2dbd-83bb-4809-cd9e-1d77629735a7"", ""businessDate"": ""1900-01-01T00:00:00.000000""}",,2026-08-31T10:43:21.660Z
e10-main,INITIALIZATION,01a0575b-a7ae-7a5c-8e45-126ae52bb67e,inventory,ITEM_WAREHOUSE,418,COMMITTED,1000,1000,0,0,0,131.831,0,null,"{""sourcePk"": ""0a30b44f-1450-40bb-1cb7-1d790b4d990e"", ""businessDate"": ""1900-01-01T00:00:00.000000""}",,2026-08-31T10:43:21.991Z
e10-main,INITIALIZATION,01a0575b-a7ae-7a5c-8e45-126ae52bb67e,inventory,ITEM_WAREHOUSE,419,COMMITTED,1000,1000,0,0,0,132.254,0,null,"{""sourcePk"": ""f3c30150-7915-41da-1fbd-1d7c07cb0ad9"", ""businessDate"": ""1900-01-01T00:00:00.000000""}",,2026-08-31T10:43:22.330Z
e10-main,INITIALIZATION,01a0575b-a7ae-7a5c-8e45-126ae52bb67e,inventory,ITEM_WAREHOUSE,420,COMMITTED,1000,1000,0,0,0,132.096,0,null,"{""sourcePk"": ""0eb58c2b-c615-4648-27a4-1d7fd7d2bbd4"", ""businessDate"": ""1900-01-01T00:00:00.000000""}",,2026-08-31T10:43:22.665Z
e10-main,INITIALIZATION,01a0575b-a7ae-7a5c-8e45-126ae52bb67e,inventory,ITEM_WAREHOUSE,421,COMMITTED,1000,1000,0,0,0,139.057,0,null,"{""sourcePk"": ""0e068c68-81d3-468a-1e87-1d81a656dd78"", ""businessDate"": ""1900-01-01T00:00:00.000000""}",,2026-08-31T10:43:23.017Z
e10-main,INITIALIZATION,01a0575b-a7ae-7a5c-8e45-126ae52bb67e,inventory,ITEM_WAREHOUSE,422,COMMITTED,1000,1000,0,0,0,130.455,0,null,"{""sourcePk"": ""d8b2c356-7a3d-45cb-94bc-1d83d4e4a439"", ""businessDate"": ""1900-01-01T00:00:00.000000""}",,2026-08-31T10:43:23.355Z
e10-main,INITIALIZATION,01a0575b-a7ae-7a5c-8e45-126ae52bb67e,inventory,ITEM_WAREHOUSE,423,COMMITTED,1000,1000,0,0,0,134.416,0,null,"{""sourcePk"": ""24a09d24-6bcf-4333-abaf-1d87be3784d5"", ""businessDate"": ""1900-01-01T00:00:00.000000""}",,2026-08-31T10:43:23.698Z
e10-main,INITIALIZATION,01a0575b-a7ae-7a5c-8e45-126ae52bb67e,inventory,ITEM_WAREHOUSE,424,COMMITTED,1000,1000,0,0,0,132.511,0,null,"{""sourcePk"": ""2db89be4-ab18-43a3-d48f-1d8b12620fc0"", ""businessDate"": ""1900-01-01T00:00:00.000000""}",,2026-08-31T10:43:24.037Z
e10-main,INITIALIZATION,01a0575b-a7ae-7a5c-8e45-126ae52bb67e,inventory,ITEM_WAREHOUSE,425,COMMITTED,1000,1000,0,0,0,132.051,0,null,"{""sourcePk"": ""a706e1e3-09b2-4c8e-daa4-1d8e1030940b"", ""businessDate"": ""1900-01-01T00:00:00.000000""}",,2026-08-31T10:43:24.377Z
e10-main,INITIALIZATION,01a0575b-a7ae-7a5c-8e45-126ae52bb67e,inventory,ITEM_WAREHOUSE,426,COMMITTED,1000,1000,0,0,0,134.887,0,null,"{""sourcePk"": ""b917788b-78ec-4a71-85b0-1d921b41bad3"", ""businessDate"": ""1900-01-01T00:00:00.000000""}",,2026-08-31T10:43:24.717Z
e10-main,INITIALIZATION,01a0575b-a7ae-7a5c-8e45-126ae52bb67e,inventory,ITEM_WAREHOUSE,427,COMMITTED,1000,1000,0,0,0,132.498,0,null,"{""sourcePk"": ""3d0e9afd-79a8-4041-1293-1d95dc0913b4"", ""businessDate"": ""1900-01-01T00:00:00.000000""}",,2026-08-31T10:43:25.055Z
e10-main,INITIALIZATION,01a0575b-a7ae-7a5c-8e45-126ae52bb67e,inventory,ITEM_WAREHOUSE,428,COMMITTED,1000,1000,0,0,0,131.511,0,null,"{""sourcePk"": ""d70df1d0-c4d2-49f2-d48a-1d984f6228e1"", ""businessDate"": ""1900-01-01T00:00:00.000000""}",,2026-08-31T10:43:25.389Z
e10-main,INITIALIZATION,01a0575b-a7ae-7a5c-8e45-126ae52bb67e,inventory,ITEM_WAREHOUSE,429,COMMITTED,1000,1000,0,0,0,132.993,0,null,"{""sourcePk"": ""ca295dd9-a9d7-46ca-4990-1d9b9fa4bd25"", ""businessDate"": ""1900-01-01T00:00:00.000000""}",,2026-08-31T10:43:25.733Z
e10-main,INITIALIZATION,01a0575b-a7ae-7a5c-8e45-126ae52bb67e,inventory,ITEM_WAREHOUSE,430,COMMITTED,1000,1000,0,0,0,156.890,0,null,"{""sourcePk"": ""26157efb-1c4e-4470-4485-1d9e1b940083"", ""businessDate"": ""1900-01-01T00:00:00.000000""}",,2026-08-31T10:43:26.093Z
e10-main,INITIALIZATION,01a0575b-a7ae-7a5c-8e45-126ae52bb67e,inventory,ITEM_WAREHOUSE,431,COMMITTED,1000,1000,0,0,0,130.685,0,null,"{""sourcePk"": ""25000477-65bb-43a0-ae88-1d9e8af00139"", ""businessDate"": ""1900-01-01T00:00:00.000000""}",,2026-08-31T10:43:26.428Z
e10-main,INITIALIZATION,01a0575b-a7ae-7a5c-8e45-126ae52bb67e,inventory,ITEM_WAREHOUSE,432,COMMITTED,1000,1000,0,0,0,130.493,0,null,"{""sourcePk"": ""05f8e7ea-3643-44a6-7381-1da203e26572"", ""businessDate"": ""1900-01-01T00:00:00.000000""}",,2026-08-31T10:43:26.765Z
e10-main,INITIALIZATION,01a0575b-a7ae-7a5c-8e45-126ae52bb67e,inventory,ITEM_WAREHOUSE,433,COMMITTED,1000,1000,0,0,0,132.405,0,null,"{""sourcePk"": ""4c98a2d1-fa5b-480c-74a3-1da5d39cfb13"", ""businessDate"": ""1900-01-01T00:00:00.000000""}",,2026-08-31T10:43:27.100Z
e10-main,INITIALIZATION,01a0575b-a7ae-7a5c-8e45-126ae52bb67e,inventory,ITEM_WAREHOUSE,434,COMMITTED,1000,1000,0,0,0,135.215,0,null,"{""sourcePk"": ""868b91b0-c576-4a2f-5882-1da8bc447b15"", ""businessDate"": ""1900-01-01T00:00:00.000000""}",,2026-08-31T10:43:27.438Z
e10-main,INITIALIZATION,01a0575b-a7ae-7a5c-8e45-126ae52bb67e,inventory,ITEM_WAREHOUSE,435,COMMITTED,1000,1000,0,0,0,132.548,0,null,"{""sourcePk"": ""95e09525-a28b-4b65-37b5-1da9df34ec7f"", ""businessDate"": ""1900-01-01T00:00:00.000000""}",,2026-08-31T10:43:27.780Z
e10-main,INITIALIZATION,01a0575b-a7ae-7a5c-8e45-126ae52bb67e,inventory,ITEM_WAREHOUSE,436,COMMITTED,1000,1000,0,0,0,133.953,0,null,"{""sourcePk"": ""7c466ac6-84fb-4a7f-75ac-1daf13b69012"", ""businessDate"": ""1900-01-01T00:00:00.000000""}",,2026-08-31T10:43:28.128Z
e10-main,INITIALIZATION,01a0575b-a7ae-7a5c-8e45-126ae52bb67e,inventory,ITEM_WAREHOUSE,437,COMMITTED,1000,1000,0,0,0,132.484,0,null,"{""sourcePk"": ""608607ca-5d7d-4833-d1ae-1db0e5dd88f9"", ""businessDate"": ""1900-01-01T00:00:00.000000""}",,2026-08-31T10:43:28.469Z
e10-main,INITIALIZATION,01a0575b-a7ae-7a5c-8e45-126ae52bb67e,inventory,ITEM_WAREHOUSE,438,COMMITTED,1000,1000,0,0,0,133.232,0,null,"{""sourcePk"": ""e8a9ff95-8b70-4c9e-9db2-1db4801aefc0"", ""businessDate"": ""1900-01-01T00:00:00.000000""}",,2026-08-31T10:43:28.805Z
e10-main,INITIALIZATION,01a0575b-a7ae-7a5c-8e45-126ae52bb67e,inventory,ITEM_WAREHOUSE,439,COMMITTED,1000,1000,0,0,0,133.205,0,null,"{""sourcePk"": ""58690507-4cc3-48f2-36b1-1db612e89263"", ""businessDate"": ""1900-01-01T00:00:00.000000""}",,2026-08-31T10:43:29.146Z
e10-main,INITIALIZATION,01a0575b-a7ae-7a5c-8e45-126ae52bb67e,inventory,ITEM_WAREHOUSE,440,COMMITTED,1000,1000,0,0,0,131.661,0,null,"{""sourcePk"": ""fbc4df27-a45f-401d-989a-1db7aa8a2f85"", ""businessDate"": ""1900-01-01T00:00:00.000000""}",,2026-08-31T10:43:29.477Z
e10-main,INITIALIZATION,01a0575b-a7ae-7a5c-8e45-126ae52bb67e,inventory,ITEM_WAREHOUSE,441,COMMITTED,1000,1000,0,0,0,130.945,0,null,"{""sourcePk"": ""2109e051-8e26-4174-b790-1dbb978dba8c"", ""businessDate"": ""1900-01-01T00:00:00.000000""}",,2026-08-31T10:43:29.814Z
e10-main,INITIALIZATION,01a0575b-a7ae-7a5c-8e45-126ae52bb67e,inventory,ITEM_WAREHOUSE,442,COMMITTED,1000,1000,0,0,0,132.976,0,null,"{""sourcePk"": ""2967329e-a07a-4670-4ab3-1dbeb620f4c0"", ""businessDate"": ""1900-01-01T00:00:00.000000""}",,2026-08-31T10:43:30.152Z
e10-main,INITIALIZATION,01a0575b-a7ae-7a5c-8e45-126ae52bb67e,inventory,ITEM_WAREHOUSE,443,COMMITTED,1000,1000,0,0,0,131.521,0,null,"{""sourcePk"": ""91d53082-e7f1-4ea7-8599-1dc1129f0304"", ""businessDate"": ""1900-01-01T00:00:00.000000""}",,2026-08-31T10:43:30.490Z
e10-main,INITIALIZATION,01a0575b-a7ae-7a5c-8e45-126ae52bb67e,inventory,ITEM_WAREHOUSE,444,COMMITTED,1000,1000,0,0,0,134.032,0,null,"{""sourcePk"": ""7a6a32b6-005d-4913-218c-1dc437b7bef0"", ""businessDate"": ""1900-01-01T00:00:00.000000""}",,2026-08-31T10:43:30.828Z
e10-main,INITIALIZATION,01a0575b-a7ae-7a5c-8e45-126ae52bb67e,inventory,ITEM_WAREHOUSE,445,COMMITTED,1000,1000,0,0,0,136.510,0,null,"{""sourcePk"": ""40879d7e-81c1-43ee-0abf-1dc5690e9e48"", ""businessDate"": ""1900-01-01T00:00:00.000000""}",,2026-08-31T10:43:31.171Z
e10-main,INITIALIZATION,01a0575b-a7ae-7a5c-8e45-126ae52bb67e,inventory,ITEM_WAREHOUSE,446,COMMITTED,1000,1000,0,0,0,132.342,0,null,"{""sourcePk"": ""36636eb5-f9bd-4240-e8a4-1dc765b85c8a"", ""businessDate"": ""1900-01-01T00:00:00.000000""}",,2026-08-31T10:43:31.509Z
e10-main,INITIALIZATION,01a0575b-a7ae-7a5c-8e45-126ae52bb67e,inventory,ITEM_WAREHOUSE,447,COMMITTED,1000,1000,0,0,0,130.949,0,null,"{""sourcePk"": ""efcb75fc-600f-4da1-15a6-1dca869e04b2"", ""businessDate"": ""1900-01-01T00:00:00.000000""}",,2026-08-31T10:43:31.847Z
e10-main,INITIALIZATION,01a0575b-a7ae-7a5c-8e45-126ae52bb67e,inventory,ITEM_WAREHOUSE,448,COMMITTED,1000,1000,0,0,0,136.970,0,null,"{""sourcePk"": ""2d12bd6b-c1f9-4754-31b9-1dcc7be5b719"", ""businessDate"": ""1900-01-01T00:00:00.000000""}",,2026-08-31T10:43:32.188Z
e10-main,INITIALIZATION,01a0575b-a7ae-7a5c-8e45-126ae52bb67e,inventory,ITEM_WAREHOUSE,449,COMMITTED,1000,1000,0,0,0,132.437,0,null,"{""sourcePk"": ""95275ac8-2b07-4e8d-5c94-1dcdbf79b8c8"", ""businessDate"": ""1900-01-01T00:00:00.000000""}",,2026-08-31T10:43:32.525Z
e10-main,INITIALIZATION,01a0575b-a7ae-7a5c-8e45-126ae52bb67e,inventory,ITEM_WAREHOUSE,450,COMMITTED,1000,1000,0,0,0,130.860,0,null,"{""sourcePk"": ""d7115985-c272-4882-788f-1dce1230228e"", ""businessDate"": ""1900-01-01T00:00:00.000000""}",,2026-08-31T10:43:32.873Z
e10-main,INITIALIZATION,01a0575b-a7ae-7a5c-8e45-126ae52bb67e,inventory,ITEM_WAREHOUSE,451,COMMITTED,1000,1000,0,0,0,132.613,0,null,"{""sourcePk"": ""45960b90-102e-4ed5-0085-1dd19352846a"", ""businessDate"": ""1900-01-01T00:00:00.000000""}",,2026-08-31T10:43:33.211Z
e10-main,INITIALIZATION,01a0575b-a7ae-7a5c-8e45-126ae52bb67e,inventory,ITEM_WAREHOUSE,452,COMMITTED,1000,1000,0,0,0,129.485,0,null,"{""sourcePk"": ""453a425d-ba76-4aa4-21b2-1dd510d866ca"", ""businessDate"": ""1900-01-01T00:00:00.000000""}",,2026-08-31T10:43:33.545Z
e10-main,INITIALIZATION,01a0575b-a7ae-7a5c-8e45-126ae52bb67e,inventory,ITEM_WAREHOUSE,453,COMMITTED,1000,1000,0,0,0,135.412,0,null,"{""sourcePk"": ""52635781-d6c7-4d1e-bc8b-1dd8085f4525"", ""businessDate"": ""1900-01-01T00:00:00.000000""}",,2026-08-31T10:43:33.876Z
e10-main,INITIALIZATION,01a0575b-a7ae-7a5c-8e45-126ae52bb67e,inventory,ITEM_WAREHOUSE,454,COMMITTED,1000,1000,0,0,0,137.017,0,null,"{""sourcePk"": ""9c15b12e-5cd3-48b4-d1bd-1dda6816d77c"", ""businessDate"": ""1900-01-01T00:00:00.000000""}",,2026-08-31T10:43:34.223Z
e10-main,INITIALIZATION,01a0575b-a7ae-7a5c-8e45-126ae52bb67e,inventory,ITEM_WAREHOUSE,455,COMMITTED,1000,1000,0,0,0,134.218,0,null,"{""sourcePk"": ""8aa95bb2-8bfe-4eb5-6d8b-1ddc216380d6"", ""businessDate"": ""1900-01-01T00:00:00.000000""}",,2026-08-31T10:43:34.563Z
e10-main,INITIALIZATION,01a0575b-a7ae-7a5c-8e45-126ae52bb67e,inventory,ITEM_WAREHOUSE,456,COMMITTED,1000,1000,0,0,0,130.766,0,null,"{""sourcePk"": ""7c1e3ecb-3d2b-4262-069c-1ddda3e411d2"", ""businessDate"": ""1900-01-01T00:00:00.000000""}",,2026-08-31T10:43:34.899Z
e10-main,INITIALIZATION,01a0575b-a7ae-7a5c-8e45-126ae52bb67e,inventory,ITEM_WAREHOUSE,457,COMMITTED,1000,1000,0,0,0,145.382,0,null,"{""sourcePk"": ""2e922aab-d165-4df3-6785-1de085bdbf74"", ""businessDate"": ""1900-01-01T00:00:00.000000""}",,2026-08-31T10:43:35.256Z
e10-main,INITIALIZATION,01a0575b-a7ae-7a5c-8e45-126ae52bb67e,inventory,ITEM_WAREHOUSE,458,COMMITTED,1000,1000,0,0,0,132.469,0,null,"{""sourcePk"": ""939f31c0-6827-4c9c-399e-1de2e6568158"", ""businessDate"": ""1900-01-01T00:00:00.000000""}",,2026-08-31T10:43:35.595Z
e10-main,INITIALIZATION,01a0575b-a7ae-7a5c-8e45-126ae52bb67e,inventory,ITEM_WAREHOUSE,459,COMMITTED,1000,1000,0,0,0,132.591,0,null,"{""sourcePk"": ""5141fb21-497c-40ff-d4a1-1de54e204f2f"", ""businessDate"": ""1900-01-01T00:00:00.000000""}",,2026-08-31T10:43:35.936Z
e10-main,INITIALIZATION,01a0575b-a7ae-7a5c-8e45-126ae52bb67e,inventory,ITEM_WAREHOUSE,460,COMMITTED,144,144,0,0,0,33.675,0,null,"{""sourcePk"": ""dec84979-c88c-4551-5cb9-1de58d693a6b"", ""businessDate"": ""1900-01-01T00:00:00.000000""}",,2026-08-31T10:43:36.131Z
e10-main,INITIALIZATION,01a0575b-a7ae-7a5c-8e45-126ae52bb67e,order_detail,SALES_ORDER_DOC_D,1,COMMITTED,1000,1000,0,0,0,2325.506,0,null,"{""sourcePk"": ""a65ee7fc-0442-4f32-0176-176e8a850b40"", ""businessDate"": ""2020-11-25T00:00:00.000000""}",,2026-08-31T10:27:08.552Z
e10-main,INITIALIZATION,01a0575b-a7ae-7a5c-8e45-126ae52bb67e,order_detail,SALES_ORDER_DOC_D,2,COMMITTED,1000,1000,0,0,0,1825.807,0,null,"{""sourcePk"": ""9a6f0fa7-f86a-4d25-230f-179dd45e5163"", ""businessDate"": ""2021-01-27T00:00:00.000000""}",,2026-08-31T10:27:10.608Z
e10-main,INITIALIZATION,01a0575b-a7ae-7a5c-8e45-126ae52bb67e,order_detail,SALES_ORDER_DOC_D,3,COMMITTED,1000,1000,0,0,0,2398.344,0,null,"{""sourcePk"": ""1876f5fa-8836-4967-f71e-17e1147d75f9"", ""businessDate"": ""2021-04-19T00:00:00.000000""}",,2026-08-31T10:27:13.250Z
e10-main,INITIALIZATION,01a0575b-a7ae-7a5c-8e45-126ae52bb67e,order_detail,SALES_ORDER_DOC_D,4,COMMITTED,1000,1000,0,0,0,2445.570,0,null,"{""sourcePk"": ""c4ce0018-93a0-44b7-cc81-180a523a1e31"", ""businessDate"": ""2021-06-17T00:00:00.000000""}",,2026-08-31T10:27:15.932Z
e10-main,INITIALIZATION,01a0575b-a7ae-7a5c-8e45-126ae52bb67e,order_detail,SALES_ORDER_DOC_D,5,COMMITTED,1000,1000,0,0,0,1671.080,0,null,"{""sourcePk"": ""5cc8cf99-725e-453e-7c26-1855c6ffea87"", ""businessDate"": ""2021-09-15T00:00:00.000000""}",,2026-08-31T10:27:17.849Z
e10-main,INITIALIZATION,01a0575b-a7ae-7a5c-8e45-126ae52bb67e,order_detail,SALES_ORDER_DOC_D,6,COMMITTED,1000,1000,0,0,0,1899.083,0,null,"{""sourcePk"": ""fbd2441f-05c7-4daf-3e3e-1897aac06383"", ""businessDate"": ""2021-12-13T00:00:00.000000""}",,2026-08-31T10:27:19.990Z
e10-main,INITIALIZATION,01a0575b-a7ae-7a5c-8e45-126ae52bb67e,order_detail,SALES_ORDER_DOC_D,7,COMMITTED,1000,1000,0,0,0,1913.933,0,null,"{""sourcePk"": ""4defb08e-9d58-427c-ae4b-18dbee00ca4a"", ""businessDate"": ""2022-03-04T00:00:00.000000""}",,2026-08-31T10:27:22.154Z
e10-main,INITIALIZATION,01a0575b-a7ae-7a5c-8e45-126ae52bb67e,order_detail,SALES_ORDER_DOC_D,8,COMMITTED,1000,1000,0,0,0,1416.550,0,null,"{""sourcePk"": ""d7c4c2fb-764a-4040-c9e9-18f061a725dd"", ""businessDate"": ""2022-03-30T00:00:00.000000""}",,2026-08-31T10:27:23.826Z
e10-main,INITIALIZATION,01a0575b-a7ae-7a5c-8e45-126ae52bb67e,order_detail,SALES_ORDER_DOC_D,9,COMMITTED,1000,1000,0,0,0,1144.273,0,null,"{""sourcePk"": ""29b221c4-1f4b-406c-73fb-1913201898cd"", ""businessDate"": ""2022-05-14T00:00:00.000000""}",,2026-08-31T10:27:25.193Z
e10-main,INITIALIZATION,01a0575b-a7ae-7a5c-8e45-126ae52bb67e,order_detail,SALES_ORDER_DOC_D,10,COMMITTED,1000,1000,0,0,0,1393.762,0,null,"{""sourcePk"": ""1d07e03f-e27c-44c2-baf2-19366c8b5653"", ""businessDate"": ""2022-06-28T00:00:00.000000""}",,2026-08-31T10:27:26.808Z
e10-main,INITIALIZATION,01a0575b-a7ae-7a5c-8e45-126ae52bb67e,order_detail,SALES_ORDER_DOC_D,11,COMMITTED,1000,1000,0,0,0,840.684,0,null,"{""sourcePk"": ""6f03b16b-7b1c-4c88-43fb-1946ce9d79c8"", ""businessDate"": ""2022-07-19T00:00:00.000000""}",,2026-08-31T10:27:27.894Z
e10-main,INITIALIZATION,01a0575b-a7ae-7a5c-8e45-126ae52bb67e,order_detail,SALES_ORDER_DOC_D,12,COMMITTED,1000,1000,0,0,0,868.800,0,null,"{""sourcePk"": ""37ef4066-024d-4f58-87fa-19640ac90060"", ""businessDate"": ""2022-08-25T00:00:00.000000""}",,2026-08-31T10:27:29.015Z
e10-main,INITIALIZATION,01a0575b-a7ae-7a5c-8e45-126ae52bb67e,order_detail,SALES_ORDER_DOC_D,13,COMMITTED,1000,1000,0,0,0,1472.014,0,null,"{""sourcePk"": ""054b991c-87e8-4761-b94d-19962e8db670"", ""businessDate"": ""2022-10-27T00:00:00.000000""}",,2026-08-31T10:27:30.728Z
e10-main,INITIALIZATION,01a0575b-a7ae-7a5c-8e45-126ae52bb67e,order_detail,SALES_ORDER_DOC_D,14,COMMITTED,1000,1000,0,0,0,1149.244,0,null,"{""sourcePk"": ""f62ddd7b-26cb-4d5c-fd6b-19c2e55ec398"", ""businessDate"": ""2022-12-23T00:00:00.000000""}",,2026-08-31T10:27:32.128Z
e10-main,INITIALIZATION,01a0575b-a7ae-7a5c-8e45-126ae52bb67e,order_detail,SALES_ORDER_DOC_D,15,COMMITTED,1000,1000,0,0,0,1342.420,0,null,"{""sourcePk"": ""d46e6ac0-ed2d-4489-88f1-19f1f6762066"", ""businessDate"": ""2023-02-21T00:00:00.000000""}",,2026-08-31T10:27:33.704Z
e10-main,INITIALIZATION,01a0575b-a7ae-7a5c-8e45-126ae52bb67e,order_detail,SALES_ORDER_DOC_D,16,COMMITTED,1000,1000,0,0,0,860.911,0,null,"{""sourcePk"": ""b71b27ef-db38-41e3-1ef5-1a13234cb174"", ""businessDate"": ""2023-04-08T00:00:00.000000""}",,2026-08-31T10:27:34.811Z
e10-main,INITIALIZATION,01a0575b-a7ae-7a5c-8e45-126ae52bb67e,order_detail,SALES_ORDER_DOC_D,17,COMMITTED,1000,1000,0,0,0,931.438,0,null,"{""sourcePk"": ""6181be27-cc37-480b-339a-1a3ca8f6de62"", ""businessDate"": ""2023-05-27T00:00:00.000000""}",,2026-08-31T10:27:35.984Z
e10-main,INITIALIZATION,01a0575b-a7ae-7a5c-8e45-126ae52bb67e,order_detail,SALES_ORDER_DOC_D,18,COMMITTED,1000,1000,0,0,0,760.380,0,null,"{""sourcePk"": ""7069362a-7045-450d-d83d-1a4d4462a31d"", ""businessDate"": ""2023-06-19T00:00:00.000000""}",,2026-08-31T10:27:36.986Z
e10-main,INITIALIZATION,01a0575b-a7ae-7a5c-8e45-126ae52bb67e,order_detail,SALES_ORDER_DOC_D,19,COMMITTED,1000,1000,0,0,0,959.256,0,null,"{""sourcePk"": ""fc290a16-6455-43b8-b034-1a676a104098"", ""businessDate"": ""2023-07-22T00:00:00.000000""}",,2026-08-31T10:27:38.188Z
e10-main,INITIALIZATION,01a0575b-a7ae-7a5c-8e45-126ae52bb67e,order_detail,SALES_ORDER_DOC_D,20,COMMITTED,1000,1000,0,0,0,828.811,0,null,"{""sourcePk"": ""b5c198a6-9407-47f8-b223-1a7c7a55ba9e"", ""businessDate"": ""2023-08-17T00:00:00.000000""}",,2026-08-31T10:27:39.261Z
e10-main,INITIALIZATION,01a0575b-a7ae-7a5c-8e45-126ae52bb67e,order_detail,SALES_ORDER_DOC_D,21,COMMITTED,1000,1000,0,0,0,879.458,0,null,"{""sourcePk"": ""bf848712-02ee-4ba8-92bd-1a91c157480a"", ""businessDate"": ""2023-09-13T00:00:00.000000""}",,2026-08-31T10:27:40.389Z
e10-main,INITIALIZATION,01a0575b-a7ae-7a5c-8e45-126ae52bb67e,order_detail,SALES_ORDER_DOC_D,22,COMMITTED,1000,1000,0,0,0,1089.452,0,null,"{""sourcePk"": ""944106d6-4a1c-4e51-b899-1ab2792414af"", ""businessDate"": ""2023-10-24T00:00:00.000000""}",,2026-08-31T10:27:41.703Z
e10-main,INITIALIZATION,01a0575b-a7ae-7a5c-8e45-126ae52bb67e,order_detail,SALES_ORDER_DOC_D,23,COMMITTED,1000,1000,0,0,0,1365.202,0,null,"{""sourcePk"": ""4487f153-6530-4d58-0201-1ace35781f32"", ""businessDate"": ""2023-11-29T00:00:00.000000""}",,2026-08-31T10:27:43.324Z
e10-main,INITIALIZATION,01a0575b-a7ae-7a5c-8e45-126ae52bb67e,order_detail,SALES_ORDER_DOC_D,24,COMMITTED,1000,1000,0,0,0,821.081,0,null,"{""sourcePk"": ""d8a82414-5bef-4de9-d60d-1ae10c456485"", ""businessDate"": ""2023-12-23T00:00:00.000000""}",,2026-08-31T10:27:44.368Z
e10-main,INITIALIZATION,01a0575b-a7ae-7a5c-8e45-126ae52bb67e,order_detail,SALES_ORDER_DOC_D,25,COMMITTED,1000,1000,0,0,0,892.842,0,null,"{""sourcePk"": ""68220063-a35c-425a-b0c6-1af198fbe2a5"", ""businessDate"": ""2024-01-12T00:00:00.000000""}",,2026-08-31T10:27:45.486Z
e10-main,INITIALIZATION,01a0575b-a7ae-7a5c-8e45-126ae52bb67e,order_detail,SALES_ORDER_DOC_D,26,COMMITTED,1000,1000,0,0,0,805.664,0,null,"{""sourcePk"": ""27a52dab-ea68-4c46-5e06-1b1befca394d"", ""businessDate"": ""2024-03-06T00:00:00.000000""}",,2026-08-31T10:27:46.529Z
e10-main,INITIALIZATION,01a0575b-a7ae-7a5c-8e45-126ae52bb67e,order_detail,SALES_ORDER_DOC_D,27,COMMITTED,1000,1000,0,0,0,800.125,0,null,"{""sourcePk"": ""9ddaebcf-a6dd-40ff-4afb-1b431c188067"", ""businessDate"": ""2024-04-25T00:00:00.000000""}",,2026-08-31T10:27:47.564Z
e10-main,INITIALIZATION,01a0575b-a7ae-7a5c-8e45-126ae52bb67e,order_detail,SALES_ORDER_DOC_D,28,COMMITTED,1000,1000,0,0,0,722.138,0,null,"{""sourcePk"": ""4ba2c47d-3718-4a8a-116b-1b5d3a0a19d4"", ""businessDate"": ""2024-05-30T00:00:00.000000""}",,2026-08-31T10:27:48.521Z
e10-main,INITIALIZATION,01a0575b-a7ae-7a5c-8e45-126ae52bb67e,order_detail,SALES_ORDER_DOC_D,29,COMMITTED,1000,1000,0,0,0,1224.331,0,null,"{""sourcePk"": ""c24cf9d2-bbf5-4a2f-cabf-1b7a56acd3d6"", ""businessDate"": ""2024-07-05T00:00:00.000000""}",,2026-08-31T10:27:49.983Z
e10-main,INITIALIZATION,01a0575b-a7ae-7a5c-8e45-126ae52bb67e,order_detail,SALES_ORDER_DOC_D,30,COMMITTED,1000,1000,0,0,0,796.707,0,null,"{""sourcePk"": ""3fde5c87-2db7-4f6d-e1c0-1b94f6c086cf"", ""businessDate"": ""2024-08-08T00:00:00.000000""}",,2026-08-31T10:27:51.018Z
e10-main,INITIALIZATION,01a0575b-a7ae-7a5c-8e45-126ae52bb67e,order_detail,SALES_ORDER_DOC_D,31,COMMITTED,1000,1000,0,0,0,600.475,0,null,"{""sourcePk"": ""bba0aad0-f824-40fb-99bb-d484671f2375"", ""businessDate"": ""2024-08-27T00:00:00.000000""}",,2026-08-31T10:27:51.853Z
e10-main,INITIALIZATION,01a0575b-a7ae-7a5c-8e45-126ae52bb67e,order_detail,SALES_ORDER_DOC_D,32,COMMITTED,1000,1000,0,0,0,805.893,0,null,"{""sourcePk"": ""74128510-b9c4-43ab-bbc5-aa4624f0080e"", ""businessDate"": ""2024-10-11T00:00:00.000000""}",,2026-08-31T10:27:52.908Z
e10-main,INITIALIZATION,01a0575b-a7ae-7a5c-8e45-126ae52bb67e,order_detail,SALES_ORDER_DOC_D,33,COMMITTED,1000,1000,0,0,0,834.537,0,null,"{""sourcePk"": ""75c8dd8b-6f7f-4791-c7ea-1be1cd4631f3"", ""businessDate"": ""2024-11-13T00:00:00.000000""}",,2026-08-31T10:27:53.988Z
e10-main,INITIALIZATION,01a0575b-a7ae-7a5c-8e45-126ae52bb67e,order_detail,SALES_ORDER_DOC_D,34,COMMITTED,1000,1000,0,0,0,574.604,0,null,"{""sourcePk"": ""c9fca490-f549-4317-f9ad-1becc059996a"", ""businessDate"": ""2024-11-27T00:00:00.000000""}",,2026-08-31T10:27:54.798Z
e10-main,INITIALIZATION,01a0575b-a7ae-7a5c-8e45-126ae52bb67e,order_detail,SALES_ORDER_DOC_D,35,COMMITTED,1000,1000,0,0,0,643.545,0,null,"{""sourcePk"": ""b3e192bb-31a6-47bb-b46a-1bffd07cbd23"", ""businessDate"": ""2024-12-21T00:00:00.000000""}",,2026-08-31T10:27:55.669Z
e10-main,INITIALIZATION,01a0575b-a7ae-7a5c-8e45-126ae52bb67e,order_detail,SALES_ORDER_DOC_D,36,COMMITTED,1000,1000,0,0,0,615.293,0,null,"{""sourcePk"": ""16540457-5250-43de-2a2b-1c3f83d4f00c"", ""businessDate"": ""2025-01-21T00:00:00.000000""}",,2026-08-31T10:27:56.523Z
e10-main,INITIALIZATION,01a0575b-a7ae-7a5c-8e45-126ae52bb67e,order_detail,SALES_ORDER_DOC_D,37,COMMITTED,1000,1000,0,0,0,731.553,0,null,"{""sourcePk"": ""0186fa4c-0f56-4456-ca91-1c404aebd59a"", ""businessDate"": ""2025-03-13T00:00:00.000000""}",,2026-08-31T10:27:57.493Z
e10-main,INITIALIZATION,01a0575b-a7ae-7a5c-8e45-126ae52bb67e,order_detail,SALES_ORDER_DOC_D,38,COMMITTED,1000,1000,0,0,0,530.721,0,null,"{""sourcePk"": ""b82d45ec-f51f-48d4-f717-1c4e75fc386d"", ""businessDate"": ""2025-03-31T00:00:00.000000""}",,2026-08-31T10:27:58.237Z
e10-main,INITIALIZATION,01a0575b-a7ae-7a5c-8e45-126ae52bb67e,order_detail,SALES_ORDER_DOC_D,39,COMMITTED,1000,1000,0,0,0,609.499,0,null,"{""sourcePk"": ""9c9a4867-1e14-4acc-f045-1c5c7fe16e54"", ""businessDate"": ""2025-04-18T00:00:00.000000""}",,2026-08-31T10:27:59.048Z
e10-main,INITIALIZATION,01a0575b-a7ae-7a5c-8e45-126ae52bb67e,order_detail,SALES_ORDER_DOC_D,40,COMMITTED,1000,1000,0,0,0,703.454,0,null,"{""sourcePk"": ""a4019cfe-abae-48e8-c4d7-1c796a11b9f9"", ""businessDate"": ""2025-05-25T00:00:00.000000""}",,2026-08-31T10:27:59.962Z
e10-main,INITIALIZATION,01a0575b-a7ae-7a5c-8e45-126ae52bb67e,order_detail,SALES_ORDER_DOC_D,41,COMMITTED,1000,1000,0,0,0,713.346,0,null,"{""sourcePk"": ""e413bf7e-ac16-43ac-6e84-1c8c4fa2127e"", ""businessDate"": ""2025-06-18T00:00:00.000000""}",,2026-08-31T10:28:00.884Z
e10-main,INITIALIZATION,01a0575b-a7ae-7a5c-8e45-126ae52bb67e,order_detail,SALES_ORDER_DOC_D,42,COMMITTED,1000,1000,0,0,0,555.104,0,null,"{""sourcePk"": ""8ec82ebd-32a6-4b9d-ff76-1c9f4d50f487"", ""businessDate"": ""2025-07-14T00:00:00.000000""}",,2026-08-31T10:28:01.668Z
e10-main,INITIALIZATION,01a0575b-a7ae-7a5c-8e45-126ae52bb67e,order_detail,SALES_ORDER_DOC_D,43,COMMITTED,1000,1000,0,0,0,597.330,0,null,"{""sourcePk"": ""751ff7dd-bdaf-4688-aff4-1cb310ba771f"", ""businessDate"": ""2025-08-06T00:00:00.000000""}",,2026-08-31T10:28:02.508Z
e10-main,INITIALIZATION,01a0575b-a7ae-7a5c-8e45-126ae52bb67e,order_detail,SALES_ORDER_DOC_D,44,COMMITTED,1000,1000,0,0,0,493.208,0,null,"{""sourcePk"": ""9fc6e3ab-ba30-4c95-e817-1cb9eb8ca9ea"", ""businessDate"": ""2025-08-15T00:00:00.000000""}",,2026-08-31T10:28:03.245Z
e10-main,INITIALIZATION,01a0575b-a7ae-7a5c-8e45-126ae52bb67e,order_detail,SALES_ORDER_DOC_D,45,COMMITTED,1000,1000,0,0,0,639.749,0,null,"{""sourcePk"": ""987feedf-babf-4024-d4a9-1cc9e5faa4d5"", ""businessDate"": ""2025-09-04T00:00:00.000000""}",,2026-08-31T10:28:04.120Z
e10-main,INITIALIZATION,01a0575b-a7ae-7a5c-8e45-126ae52bb67e,order_detail,SALES_ORDER_DOC_D,46,COMMITTED,1000,1000,0,0,0,592.932,0,null,"{""sourcePk"": ""252ae844-4c1b-4d8f-f294-1cd40a1f71db"", ""businessDate"": ""2025-09-18T00:00:00.000000""}",,2026-08-31T10:28:04.945Z
e10-main,INITIALIZATION,01a0575b-a7ae-7a5c-8e45-126ae52bb67e,order_detail,SALES_ORDER_DOC_D,47,COMMITTED,1000,1000,0,0,0,522.891,0,null,"{""sourcePk"": ""00b0429e-6840-475f-4472-1ce1536c58f0"", ""businessDate"": ""2025-10-04T00:00:00.000000""}",,2026-08-31T10:28:05.702Z
e10-main,INITIALIZATION,01a0575b-a7ae-7a5c-8e45-126ae52bb67e,order_detail,SALES_ORDER_DOC_D,48,COMMITTED,1000,1000,0,0,0,617.013,0,null,"{""sourcePk"": ""08d83c52-177a-4668-2d19-1ceb89c42fd0"", ""businessDate"": ""2025-10-17T00:00:00.000000""}",,2026-08-31T10:28:06.562Z
e10-main,INITIALIZATION,01a0575b-a7ae-7a5c-8e45-126ae52bb67e,order_detail,SALES_ORDER_DOC_D,49,COMMITTED,1000,1000,0,0,0,669.603,0,null,"{""sourcePk"": ""6722ec86-b1e0-4d77-138d-1cf4fb9f2d4d"", ""businessDate"": ""2025-10-29T00:00:00.000000""}",,2026-08-31T10:28:07.479Z
e10-main,INITIALIZATION,01a0575b-a7ae-7a5c-8e45-126ae52bb67e,order_detail,SALES_ORDER_DOC_D,50,COMMITTED,1000,1000,0,0,0,522.085,0,null,"{""sourcePk"": ""08364748-946c-45be-2135-1cffd1f0ba34"", ""businessDate"": ""2025-11-14T00:00:00.000000""}",,2026-08-31T10:28:08.242Z
e10-main,INITIALIZATION,01a0575b-a7ae-7a5c-8e45-126ae52bb67e,order_detail,SALES_ORDER_DOC_D,51,COMMITTED,1000,1000,0,0,0,420.609,0,null,"{""sourcePk"": ""e5260df3-14e8-44f1-d1e7-1d0bda2464d7"", ""businessDate"": ""2025-11-17T00:00:00.000000""}",,2026-08-31T10:28:08.893Z
e10-main,INITIALIZATION,01a0575b-a7ae-7a5c-8e45-126ae52bb67e,order_detail,SALES_ORDER_DOC_D,52,COMMITTED,1000,1000,0,0,0,1171.263,0,null,"{""sourcePk"": ""7eda3c7c-4756-430f-3831-1d175fe3e96d"", ""businessDate"": ""2025-12-12T00:00:00.000000""}",,2026-08-31T10:28:10.302Z
e10-main,INITIALIZATION,01a0575b-a7ae-7a5c-8e45-126ae52bb67e,order_detail,SALES_ORDER_DOC_D,53,COMMITTED,1000,1000,0,0,0,548.025,0,null,"{""sourcePk"": ""171fc95e-5bdc-4b17-be96-1d28e1dc068f"", ""businessDate"": ""2026-01-04T00:00:00.000000""}",,2026-08-31T10:28:11.082Z
e10-main,INITIALIZATION,01a0575b-a7ae-7a5c-8e45-126ae52bb67e,order_detail,SALES_ORDER_DOC_D,54,COMMITTED,1000,1000,0,0,0,396.192,0,null,"{""sourcePk"": ""522f2c50-c373-4c1d-a2ad-1d2ccad44f22"", ""businessDate"": ""2026-01-08T00:00:00.000000""}",,2026-08-31T10:28:11.707Z
e10-main,INITIALIZATION,01a0575b-a7ae-7a5c-8e45-126ae52bb67e,order_detail,SALES_ORDER_DOC_D,55,COMMITTED,1000,1000,0,0,0,392.667,0,null,"{""sourcePk"": ""bb71eb5e-410f-418b-d7bb-1d2d62f0aac4"", ""businessDate"": ""2026-01-14T00:00:00.000000""}",,2026-08-31T10:28:12.336Z
e10-main,INITIALIZATION,01a0575b-a7ae-7a5c-8e45-126ae52bb67e,order_detail,SALES_ORDER_DOC_D,56,COMMITTED,1000,1000,0,0,0,391.150,0,null,"{""sourcePk"": ""d4fe9d03-83d3-482c-c538-1d29be785d7a"", ""businessDate"": ""2026-01-19T00:00:00.000000""}",,2026-08-31T10:28:12.967Z
e10-main,INITIALIZATION,01a0575b-a7ae-7a5c-8e45-126ae52bb67e,order_detail,SALES_ORDER_DOC_D,57,COMMITTED,1000,1000,0,0,0,426.232,0,null,"{""sourcePk"": ""6fe63222-d297-4670-9244-3c75831750ba"", ""businessDate"": ""2026-01-24T00:00:00.000000""}",,2026-08-31T10:28:13.621Z
e10-main,INITIALIZATION,01a0575b-a7ae-7a5c-8e45-126ae52bb67e,order_detail,SALES_ORDER_DOC_D,58,COMMITTED,1000,1000,0,0,0,424.974,0,null,"{""sourcePk"": ""717bdafd-133d-4737-90f0-cbf6fde27f99"", ""businessDate"": ""2026-01-29T00:00:00.000000""}",,2026-08-31T10:28:14.275Z
e10-main,INITIALIZATION,01a0575b-a7ae-7a5c-8e45-126ae52bb67e,order_detail,SALES_ORDER_DOC_D,59,COMMITTED,1000,1000,0,0,0,638.551,0,null,"{""sourcePk"": ""8e528a9f-dd9f-4984-9620-1d42911092c3"", ""businessDate"": ""2026-02-05T00:00:00.000000""}",,2026-08-31T10:28:15.151Z
e10-main,INITIALIZATION,01a0575b-a7ae-7a5c-8e45-126ae52bb67e,order_detail,SALES_ORDER_DOC_D,60,COMMITTED,1000,1000,0,0,0,522.901,0,null,"{""sourcePk"": ""2f25944e-7208-48b1-e182-1d481b42fef2"", ""businessDate"": ""2026-02-25T00:00:00.000000""}",,2026-08-31T10:28:15.915Z
e10-main,INITIALIZATION,01a0575b-a7ae-7a5c-8e45-126ae52bb67e,order_detail,SALES_ORDER_DOC_D,61,COMMITTED,1000,1000,0,0,0,634.114,0,null,"{""sourcePk"": ""437c9098-6335-4229-a5bb-1d574e34a72c"", ""businessDate"": ""2026-03-04T00:00:00.000000""}",,2026-08-31T10:28:16.788Z
e10-main,INITIALIZATION,01a0575b-a7ae-7a5c-8e45-126ae52bb67e,order_detail,SALES_ORDER_DOC_D,62,COMMITTED,1000,1000,0,0,0,495.785,0,null,"{""sourcePk"": ""fe628150-95ba-472c-6f79-1d25e875b0cb"", ""businessDate"": ""2026-03-09T00:00:00.000000""}",,2026-08-31T10:28:17.527Z
e10-main,INITIALIZATION,01a0575b-a7ae-7a5c-8e45-126ae52bb67e,order_detail,SALES_ORDER_DOC_D,63,COMMITTED,1000,1000,0,0,0,660.804,0,null,"{""sourcePk"": ""51bff1a5-1661-4bbd-6b9b-1d5d9a37cc5e"", ""businessDate"": ""2026-03-12T00:00:00.000000""}",,2026-08-31T10:28:18.421Z
e10-main,INITIALIZATION,01a0575b-a7ae-7a5c-8e45-126ae52bb67e,order_detail,SALES_ORDER_DOC_D,64,COMMITTED,1000,1000,0,0,0,379.537,0,null,"{""sourcePk"": ""389b033f-bab8-4972-8ff1-1d6300e1601f"", ""businessDate"": ""2026-03-18T00:00:00.000000""}",,2026-08-31T10:28:19.033Z
e10-main,INITIALIZATION,01a0575b-a7ae-7a5c-8e45-126ae52bb67e,order_detail,SALES_ORDER_DOC_D,65,COMMITTED,1000,1000,0,0,0,370.676,0,null,"{""sourcePk"": ""7b149a3d-0bcc-4129-f261-1d6793c60ca2"", ""businessDate"": ""2026-03-24T00:00:00.000000""}",,2026-08-31T10:28:19.633Z
e10-main,INITIALIZATION,01a0575b-a7ae-7a5c-8e45-126ae52bb67e,order_detail,SALES_ORDER_DOC_D,66,COMMITTED,1000,1000,0,0,0,429.790,0,null,"{""sourcePk"": ""3f5a02fb-35f7-4bde-acf3-1d6c89c855a4"", ""businessDate"": ""2026-03-31T00:00:00.000000""}",,2026-08-31T10:28:20.293Z
e10-main,INITIALIZATION,01a0575b-a7ae-7a5c-8e45-126ae52bb67e,order_detail,SALES_ORDER_DOC_D,67,COMMITTED,1000,1000,0,0,0,379.319,0,null,"{""sourcePk"": ""db649547-9532-4c15-cb69-1d6fa6b72483"", ""businessDate"": ""2026-04-03T00:00:00.000000""}",,2026-08-31T10:28:20.882Z
e10-main,INITIALIZATION,01a0575b-a7ae-7a5c-8e45-126ae52bb67e,order_detail,SALES_ORDER_DOC_D,68,COMMITTED,1000,1000,0,0,0,368.329,0,null,"{""sourcePk"": ""e804a61d-808e-49c0-afd3-1d75f742d4bb"", ""businessDate"": ""2026-04-11T00:00:00.000000""}",,2026-08-31T10:28:21.490Z
e10-main,INITIALIZATION,01a0575b-a7ae-7a5c-8e45-126ae52bb67e,order_detail,SALES_ORDER_DOC_D,69,COMMITTED,1000,1000,0,0,0,365.499,0,null,"{""sourcePk"": ""8e191c0f-fedd-44b3-52b4-1d6ad8c2bed9"", ""businessDate"": ""2026-04-18T00:00:00.000000""}",,2026-08-31T10:28:22.091Z
e10-main,INITIALIZATION,01a0575b-a7ae-7a5c-8e45-126ae52bb67e,order_detail,SALES_ORDER_DOC_D,70,COMMITTED,1000,1000,0,0,0,376.841,0,null,"{""sourcePk"": ""4caafdaa-de87-4490-c0cd-1d7f5bcabea4"", ""businessDate"": ""2026-04-24T00:00:00.000000""}",,2026-08-31T10:28:22.702Z
e10-main,INITIALIZATION,01a0575b-a7ae-7a5c-8e45-126ae52bb67e,order_detail,SALES_ORDER_DOC_D,71,COMMITTED,1000,1000,0,0,0,359.973,0,null,"{""sourcePk"": ""73a117b1-b97c-4bed-1461-1d83d8b5dd44"", ""businessDate"": ""2026-04-29T00:00:00.000000""}",,2026-08-31T10:28:23.292Z
e10-main,INITIALIZATION,01a0575b-a7ae-7a5c-8e45-126ae52bb67e,order_detail,SALES_ORDER_DOC_D,72,COMMITTED,1000,1000,0,0,0,351.521,0,null,"{""sourcePk"": ""461b70eb-d11c-486e-9847-b1261c1f75d8"", ""businessDate"": ""2026-05-07T00:00:00.000000""}",,2026-08-31T10:28:23.882Z
e10-main,INITIALIZATION,01a0575b-a7ae-7a5c-8e45-126ae52bb67e,order_detail,SALES_ORDER_DOC_D,73,COMMITTED,1000,1000,0,0,0,356.545,0,null,"{""sourcePk"": ""e893700b-845b-43c0-ac45-1d8417df163d"", ""businessDate"": ""2026-05-13T00:00:00.000000""}",,2026-08-31T10:28:24.478Z
e10-main,INITIALIZATION,01a0575b-a7ae-7a5c-8e45-126ae52bb67e,order_detail,SALES_ORDER_DOC_D,74,COMMITTED,1000,1000,0,0,0,351.474,0,null,"{""sourcePk"": ""d6fff075-b813-418f-85c5-1d93c29f1d1d"", ""businessDate"": ""2026-05-19T00:00:00.000000""}",,2026-08-31T10:28:25.077Z
e10-main,INITIALIZATION,01a0575b-a7ae-7a5c-8e45-126ae52bb67e,order_detail,SALES_ORDER_DOC_D,75,COMMITTED,1000,1000,0,0,0,352.957,0,null,"{""sourcePk"": ""a240424c-bfa2-427c-b96a-1d955bfddab4"", ""businessDate"": ""2026-05-25T00:00:00.000000""}",,2026-08-31T10:28:25.648Z
e10-main,INITIALIZATION,01a0575b-a7ae-7a5c-8e45-126ae52bb67e,order_detail,SALES_ORDER_DOC_D,76,COMMITTED,1000,1000,0,0,0,349.796,0,null,"{""sourcePk"": ""83f8d58c-817e-4f17-cb8f-1d9ac6f0f53c"", ""businessDate"": ""2026-05-29T00:00:00.000000""}",,2026-08-31T10:28:26.224Z
e10-main,INITIALIZATION,01a0575b-a7ae-7a5c-8e45-126ae52bb67e,order_detail,SALES_ORDER_DOC_D,77,COMMITTED,1000,1000,0,0,0,397.603,0,null,"{""sourcePk"": ""6a1ea529-94a5-4764-e443-1d9c69716272"", ""businessDate"": ""2026-06-04T00:00:00.000000""}",,2026-08-31T10:28:26.856Z
e10-main,INITIALIZATION,01a0575b-a7ae-7a5c-8e45-126ae52bb67e,order_detail,SALES_ORDER_DOC_D,78,COMMITTED,1000,1000,0,0,0,347.334,0,null,"{""sourcePk"": ""ab6597e5-ff99-4eba-eacf-1da512b09037"", ""businessDate"": ""2026-06-10T00:00:00.000000""}",,2026-08-31T10:28:27.440Z
e10-main,INITIALIZATION,01a0575b-a7ae-7a5c-8e45-126ae52bb67e,order_detail,SALES_ORDER_DOC_D,79,COMMITTED,1000,1000,0,0,0,336.480,0,null,"{""sourcePk"": ""cff0dd40-9e7a-464d-4333-1da8bf001e4d"", ""businessDate"": ""2026-06-15T00:00:00.000000""}",,2026-08-31T10:28:28.017Z
e10-main,INITIALIZATION,01a0575b-a7ae-7a5c-8e45-126ae52bb67e,order_detail,SALES_ORDER_DOC_D,80,COMMITTED,1000,1000,0,0,0,339.828,0,null,"{""sourcePk"": ""4b678373-65fd-4f84-8fdf-1da9d06ca414"", ""businessDate"": ""2026-06-23T00:00:00.000000""}",,2026-08-31T10:28:28.602Z
e10-main,INITIALIZATION,01a0575b-a7ae-7a5c-8e45-126ae52bb67e,order_detail,SALES_ORDER_DOC_D,81,COMMITTED,1000,1000,0,0,0,331.494,0,null,"{""sourcePk"": ""efd05281-c610-478a-6edc-1db19e29a556"", ""businessDate"": ""2026-06-29T00:00:00.000000""}",,2026-08-31T10:28:29.166Z
e10-main,INITIALIZATION,01a0575b-a7ae-7a5c-8e45-126ae52bb67e,order_detail,SALES_ORDER_DOC_D,82,COMMITTED,1000,1000,0,0,0,333.266,0,null,"{""sourcePk"": ""986131ac-4a14-460a-3338-1db72cbabcef"", ""businessDate"": ""2026-07-04T00:00:00.000000""}",,2026-08-31T10:28:29.732Z
e10-main,INITIALIZATION,01a0575b-a7ae-7a5c-8e45-126ae52bb67e,order_detail,SALES_ORDER_DOC_D,83,COMMITTED,1000,1000,0,0,0,329.683,0,null,"{""sourcePk"": ""00576a9a-278e-4fe6-bbd1-9fa8c2a51d22"", ""businessDate"": ""2026-07-10T00:00:00.000000""}",,2026-08-31T10:28:30.291Z
e10-main,INITIALIZATION,01a0575b-a7ae-7a5c-8e45-126ae52bb67e,order_detail,SALES_ORDER_DOC_D,84,COMMITTED,1000,1000,0,0,0,324.673,0,null,"{""sourcePk"": ""7c2c447d-7d99-4b3f-05e0-1dc12f2ce438"", ""businessDate"": ""2026-07-16T00:00:00.000000""}",,2026-08-31T10:28:30.855Z
e10-main,INITIALIZATION,01a0575b-a7ae-7a5c-8e45-126ae52bb67e,order_detail,SALES_ORDER_DOC_D,85,COMMITTED,1000,1000,0,0,0,352.426,0,null,"{""sourcePk"": ""03ea1d01-ed72-4789-b5c4-fbb8e7404529"", ""businessDate"": ""2026-07-22T00:00:00.000000""}",,2026-08-31T10:28:31.449Z
e10-main,INITIALIZATION,01a0575b-a7ae-7a5c-8e45-126ae52bb67e,order_detail,SALES_ORDER_DOC_D,86,COMMITTED,1000,1000,0,0,0,320.479,0,null,"{""sourcePk"": ""18794fa2-857e-42ec-b49b-6ad588d4adbb"", ""businessDate"": ""2026-07-27T00:00:00.000000""}",,2026-08-31T10:28:32.061Z
e10-main,INITIALIZATION,01a0575b-a7ae-7a5c-8e45-126ae52bb67e,order_detail,SALES_ORDER_DOC_D,87,COMMITTED,1000,1000,0,0,0,325.103,0,null,"{""sourcePk"": ""c3576b83-0721-4b67-efe8-1dcc66e2de75"", ""businessDate"": ""2026-07-31T00:00:00.000000""}",,2026-08-31T10:28:32.617Z
e10-main,INITIALIZATION,01a0575b-a7ae-7a5c-8e45-126ae52bb67e,order_detail,SALES_ORDER_DOC_D,88,COMMITTED,1000,1000,0,0,0,309.270,0,null,"{""sourcePk"": ""513dfac9-d1e9-4e51-82b4-8042849bac67"", ""businessDate"": ""2026-08-04T00:00:00.000000""}",,2026-08-31T10:28:33.160Z
e10-main,INITIALIZATION,01a0575b-a7ae-7a5c-8e45-126ae52bb67e,order_detail,SALES_ORDER_DOC_D,89,COMMITTED,1000,1000,0,0,0,313.262,0,null,"{""sourcePk"": ""29bf4478-2529-4d10-fadc-1dd2940c9973"", ""businessDate"": ""2026-08-07T00:00:00.000000""}",,2026-08-31T10:28:33.708Z
e10-main,INITIALIZATION,01a0575b-a7ae-7a5c-8e45-126ae52bb67e,order_detail,SALES_ORDER_DOC_D,90,COMMITTED,1000,1000,0,0,0,310.906,0,null,"{""sourcePk"": ""f307e1a2-798d-4788-5d50-1dd7f77042d2"", ""businessDate"": ""2026-08-14T00:00:00.000000""}",,2026-08-31T10:28:34.248Z
e10-main,INITIALIZATION,01a0575b-a7ae-7a5c-8e45-126ae52bb67e,order_detail,SALES_ORDER_DOC_D,91,COMMITTED,1000,1000,0,0,0,311.249,0,null,"{""sourcePk"": ""5926b73f-7ac8-406c-c6d8-1ddd99cb5f44"", ""businessDate"": ""2026-08-21T00:00:00.000000""}",,2026-08-31T10:28:34.805Z
e10-main,INITIALIZATION,01a0575b-a7ae-7a5c-8e45-126ae52bb67e,order_detail,SALES_ORDER_DOC_D,92,COMMITTED,1000,1000,0,0,0,313.607,0,null,"{""sourcePk"": ""3e91c595-9761-4d2e-4ce6-1de3a7d394b7"", ""businessDate"": ""2026-08-29T00:00:00.000000""}",,2026-08-31T10:28:35.370Z
e10-main,INITIALIZATION,01a0575b-a7ae-7a5c-8e45-126ae52bb67e,order_detail,SALES_ORDER_DOC_D,93,COMMITTED,281,281,0,0,0,215.248,0,null,"{""sourcePk"": ""27911605-9e4e-4352-87e6-f9abf3aed1c8"", ""businessDate"": ""2026-08-31T00:00:00.000000""}",,2026-08-31T10:28:35.772Z
e10-main,INITIALIZATION,01a0575b-a7ae-7a5c-8e45-126ae52bb67e,order_detail,SALES_ORDER_DOC_D,94,COMMITTED,0,0,0,0,0,33.768,0,null,"{""sourcePk"": ""27911605-9e4e-4352-87e6-f9abf3aed1c8"", ""businessDate"": ""2026-08-31T00:00:00.000000+00:00""}",,2026-08-31T10:38:53.837Z
e10-main,INITIALIZATION,01a0575b-a7ae-7a5c-8e45-126ae52bb67e,order_header,SALES_ORDER_DOC,1,COMMITTED,1000,1000,0,0,0,239.709,0,null,"{""sourcePk"": ""6e3374fa-9985-4206-90c5-192da8758d33"", ""businessDate"": ""2022-05-31T00:00:00.000000""}",,2026-08-31T10:26:59.996Z
e10-main,INITIALIZATION,01a0575b-a7ae-7a5c-8e45-126ae52bb67e,order_header,SALES_ORDER_DOC,2,COMMITTED,1000,1000,0,0,0,220.103,0,null,"{""sourcePk"": ""d70cd85f-5078-4dad-c18d-1a7c7c9cc995"", ""businessDate"": ""2023-08-17T00:00:00.000000""}",,2026-08-31T10:27:00.461Z
e10-main,INITIALIZATION,01a0575b-a7ae-7a5c-8e45-126ae52bb67e,order_header,SALES_ORDER_DOC,3,COMMITTED,1000,1000,0,0,0,276.592,0,null,"{""sourcePk"": ""5df8cb9a-e736-4713-faba-1b809915fe2e"", ""businessDate"": ""2024-07-12T00:00:00.000000""}",,2026-08-31T10:27:00.963Z
e10-main,INITIALIZATION,01a0575b-a7ae-7a5c-8e45-126ae52bb67e,order_header,SALES_ORDER_DOC,4,COMMITTED,1000,1000,0,0,0,306.109,0,null,"{""sourcePk"": ""c1403120-8124-4612-7ccd-1c5a00e3d5ed"", ""businessDate"": ""2025-04-15T00:00:00.000000""}",,2026-08-31T10:27:01.505Z
e10-main,INITIALIZATION,01a0575b-a7ae-7a5c-8e45-126ae52bb67e,order_header,SALES_ORDER_DOC,5,COMMITTED,1000,1000,0,0,0,288.343,0,null,"{""sourcePk"": ""396f1c96-a34c-4752-5f43-1cfcb8a2a63a"", ""businessDate"": ""2025-11-08T00:00:00.000000""}",,2026-08-31T10:27:02.022Z
e10-main,INITIALIZATION,01a0575b-a7ae-7a5c-8e45-126ae52bb67e,order_header,SALES_ORDER_DOC,6,COMMITTED,1000,1000,0,0,0,229.752,0,null,"{""sourcePk"": ""91b34f4d-3ae7-4509-8553-fc47f60399e7"", ""businessDate"": ""2026-01-23T00:00:00.000000""}",,2026-08-31T10:27:02.482Z
e10-main,INITIALIZATION,01a0575b-a7ae-7a5c-8e45-126ae52bb67e,order_header,SALES_ORDER_DOC,7,COMMITTED,1000,1000,0,0,0,214.830,0,null,"{""sourcePk"": ""4ad7d6dc-1286-4446-812a-541a27b29eb0"", ""businessDate"": ""2026-03-11T00:00:00.000000""}",,2026-08-31T10:27:02.928Z
e10-main,INITIALIZATION,01a0575b-a7ae-7a5c-8e45-126ae52bb67e,order_header,SALES_ORDER_DOC,8,COMMITTED,1000,1000,0,0,0,289.966,0,null,"{""sourcePk"": ""a60ea5f6-fbf5-4c85-15b1-1d751b1af8e9"", ""businessDate"": ""2026-04-10T00:00:00.000000""}",,2026-08-31T10:27:03.465Z
e10-main,INITIALIZATION,01a0575b-a7ae-7a5c-8e45-126ae52bb67e,order_header,SALES_ORDER_DOC,9,COMMITTED,1000,1000,0,0,0,285.746,0,null,"{""sourcePk"": ""303ed4bd-314f-46af-49e3-1d8e467adbd6"", ""businessDate"": ""2026-05-12T00:00:00.000000""}",,2026-08-31T10:27:03.982Z
e10-main,INITIALIZATION,01a0575b-a7ae-7a5c-8e45-126ae52bb67e,order_header,SALES_ORDER_DOC,10,COMMITTED,1000,1000,0,0,0,245.619,0,null,"{""sourcePk"": ""e0a042b9-0de8-4dde-3ba1-1da68ac01f65"", ""businessDate"": ""2026-06-12T00:00:00.000000""}",,2026-08-31T10:27:04.455Z
e10-main,INITIALIZATION,01a0575b-a7ae-7a5c-8e45-126ae52bb67e,order_header,SALES_ORDER_DOC,11,COMMITTED,1000,1000,0,0,0,287.677,0,null,"{""sourcePk"": ""3c17fac4-a9ab-4efd-de98-1dbece4ef215"", ""businessDate"": ""2026-07-13T00:00:00.000000""}",,2026-08-31T10:27:04.979Z
e10-main,INITIALIZATION,01a0575b-a7ae-7a5c-8e45-126ae52bb67e,order_header,SALES_ORDER_DOC,12,COMMITTED,1000,1000,0,0,0,293.351,0,null,"{""sourcePk"": ""44b1e337-ab31-4e39-a43a-a97d0ec67c45"", ""businessDate"": ""2026-08-10T00:00:00.000000""}",,2026-08-31T10:27:05.513Z
e10-main,INITIALIZATION,01a0575b-a7ae-7a5c-8e45-126ae52bb67e,order_header,SALES_ORDER_DOC,13,COMMITTED,671,671,0,0,0,259.597,0,null,"{""sourcePk"": ""77106770-d381-4511-aeaa-d0e5e765cf40"", ""businessDate"": ""2026-08-31T00:00:00.000000""}",,2026-08-31T10:27:05.999Z
e10-main,INITIALIZATION,01a0575b-a7ae-7a5c-8e45-126ae52bb67e,order_header,SALES_ORDER_DOC,14,COMMITTED,0,0,0,0,0,47.510,0,null,"{""sourcePk"": ""77106770-d381-4511-aeaa-d0e5e765cf40"", ""businessDate"": ""2026-08-31T00:00:00.000000+00:00""}",,2026-08-31T10:38:53.774Z
e10-main,INITIALIZATION,01a0575b-a7ae-7a5c-8e45-126ae52bb67e,outbound_detail,SALES_ISSUE_D,1,COMMITTED,1000,1000,0,0,0,28323.109,0,null,"{""sourcePk"": ""5075b87a-2896-429f-b2cf-180fb10aba64"", ""businessDate"": ""2020-10-31T00:00:00.000000""}",,2026-08-31T10:31:44.247Z
e10-main,INITIALIZATION,01a0575b-a7ae-7a5c-8e45-126ae52bb67e,outbound_detail,SALES_ISSUE_D,2,COMMITTED,1000,1000,0,0,0,26498.055,0,null,"{""sourcePk"": ""95810346-22b8-4a5e-3ace-17d994601ae7"", ""businessDate"": ""2021-01-18T00:00:00.000000""}",,2026-08-31T10:32:11.014Z
e10-main,INITIALIZATION,01a0575b-a7ae-7a5c-8e45-126ae52bb67e,outbound_detail,SALES_ISSUE_D,3,COMMITTED,1000,1000,0,0,0,25622.494,0,null,"{""sourcePk"": ""965a12ec-4d00-4a37-e51c-189113f6a9c3"", ""businessDate"": ""2021-01-18T00:00:00.000000""}",,2026-08-31T10:32:36.921Z
e10-main,INITIALIZATION,01a0575b-a7ae-7a5c-8e45-126ae52bb67e,outbound_detail,SALES_ISSUE_D,4,COMMITTED,1000,1000,0,0,0,55919.120,0,null,"{""sourcePk"": ""53bda3c9-82dc-4289-b9f6-1858ba172866"", ""businessDate"": ""2021-03-08T00:00:00.000000""}",,2026-08-31T10:33:33.113Z
e10-main,INITIALIZATION,01a0575b-a7ae-7a5c-8e45-126ae52bb67e,outbound_detail,SALES_ISSUE_D,5,COMMITTED,1000,1000,0,0,0,26207.856,0,null,"{""sourcePk"": ""d4fa5b28-7143-4cb2-ff71-1b2f99dcfc66"", ""businessDate"": ""2021-03-30T00:00:00.000000""}",,2026-08-31T10:33:59.633Z
e10-main,INITIALIZATION,01a0575b-a7ae-7a5c-8e45-126ae52bb67e,outbound_detail,SALES_ISSUE_D,6,COMMITTED,1000,1000,0,0,0,24994.556,0,null,"{""sourcePk"": ""681405d5-7ed2-4ca9-8180-182ae5de2518"", ""businessDate"": ""2021-05-13T00:00:00.000000""}",,2026-08-31T10:34:24.891Z
e10-main,INITIALIZATION,01a0575b-a7ae-7a5c-8e45-126ae52bb67e,outbound_detail,SALES_ISSUE_D,7,COMMITTED,1000,1000,0,0,0,25631.135,0,null,"{""sourcePk"": ""c5c043b5-8beb-4d25-e484-188f82ff83f8"", ""businessDate"": ""2021-07-12T00:00:00.000000""}",,2026-08-31T10:34:50.819Z
e10-main,INITIALIZATION,01a0575b-a7ae-7a5c-8e45-126ae52bb67e,outbound_detail,SALES_ISSUE_D,8,COMMITTED,1000,1000,0,0,0,24764.770,0,null,"{""sourcePk"": ""c987579a-966a-4643-566a-186f7dcf0cc6"", ""businessDate"": ""2021-08-27T00:00:00.000000""}",,2026-08-31T10:35:15.847Z
e10-main,INITIALIZATION,01a0575b-a7ae-7a5c-8e45-126ae52bb67e,outbound_detail,SALES_ISSUE_D,9,COMMITTED,1000,1000,0,0,0,25002.822,0,null,"{""sourcePk"": ""aab7af70-bb5c-4200-9042-18a5911e5194"", ""businessDate"": ""2021-09-28T00:00:00.000000""}",,2026-08-31T10:35:41.145Z
e10-main,INITIALIZATION,01a0575b-a7ae-7a5c-8e45-126ae52bb67e,outbound_detail,SALES_ISSUE_D,10,COMMITTED,1000,1000,0,0,0,26702.111,0,null,"{""sourcePk"": ""9991a8be-8941-4b1b-57d9-18d737406ecd"", ""businessDate"": ""2021-12-06T00:00:00.000000""}",,2026-08-31T10:36:08.146Z
e10-main,INITIALIZATION,01a0575b-a7ae-7a5c-8e45-126ae52bb67e,outbound_detail,SALES_ISSUE_D,11,COMMITTED,1000,1000,0,0,0,27864.114,0,null,"{""sourcePk"": ""3c9f8c7c-4dbc-4a54-b172-19efbc27e25a"", ""businessDate"": ""2022-02-21T00:00:00.000000""}",,2026-08-31T10:36:36.289Z
e10-main,INITIALIZATION,01a0575b-a7ae-7a5c-8e45-126ae52bb67e,outbound_initial,SALES_ISSUE_D,1,COMMITTED,1000,422,578,0,0,645.465,0,null,"{""sourcePk"": ""3fb41e02-d94e-4e81-5f10-1797736c6d8e"", ""businessDate"": ""1900-01-01T00:00:00.000000""}",,2026-08-31T10:38:54.668Z
e10-main,INITIALIZATION,01a0575b-a7ae-7a5c-8e45-126ae52bb67e,outbound_initial,SALES_ISSUE_D,2,COMMITTED,1000,1,999,0,0,384.026,0,null,"{""sourcePk"": ""b2ed3fe2-d88b-423d-4fec-17d9687ba663"", ""businessDate"": ""1900-01-01T00:00:00.000000""}",,2026-08-31T10:38:55.328Z
e10-main,INITIALIZATION,01a0575b-a7ae-7a5c-8e45-126ae52bb67e,outbound_initial,SALES_ISSUE_D,3,COMMITTED,1000,3,997,0,0,174.564,0,null,"{""sourcePk"": ""49e3df9d-eb0a-446d-eaf2-17f0e5c5a1a4"", ""businessDate"": ""1900-01-01T00:00:00.000000""}",,2026-08-31T10:38:55.770Z
e10-main,INITIALIZATION,01a0575b-a7ae-7a5c-8e45-126ae52bb67e,outbound_initial,SALES_ISSUE_D,4,COMMITTED,1000,4,996,0,0,298.516,0,null,"{""sourcePk"": ""4f9afd88-f4db-48ae-e204-181372d2c2db"", ""businessDate"": ""1900-01-01T00:00:00.000000""}",,2026-08-31T10:38:56.325Z
e10-main,INITIALIZATION,01a0575b-a7ae-7a5c-8e45-126ae52bb67e,outbound_initial,SALES_ISSUE_D,5,COMMITTED,1000,3,997,0,0,363.673,0,null,"{""sourcePk"": ""7d313108-4268-4180-991f-1836242e8374"", ""businessDate"": ""1900-01-01T00:00:00.000000""}",,2026-08-31T10:38:56.957Z
e10-main,INITIALIZATION,01a0575b-a7ae-7a5c-8e45-126ae52bb67e,outbound_initial,SALES_ISSUE_D,6,COMMITTED,1000,2,998,0,0,377.570,0,null,"{""sourcePk"": ""7415e70c-ab5e-4fe1-85cd-18524a080e81"", ""businessDate"": ""1900-01-01T00:00:00.000000""}",,2026-08-31T10:38:57.601Z
e10-main,INITIALIZATION,01a0575b-a7ae-7a5c-8e45-126ae52bb67e,outbound_initial,SALES_ISSUE_D,7,COMMITTED,1000,1,999,0,0,324.319,0,null,"{""sourcePk"": ""9da40899-4631-4784-2b79-186d4e6d934c"", ""businessDate"": ""1900-01-01T00:00:00.000000""}",,2026-08-31T10:38:58.185Z
e10-main,INITIALIZATION,01a0575b-a7ae-7a5c-8e45-126ae52bb67e,outbound_initial,SALES_ISSUE_D,8,COMMITTED,1000,0,1000,0,0,337.676,0,null,"{""sourcePk"": ""6a8c0bc3-8300-4ac5-2fef-1888b4610f0e"", ""businessDate"": ""1900-01-01T00:00:00.000000""}",,2026-08-31T10:38:58.781Z
e10-main,INITIALIZATION,01a0575b-a7ae-7a5c-8e45-126ae52bb67e,outbound_initial,SALES_ISSUE_D,9,COMMITTED,1000,5,995,0,0,220.699,0,null,"{""sourcePk"": ""c3a355a2-668c-48af-e47a-18acae303073"", ""businessDate"": ""1900-01-01T00:00:00.000000""}",,2026-08-31T10:38:59.266Z
e10-main,INITIALIZATION,01a0575b-a7ae-7a5c-8e45-126ae52bb67e,outbound_initial,SALES_ISSUE_D,10,COMMITTED,1000,40,960,0,0,420.478,0,null,"{""sourcePk"": ""8af24dde-ed6d-4f44-97e4-18de88cfaaad"", ""businessDate"": ""1900-01-01T00:00:00.000000""}",,2026-08-31T10:38:59.954Z
e10-main,INITIALIZATION,01a0575b-a7ae-7a5c-8e45-126ae52bb67e,outbound_initial,SALES_ISSUE_D,11,COMMITTED,1000,516,484,0,0,370.088,0,null,"{""sourcePk"": ""d21b70d3-15a9-4e54-07f7-190051d8962f"", ""businessDate"": ""1900-01-01T00:00:00.000000""}",,2026-08-31T10:39:00.575Z
e10-main,INITIALIZATION,01a0575b-a7ae-7a5c-8e45-126ae52bb67e,outbound_initial,SALES_ISSUE_D,12,COMMITTED,1000,881,119,0,0,248.215,0,null,"{""sourcePk"": ""8ca54a1a-a49d-4b59-c890-19123ba1ad9e"", ""businessDate"": ""1900-01-01T00:00:00.000000""}",,2026-08-31T10:39:01.083Z
e10-main,INITIALIZATION,01a0575b-a7ae-7a5c-8e45-126ae52bb67e,outbound_initial,SALES_ISSUE_D,13,COMMITTED,1000,911,89,0,0,346.705,0,null,"{""sourcePk"": ""3c16cc03-98b3-431e-f740-192840a4ec3a"", ""businessDate"": ""1900-01-01T00:00:00.000000""}",,2026-08-31T10:39:01.689Z
e10-main,INITIALIZATION,01a0575b-a7ae-7a5c-8e45-126ae52bb67e,outbound_initial,SALES_ISSUE_D,14,COMMITTED,1000,947,53,0,0,250.325,0,null,"{""sourcePk"": ""2c45ec68-42fc-41ce-1949-19323a2a379e"", ""businessDate"": ""1900-01-01T00:00:00.000000""}",,2026-08-31T10:39:02.173Z
e10-main,INITIALIZATION,01a0575b-a7ae-7a5c-8e45-126ae52bb67e,outbound_initial,SALES_ISSUE_D,15,COMMITTED,1000,941,59,0,0,357.934,0,null,"{""sourcePk"": ""b7694c07-47d2-4c8c-6527-193e36836f50"", ""businessDate"": ""1900-01-01T00:00:00.000000""}",,2026-08-31T10:39:02.777Z
e10-main,INITIALIZATION,01a0575b-a7ae-7a5c-8e45-126ae52bb67e,outbound_initial,SALES_ISSUE_D,16,COMMITTED,1000,966,34,0,0,410.079,0,null,"{""sourcePk"": ""464498b8-ea0c-4727-3ea9-194b51f67ee7"", ""businessDate"": ""1900-01-01T00:00:00.000000""}",,2026-08-31T10:39:03.446Z
e10-main,INITIALIZATION,01a0575b-a7ae-7a5c-8e45-126ae52bb67e,outbound_initial,SALES_ISSUE_D,17,COMMITTED,1000,954,46,0,0,394.926,0,null,"{""sourcePk"": ""1dff4b83-ad17-41c0-1697-1958ad7af74b"", ""businessDate"": ""1900-01-01T00:00:00.000000""}",,2026-08-31T10:39:04.106Z
e10-main,INITIALIZATION,01a0575b-a7ae-7a5c-8e45-126ae52bb67e,outbound_initial,SALES_ISSUE_D,18,COMMITTED,1000,965,35,0,0,311.921,0,null,"{""sourcePk"": ""ad7fbccc-563d-46f2-1465-19654f072c71"", ""businessDate"": ""1900-01-01T00:00:00.000000""}",,2026-08-31T10:39:04.666Z
e10-main,INITIALIZATION,01a0575b-a7ae-7a5c-8e45-126ae52bb67e,outbound_initial,SALES_ISSUE_D,19,COMMITTED,1000,940,60,0,0,256.792,0,null,"{""sourcePk"": ""f2a87a7b-b3d0-4a5f-bae8-196c8b7dc669"", ""businessDate"": ""1900-01-01T00:00:00.000000""}",,2026-08-31T10:39:05.171Z
e10-main,INITIALIZATION,01a0575b-a7ae-7a5c-8e45-126ae52bb67e,outbound_initial,SALES_ISSUE_D,20,COMMITTED,1000,950,50,0,0,306.445,0,null,"{""sourcePk"": ""573b5f59-aa5c-46e1-9ea2-197b8dc39037"", ""businessDate"": ""1900-01-01T00:00:00.000000""}",,2026-08-31T10:39:05.709Z
e10-main,INITIALIZATION,01a0575b-a7ae-7a5c-8e45-126ae52bb67e,outbound_initial,SALES_ISSUE_D,21,COMMITTED,1000,983,17,0,0,284.333,0,null,"{""sourcePk"": ""8e627fb4-b1e0-4a41-47ed-1988f59374ba"", ""businessDate"": ""1900-01-01T00:00:00.000000""}",,2026-08-31T10:39:06.233Z
e10-main,INITIALIZATION,01a0575b-a7ae-7a5c-8e45-126ae52bb67e,outbound_initial,SALES_ISSUE_D,22,COMMITTED,1000,990,10,0,0,291.429,0,null,"{""sourcePk"": ""6cdea11b-ffbf-4539-b552-19992dfba3cd"", ""businessDate"": ""1900-01-01T00:00:00.000000""}",,2026-08-31T10:39:06.767Z
e10-main,INITIALIZATION,01a0575b-a7ae-7a5c-8e45-126ae52bb67e,outbound_initial,SALES_ISSUE_D,23,COMMITTED,1000,984,16,0,0,348.142,0,null,"{""sourcePk"": ""fde341db-2873-40f3-5b67-19af797c6479"", ""businessDate"": ""1900-01-01T00:00:00.000000""}",,2026-08-31T10:39:07.354Z
e10-main,INITIALIZATION,01a0575b-a7ae-7a5c-8e45-126ae52bb67e,outbound_initial,SALES_ISSUE_D,24,COMMITTED,1000,999,1,0,0,347.738,0,null,"{""sourcePk"": ""89e0e61f-6f36-4286-8678-19bd5b1a958f"", ""businessDate"": ""1900-01-01T00:00:00.000000""}",,2026-08-31T10:39:07.955Z
e10-main,INITIALIZATION,01a0575b-a7ae-7a5c-8e45-126ae52bb67e,outbound_initial,SALES_ISSUE_D,25,COMMITTED,1000,962,38,0,0,152.028,0,null,"{""sourcePk"": ""30e9aea1-9703-490d-7d50-19c6a8742ddb"", ""businessDate"": ""1900-01-01T00:00:00.000000""}",,2026-08-31T10:39:08.346Z
e10-main,INITIALIZATION,01a0575b-a7ae-7a5c-8e45-126ae52bb67e,outbound_initial,SALES_ISSUE_D,26,COMMITTED,1000,954,46,0,0,209.689,0,null,"{""sourcePk"": ""0497ec7d-1f82-47f3-4d62-19d1165e541a"", ""businessDate"": ""1900-01-01T00:00:00.000000""}",,2026-08-31T10:39:08.796Z
e10-main,INITIALIZATION,01a0575b-a7ae-7a5c-8e45-126ae52bb67e,outbound_initial,SALES_ISSUE_D,27,COMMITTED,1000,998,2,0,0,135.309,0,null,"{""sourcePk"": ""f10dc55b-0170-4f23-dcce-19d36fe74159"", ""businessDate"": ""1900-01-01T00:00:00.000000""}",,2026-08-31T10:39:09.180Z
e10-main,INITIALIZATION,01a0575b-a7ae-7a5c-8e45-126ae52bb67e,outbound_initial,SALES_ISSUE_D,28,COMMITTED,1000,977,23,0,0,148.221,0,null,"{""sourcePk"": ""0e258748-1be2-4b80-21dc-19e6488d428c"", ""businessDate"": ""1900-01-01T00:00:00.000000""}",,2026-08-31T10:39:09.566Z
e10-main,INITIALIZATION,01a0575b-a7ae-7a5c-8e45-126ae52bb67e,outbound_initial,SALES_ISSUE_D,29,COMMITTED,1000,990,10,0,0,245.012,0,null,"{""sourcePk"": ""271aed29-3472-4284-8b4b-19efe48bf5c7"", ""businessDate"": ""1900-01-01T00:00:00.000000""}",,2026-08-31T10:39:10.062Z
e10-main,INITIALIZATION,01a0575b-a7ae-7a5c-8e45-126ae52bb67e,outbound_initial,SALES_ISSUE_D,30,COMMITTED,1000,977,23,0,0,158.495,0,null,"{""sourcePk"": ""5b465f27-5271-4d34-0eb4-19f641104b80"", ""businessDate"": ""1900-01-01T00:00:00.000000""}",,2026-08-31T10:39:10.451Z
e10-main,INITIALIZATION,01a0575b-a7ae-7a5c-8e45-126ae52bb67e,outbound_initial,SALES_ISSUE_D,31,COMMITTED,1000,998,2,0,0,195.420,0,null,"{""sourcePk"": ""5c536980-0215-4a68-5039-19f7d8eedf61"", ""businessDate"": ""1900-01-01T00:00:00.000000""}",,2026-08-31T10:39:10.888Z
e10-main,INITIALIZATION,01a0575b-a7ae-7a5c-8e45-126ae52bb67e,outbound_initial,SALES_ISSUE_D,32,COMMITTED,1000,991,9,0,0,300.508,0,null,"{""sourcePk"": ""2409d71a-15e5-44c3-7013-1a027d7b9826"", ""businessDate"": ""1900-01-01T00:00:00.000000""}",,2026-08-31T10:39:11.428Z
e10-main,INITIALIZATION,01a0575b-a7ae-7a5c-8e45-126ae52bb67e,outbound_initial,SALES_ISSUE_D,33,COMMITTED,1000,993,7,0,0,258.348,0,null,"{""sourcePk"": ""de205ad2-2036-47d4-59fc-1a09eb443540"", ""businessDate"": ""1900-01-01T00:00:00.000000""}",,2026-08-31T10:39:11.932Z
e10-main,INITIALIZATION,01a0575b-a7ae-7a5c-8e45-126ae52bb67e,outbound_initial,SALES_ISSUE_D,34,COMMITTED,1000,1000,0,0,0,167.375,0,null,"{""sourcePk"": ""2019a03d-2d34-485a-dc66-1a0a462db872"", ""businessDate"": ""1900-01-01T00:00:00.000000""}",,2026-08-31T10:39:12.340Z
e10-main,INITIALIZATION,01a0575b-a7ae-7a5c-8e45-126ae52bb67e,outbound_initial,SALES_ISSUE_D,35,COMMITTED,1000,995,5,0,0,160.213,0,null,"{""sourcePk"": ""f9c175f0-6077-436b-0ae9-1a1033597ae4"", ""businessDate"": ""1900-01-01T00:00:00.000000""}",,2026-08-31T10:39:12.743Z
e10-main,INITIALIZATION,01a0575b-a7ae-7a5c-8e45-126ae52bb67e,outbound_initial,SALES_ISSUE_D,36,COMMITTED,1000,999,1,0,0,238.950,0,null,"{""sourcePk"": ""87fd0eff-e063-4427-7c32-1a14c6bd6b36"", ""businessDate"": ""1900-01-01T00:00:00.000000""}",,2026-08-31T10:39:13.222Z
e10-main,INITIALIZATION,01a0575b-a7ae-7a5c-8e45-126ae52bb67e,outbound_initial,SALES_ISSUE_D,37,COMMITTED,1000,993,7,0,0,159.845,0,null,"{""sourcePk"": ""1e6662d9-951f-4003-fa68-1a2080883666"", ""businessDate"": ""1900-01-01T00:00:00.000000""}",,2026-08-31T10:39:13.623Z
e10-main,INITIALIZATION,01a0575b-a7ae-7a5c-8e45-126ae52bb67e,outbound_initial,SALES_ISSUE_D,38,COMMITTED,1000,1000,0,0,0,161.529,0,null,"{""sourcePk"": ""586d7290-0ce5-4c77-6255-1a237cd5204e"", ""businessDate"": ""1900-01-01T00:00:00.000000""}",,2026-08-31T10:39:14.012Z
e10-main,INITIALIZATION,01a0575b-a7ae-7a5c-8e45-126ae52bb67e,outbound_initial,SALES_ISSUE_D,39,COMMITTED,1000,980,20,0,0,189.839,0,null,"{""sourcePk"": ""118ca6f8-627e-4f51-0d90-1a262dee26a3"", ""businessDate"": ""1900-01-01T00:00:00.000000""}",,2026-08-31T10:39:14.442Z
e10-main,INITIALIZATION,01a0575b-a7ae-7a5c-8e45-126ae52bb67e,outbound_initial,SALES_ISSUE_D,40,COMMITTED,1000,992,8,0,0,428.442,0,null,"{""sourcePk"": ""d7741d75-8a97-4f89-1ba1-1a30d09d9127"", ""businessDate"": ""1900-01-01T00:00:00.000000""}",,2026-08-31T10:39:15.116Z
e10-main,INITIALIZATION,01a0575b-a7ae-7a5c-8e45-126ae52bb67e,outbound_initial,SALES_ISSUE_D,41,COMMITTED,1000,991,9,0,0,158.062,0,null,"{""sourcePk"": ""c8bdf468-855e-4f72-0df7-1a31f570cf64"", ""businessDate"": ""1900-01-01T00:00:00.000000""}",,2026-08-31T10:39:15.505Z
e10-main,INITIALIZATION,01a0575b-a7ae-7a5c-8e45-126ae52bb67e,outbound_initial,SALES_ISSUE_D,42,COMMITTED,1000,982,18,0,0,195.635,0,null,"{""sourcePk"": ""0968ab03-b7fc-4332-cf1e-1a3c99e67f39"", ""businessDate"": ""1900-01-01T00:00:00.000000""}",,2026-08-31T10:39:15.938Z
e10-main,INITIALIZATION,01a0575b-a7ae-7a5c-8e45-126ae52bb67e,outbound_initial,SALES_ISSUE_D,43,COMMITTED,1000,1000,0,0,0,163.482,0,null,"{""sourcePk"": ""a5e8c3a8-afb3-490a-0773-1a4206ec58d4"", ""businessDate"": ""1900-01-01T00:00:00.000000""}",,2026-08-31T10:39:16.343Z
e10-main,INITIALIZATION,01a0575b-a7ae-7a5c-8e45-126ae52bb67e,outbound_initial,SALES_ISSUE_D,44,COMMITTED,1000,999,1,0,0,192.091,0,null,"{""sourcePk"": ""ff5512f6-2e89-47db-f348-1a4c81ed1750"", ""businessDate"": ""1900-01-01T00:00:00.000000""}",,2026-08-31T10:39:16.768Z
e10-main,INITIALIZATION,01a0575b-a7ae-7a5c-8e45-126ae52bb67e,outbound_initial,SALES_ISSUE_D,45,COMMITTED,1000,999,1,0,0,208.364,0,null,"{""sourcePk"": ""06fc6443-85ec-40cc-25ec-1a52fc3e0928"", ""businessDate"": ""1900-01-01T00:00:00.000000""}",,2026-08-31T10:39:17.227Z
e10-main,INITIALIZATION,01a0575b-a7ae-7a5c-8e45-126ae52bb67e,outbound_initial,SALES_ISSUE_D,46,COMMITTED,1000,983,17,0,0,313.530,0,null,"{""sourcePk"": ""b090643f-1b1e-48ee-53b9-1a6195803436"", ""businessDate"": ""1900-01-01T00:00:00.000000""}",,2026-08-31T10:39:17.779Z
e10-main,INITIALIZATION,01a0575b-a7ae-7a5c-8e45-126ae52bb67e,outbound_initial,SALES_ISSUE_D,47,COMMITTED,1000,994,6,0,0,716.828,0,null,"{""sourcePk"": ""8227fb3e-a7cb-41be-3b6e-1a7223e20b06"", ""businessDate"": ""1900-01-01T00:00:00.000000""}",,2026-08-31T10:39:18.741Z
e10-main,INITIALIZATION,01a0575b-a7ae-7a5c-8e45-126ae52bb67e,outbound_initial,SALES_ISSUE_D,48,COMMITTED,1000,973,27,0,0,542.008,0,null,"{""sourcePk"": ""b31f6304-d3c8-4dc0-7072-1a850dd42ce7"", ""businessDate"": ""1900-01-01T00:00:00.000000""}",,2026-08-31T10:39:19.530Z
e10-main,INITIALIZATION,01a0575b-a7ae-7a5c-8e45-126ae52bb67e,outbound_initial,SALES_ISSUE_D,49,COMMITTED,1000,986,14,0,0,179.212,0,null,"{""sourcePk"": ""7d414341-9712-4265-867f-1a88df125a89"", ""businessDate"": ""1900-01-01T00:00:00.000000""}",,2026-08-31T10:39:19.950Z
e10-main,INITIALIZATION,01a0575b-a7ae-7a5c-8e45-126ae52bb67e,outbound_initial,SALES_ISSUE_D,50,COMMITTED,1000,990,10,0,0,290.987,0,null,"{""sourcePk"": ""5a636b8a-76ec-4cc4-9278-1a8b75eb0037"", ""businessDate"": ""1900-01-01T00:00:00.000000""}",,2026-08-31T10:39:20.469Z
e10-main,INITIALIZATION,01a0575b-a7ae-7a5c-8e45-126ae52bb67e,outbound_initial,SALES_ISSUE_D,51,COMMITTED,1000,1000,0,0,0,231.822,0,null,"{""sourcePk"": ""d59b7d86-4af3-40e8-604f-1a8f4c1ab5a9"", ""businessDate"": ""1900-01-01T00:00:00.000000""}",,2026-08-31T10:39:20.938Z
e10-main,INITIALIZATION,01a0575b-a7ae-7a5c-8e45-126ae52bb67e,outbound_initial,SALES_ISSUE_D,52,COMMITTED,1000,1000,0,0,0,160.581,0,null,"{""sourcePk"": ""718fc84b-882d-47c7-3e6e-1a900498f2ce"", ""businessDate"": ""1900-01-01T00:00:00.000000""}",,2026-08-31T10:39:21.341Z
e10-main,INITIALIZATION,01a0575b-a7ae-7a5c-8e45-126ae52bb67e,outbound_initial,SALES_ISSUE_D,53,COMMITTED,1000,998,2,0,0,566.400,0,null,"{""sourcePk"": ""33042c1c-9749-4e97-77fc-1a99725205a5"", ""businessDate"": ""1900-01-01T00:00:00.000000""}",,2026-08-31T10:39:22.147Z
e10-main,INITIALIZATION,01a0575b-a7ae-7a5c-8e45-126ae52bb67e,outbound_initial,SALES_ISSUE_D,54,COMMITTED,1000,1000,0,0,0,170.414,0,null,"{""sourcePk"": ""e340ed35-d5f3-4c9a-75a1-1a9b1f7934c3"", ""businessDate"": ""1900-01-01T00:00:00.000000""}",,2026-08-31T10:39:22.561Z
e10-main,INITIALIZATION,01a0575b-a7ae-7a5c-8e45-126ae52bb67e,outbound_initial,SALES_ISSUE_D,55,COMMITTED,1000,1000,0,0,0,334.402,0,null,"{""sourcePk"": ""ad518220-b2e8-41f8-191d-1aa5550e9d74"", ""businessDate"": ""1900-01-01T00:00:00.000000""}",,2026-08-31T10:39:23.146Z
e10-main,INITIALIZATION,01a0575b-a7ae-7a5c-8e45-126ae52bb67e,outbound_initial,SALES_ISSUE_D,56,COMMITTED,1000,990,10,0,0,1093.549,0,null,"{""sourcePk"": ""b97a9790-bcfe-430c-ff10-1ab037cccae1"", ""businessDate"": ""1900-01-01T00:00:00.000000""}",,2026-08-31T10:39:24.493Z
e10-main,INITIALIZATION,01a0575b-a7ae-7a5c-8e45-126ae52bb67e,outbound_initial,SALES_ISSUE_D,57,COMMITTED,1000,999,1,0,0,454.711,0,null,"{""sourcePk"": ""2b9fe009-aa42-4cc1-fdd1-1ab84fbde0a0"", ""businessDate"": ""1900-01-01T00:00:00.000000""}",,2026-08-31T10:39:25.197Z
e10-main,INITIALIZATION,01a0575b-a7ae-7a5c-8e45-126ae52bb67e,outbound_initial,SALES_ISSUE_D,58,COMMITTED,1000,1000,0,0,0,197.070,0,null,"{""sourcePk"": ""ee84aa67-37b6-4903-de04-1ab9de5533f7"", ""businessDate"": ""1900-01-01T00:00:00.000000""}",,2026-08-31T10:39:25.633Z
e10-main,INITIALIZATION,01a0575b-a7ae-7a5c-8e45-126ae52bb67e,outbound_initial,SALES_ISSUE_D,59,COMMITTED,1000,1000,0,0,0,196.550,0,null,"{""sourcePk"": ""0436585c-2699-413f-d20a-1aba7220f490"", ""businessDate"": ""1900-01-01T00:00:00.000000""}",,2026-08-31T10:39:26.068Z
e10-main,INITIALIZATION,01a0575b-a7ae-7a5c-8e45-126ae52bb67e,outbound_initial,SALES_ISSUE_D,60,COMMITTED,1000,1000,0,0,0,201.066,0,null,"{""sourcePk"": ""d7ba87c1-e2c8-4535-e475-1abcd8123cea"", ""businessDate"": ""1900-01-01T00:00:00.000000""}",,2026-08-31T10:39:26.502Z
e10-main,INITIALIZATION,01a0575b-a7ae-7a5c-8e45-126ae52bb67e,outbound_initial,SALES_ISSUE_D,61,COMMITTED,1000,999,1,0,0,159.984,0,null,"{""sourcePk"": ""693e749d-11e0-4339-e714-1ac344c7aeb4"", ""businessDate"": ""1900-01-01T00:00:00.000000""}",,2026-08-31T10:39:26.899Z
e10-main,INITIALIZATION,01a0575b-a7ae-7a5c-8e45-126ae52bb67e,outbound_initial,SALES_ISSUE_D,62,COMMITTED,1000,1000,0,0,0,160.365,0,null,"{""sourcePk"": ""11e417ff-6bde-415c-5423-1ac544ecf12e"", ""businessDate"": ""1900-01-01T00:00:00.000000""}",,2026-08-31T10:39:27.296Z
e10-main,INITIALIZATION,01a0575b-a7ae-7a5c-8e45-126ae52bb67e,outbound_initial,SALES_ISSUE_D,63,COMMITTED,1000,1000,0,0,0,161.218,0,null,"{""sourcePk"": ""4fc213f3-b1c9-42c4-aa6e-1ac5572bcf05"", ""businessDate"": ""1900-01-01T00:00:00.000000""}",,2026-08-31T10:39:27.739Z
e10-main,INITIALIZATION,01a0575b-a7ae-7a5c-8e45-126ae52bb67e,outbound_initial,SALES_ISSUE_D,64,COMMITTED,1000,999,1,0,0,259.107,0,null,"{""sourcePk"": ""1cdd1eaf-fbfe-44d0-c4a0-1aca4f744cda"", ""businessDate"": ""1900-01-01T00:00:00.000000""}",,2026-08-31T10:39:28.244Z
e10-main,INITIALIZATION,01a0575b-a7ae-7a5c-8e45-126ae52bb67e,outbound_initial,SALES_ISSUE_D,65,COMMITTED,1000,999,1,0,0,170.291,0,null,"{""sourcePk"": ""9f86d416-063c-4c77-75d4-1acb0ddc47e6"", ""businessDate"": ""1900-01-01T00:00:00.000000""}",,2026-08-31T10:39:28.645Z
e10-main,INITIALIZATION,01a0575b-a7ae-7a5c-8e45-126ae52bb67e,outbound_initial,SALES_ISSUE_D,66,COMMITTED,1000,1000,0,0,0,160.100,0,null,"{""sourcePk"": ""7a28ccb9-f93e-4649-4137-1acb24bcd957"", ""businessDate"": ""1900-01-01T00:00:00.000000""}",,2026-08-31T10:39:29.041Z
e10-main,INITIALIZATION,01a0575b-a7ae-7a5c-8e45-126ae52bb67e,outbound_initial,SALES_ISSUE_D,67,COMMITTED,1000,1000,0,0,0,231.749,0,null,"{""sourcePk"": ""7d32059b-bd76-46e1-a18a-1acf188690ee"", ""businessDate"": ""1900-01-01T00:00:00.000000""}",,2026-08-31T10:39:29.508Z
e10-main,INITIALIZATION,01a0575b-a7ae-7a5c-8e45-126ae52bb67e,outbound_initial,SALES_ISSUE_D,68,COMMITTED,1000,1000,0,0,0,165.609,0,null,"{""sourcePk"": ""dab9a535-e650-4f11-e3e3-1ad096ac9b5c"", ""businessDate"": ""1900-01-01T00:00:00.000000""}",,2026-08-31T10:39:29.919Z
e10-main,INITIALIZATION,01a0575b-a7ae-7a5c-8e45-126ae52bb67e,outbound_initial,SALES_ISSUE_D,69,COMMITTED,1000,1000,0,0,0,174.443,0,null,"{""sourcePk"": ""b78db52d-cf26-4d2d-0a56-1ad2f58e8140"", ""businessDate"": ""1900-01-01T00:00:00.000000""}",,2026-08-31T10:39:30.326Z
e10-main,INITIALIZATION,01a0575b-a7ae-7a5c-8e45-126ae52bb67e,outbound_initial,SALES_ISSUE_D,70,COMMITTED,1000,1000,0,0,0,223.775,0,null,"{""sourcePk"": ""943351bd-bf94-4a98-2730-1ada9960d256"", ""businessDate"": ""1900-01-01T00:00:00.000000""}",,2026-08-31T10:39:30.789Z
e10-main,INITIALIZATION,01a0575b-a7ae-7a5c-8e45-126ae52bb67e,outbound_initial,SALES_ISSUE_D,71,COMMITTED,1000,1000,0,0,0,160.847,0,null,"{""sourcePk"": ""7306380c-a297-4eca-71d7-1adaceba6ed4"", ""businessDate"": ""1900-01-01T00:00:00.000000""}",,2026-08-31T10:39:31.183Z
e10-main,INITIALIZATION,01a0575b-a7ae-7a5c-8e45-126ae52bb67e,outbound_initial,SALES_ISSUE_D,72,COMMITTED,1000,994,6,0,0,461.075,0,null,"{""sourcePk"": ""465ca220-31aa-4f3d-ae7f-1ae4c99f443d"", ""businessDate"": ""1900-01-01T00:00:00.000000""}",,2026-08-31T10:39:31.883Z
e10-main,INITIALIZATION,01a0575b-a7ae-7a5c-8e45-126ae52bb67e,outbound_initial,SALES_ISSUE_D,73,COMMITTED,1000,1000,0,0,0,245.876,0,null,"{""sourcePk"": ""edfb58fd-c5ab-4265-2c78-1ae68846266b"", ""businessDate"": ""1900-01-01T00:00:00.000000""}",,2026-08-31T10:39:32.374Z
e10-main,INITIALIZATION,01a0575b-a7ae-7a5c-8e45-126ae52bb67e,outbound_initial,SALES_ISSUE_D,74,COMMITTED,1000,1000,0,0,0,337.205,0,null,"{""sourcePk"": ""ca1d887c-579d-448c-694f-1aea90d4d59e"", ""businessDate"": ""1900-01-01T00:00:00.000000""}",,2026-08-31T10:39:32.963Z
e10-main,INITIALIZATION,01a0575b-a7ae-7a5c-8e45-126ae52bb67e,outbound_initial,SALES_ISSUE_D,75,COMMITTED,1000,1000,0,0,0,515.481,0,null,"{""sourcePk"": ""76aefca9-6651-47df-e353-1af3ad1b9d0e"", ""businessDate"": ""1900-01-01T00:00:00.000000""}",,2026-08-31T10:39:33.736Z
e10-main,INITIALIZATION,01a0575b-a7ae-7a5c-8e45-126ae52bb67e,outbound_initial,SALES_ISSUE_D,76,COMMITTED,1000,996,4,0,0,316.134,0,null,"{""sourcePk"": ""bdc93bd9-59c7-4c04-abe1-1af7ca4612e8"", ""businessDate"": ""1900-01-01T00:00:00.000000""}",,2026-08-31T10:39:34.294Z
e10-main,INITIALIZATION,01a0575b-a7ae-7a5c-8e45-126ae52bb67e,outbound_initial,SALES_ISSUE_D,77,COMMITTED,1000,1000,0,0,0,231.570,0,null,"{""sourcePk"": ""bd2c0964-d854-43f9-6d0c-1af9f77c73f2"", ""businessDate"": ""1900-01-01T00:00:00.000000""}",,2026-08-31T10:39:34.762Z
e10-main,INITIALIZATION,01a0575b-a7ae-7a5c-8e45-126ae52bb67e,outbound_initial,SALES_ISSUE_D,78,COMMITTED,1000,1000,0,0,0,209.300,0,null,"{""sourcePk"": ""53cd36cd-5e7d-4699-3086-1afb9a3dbe4e"", ""businessDate"": ""1900-01-01T00:00:00.000000""}",,2026-08-31T10:39:35.213Z
e10-main,INITIALIZATION,01a0575b-a7ae-7a5c-8e45-126ae52bb67e,outbound_initial,SALES_ISSUE_D,79,COMMITTED,1000,1000,0,0,0,185.739,0,null,"{""sourcePk"": ""ad27b693-3889-4095-9259-1afd40d64d73"", ""businessDate"": ""1900-01-01T00:00:00.000000""}",,2026-08-31T10:39:35.642Z
e10-main,INITIALIZATION,01a0575b-a7ae-7a5c-8e45-126ae52bb67e,outbound_initial,SALES_ISSUE_D,80,COMMITTED,1000,1000,0,0,0,164.308,0,null,"{""sourcePk"": ""0ec18692-6364-4329-e2fa-1aff9e94e833"", ""businessDate"": ""1900-01-01T00:00:00.000000""}",,2026-08-31T10:39:36.045Z
e10-main,INITIALIZATION,01a0575b-a7ae-7a5c-8e45-126ae52bb67e,outbound_initial,SALES_ISSUE_D,81,COMMITTED,1000,998,2,0,0,143.864,0,null,"{""sourcePk"": ""9e75410f-2f3b-4a3d-4e6b-1b02020162aa"", ""businessDate"": ""1900-01-01T00:00:00.000000""}",,2026-08-31T10:39:36.425Z
e10-main,INITIALIZATION,01a0575b-a7ae-7a5c-8e45-126ae52bb67e,outbound_initial,SALES_ISSUE_D,82,COMMITTED,1000,1000,0,0,0,239.423,0,null,"{""sourcePk"": ""cefe518d-9245-474c-de10-1b1348ea3aa4"", ""businessDate"": ""1900-01-01T00:00:00.000000""}",,2026-08-31T10:39:36.925Z
e10-main,INITIALIZATION,01a0575b-a7ae-7a5c-8e45-126ae52bb67e,outbound_initial,SALES_ISSUE_D,83,COMMITTED,1000,994,6,0,0,261.646,0,null,"{""sourcePk"": ""4ffa013b-8be3-4154-1e6d-1b1a3f6798a7"", ""businessDate"": ""1900-01-01T00:00:00.000000""}",,2026-08-31T10:39:37.430Z
e10-main,INITIALIZATION,01a0575b-a7ae-7a5c-8e45-126ae52bb67e,outbound_initial,SALES_ISSUE_D,84,COMMITTED,1000,1000,0,0,0,235.971,0,null,"{""sourcePk"": ""0d9b976a-0c07-41fa-ffd1-1b1be05ecc8b"", ""businessDate"": ""1900-01-01T00:00:00.000000""}",,2026-08-31T10:39:37.908Z
e10-main,INITIALIZATION,01a0575b-a7ae-7a5c-8e45-126ae52bb67e,outbound_initial,SALES_ISSUE_D,85,COMMITTED,1000,993,7,0,0,158.227,0,null,"{""sourcePk"": ""cbcaccea-c43d-49b4-dcf7-1b1fcf2b1e8c"", ""businessDate"": ""1900-01-01T00:00:00.000000""}",,2026-08-31T10:39:38.297Z
e10-main,INITIALIZATION,01a0575b-a7ae-7a5c-8e45-126ae52bb67e,outbound_initial,SALES_ISSUE_D,86,COMMITTED,1000,1000,0,0,0,160.295,0,null,"{""sourcePk"": ""81be11dd-e48b-4cdb-6161-1b2304e883e9"", ""businessDate"": ""1900-01-01T00:00:00.000000""}",,2026-08-31T10:39:38.695Z
e10-main,INITIALIZATION,01a0575b-a7ae-7a5c-8e45-126ae52bb67e,outbound_initial,SALES_ISSUE_D,87,COMMITTED,1000,998,2,0,0,161.074,0,null,"{""sourcePk"": ""8b8fd037-bd4a-4c47-4d28-1b2bae11cfaf"", ""businessDate"": ""1900-01-01T00:00:00.000000""}",,2026-08-31T10:39:39.092Z
e10-main,INITIALIZATION,01a0575b-a7ae-7a5c-8e45-126ae52bb67e,outbound_initial,SALES_ISSUE_D,88,COMMITTED,1000,996,4,0,0,248.360,0,null,"{""sourcePk"": ""1255c5af-4053-4251-162c-1b36a3301097"", ""businessDate"": ""1900-01-01T00:00:00.000000""}",,2026-08-31T10:39:39.590Z
e10-main,INITIALIZATION,01a0575b-a7ae-7a5c-8e45-126ae52bb67e,outbound_initial,SALES_ISSUE_D,89,COMMITTED,1000,993,7,0,0,329.206,0,null,"{""sourcePk"": ""f5b7da72-dc06-4a71-826f-1b4aec8449fb"", ""businessDate"": ""1900-01-01T00:00:00.000000""}",,2026-08-31T10:39:40.166Z
e10-main,INITIALIZATION,01a0575b-a7ae-7a5c-8e45-126ae52bb67e,outbound_initial,SALES_ISSUE_D,90,COMMITTED,1000,995,5,0,0,222.149,0,null,"{""sourcePk"": ""0d0cf9c0-ec67-4ae1-008c-1b5aadeaf7e4"", ""businessDate"": ""1900-01-01T00:00:00.000000""}",,2026-08-31T10:39:40.621Z
e10-main,INITIALIZATION,01a0575b-a7ae-7a5c-8e45-126ae52bb67e,outbound_initial,SALES_ISSUE_D,91,COMMITTED,1000,1000,0,0,0,174.245,0,null,"{""sourcePk"": ""faa9a300-ba83-498c-6766-1b643618405b"", ""businessDate"": ""1900-01-01T00:00:00.000000""}",,2026-08-31T10:39:41.018Z
e10-main,INITIALIZATION,01a0575b-a7ae-7a5c-8e45-126ae52bb67e,outbound_initial,SALES_ISSUE_D,92,COMMITTED,1000,997,3,0,0,183.469,0,null,"{""sourcePk"": ""53f102b0-6f5e-4bb9-3226-1b6e7fb56d1b"", ""businessDate"": ""1900-01-01T00:00:00.000000""}",,2026-08-31T10:39:41.435Z
e10-main,INITIALIZATION,01a0575b-a7ae-7a5c-8e45-126ae52bb67e,outbound_initial,SALES_ISSUE_D,93,COMMITTED,1000,996,4,0,0,231.177,0,null,"{""sourcePk"": ""3cedb970-3aae-4f23-84aa-1b76446bf2c5"", ""businessDate"": ""1900-01-01T00:00:00.000000""}",,2026-08-31T10:39:41.907Z
e10-main,INITIALIZATION,01a0575b-a7ae-7a5c-8e45-126ae52bb67e,outbound_initial,SALES_ISSUE_D,94,COMMITTED,1000,999,1,0,0,194.497,0,null,"{""sourcePk"": ""0cb7ee20-1a16-45e0-0c53-1b7d3a5fcffa"", ""businessDate"": ""1900-01-01T00:00:00.000000""}",,2026-08-31T10:39:42.327Z
e10-main,INITIALIZATION,01a0575b-a7ae-7a5c-8e45-126ae52bb67e,outbound_initial,SALES_ISSUE_D,95,COMMITTED,1000,996,4,0,0,213.850,0,null,"{""sourcePk"": ""d224516e-2c2e-4dc0-5d93-1b830cfff293"", ""businessDate"": ""1900-01-01T00:00:00.000000""}",,2026-08-31T10:39:42.773Z
e10-main,INITIALIZATION,01a0575b-a7ae-7a5c-8e45-126ae52bb67e,outbound_initial,SALES_ISSUE_D,96,COMMITTED,1000,1000,0,0,0,211.285,0,null,"{""sourcePk"": ""133e69da-1630-4874-580a-1b8ae12bce7c"", ""businessDate"": ""1900-01-01T00:00:00.000000""}",,2026-08-31T10:39:43.216Z
e10-main,INITIALIZATION,01a0575b-a7ae-7a5c-8e45-126ae52bb67e,outbound_initial,SALES_ISSUE_D,97,COMMITTED,1000,1000,0,0,0,253.983,0,null,"{""sourcePk"": ""98758b5f-a567-4140-0826-1b926121b884"", ""businessDate"": ""1900-01-01T00:00:00.000000""}",,2026-08-31T10:39:43.707Z
e10-main,INITIALIZATION,01a0575b-a7ae-7a5c-8e45-126ae52bb67e,outbound_initial,SALES_ISSUE_D,98,COMMITTED,1000,1000,0,0,0,154.708,0,null,"{""sourcePk"": ""52c6066b-3937-44a0-2149-1b971b9ab188"", ""businessDate"": ""1900-01-01T00:00:00.000000""}",,2026-08-31T10:39:44.098Z
e10-main,INITIALIZATION,01a0575b-a7ae-7a5c-8e45-126ae52bb67e,outbound_initial,SALES_ISSUE_D,99,COMMITTED,1000,999,1,0,0,195.691,0,null,"{""sourcePk"": ""4ae7f7f1-97df-493d-3877-1b9fc0457c1e"", ""businessDate"": ""1900-01-01T00:00:00.000000""}",,2026-08-31T10:39:44.544Z
e10-main,INITIALIZATION,01a0575b-a7ae-7a5c-8e45-126ae52bb67e,outbound_initial,SALES_ISSUE_D,100,COMMITTED,1000,999,1,0,0,223.506,0,null,"{""sourcePk"": ""d3bc5a21-6a9a-4e72-ea3d-1ba6d0fd4282"", ""businessDate"": ""1900-01-01T00:00:00.000000""}",,2026-08-31T10:39:45.000Z
e10-main,INITIALIZATION,01a0575b-a7ae-7a5c-8e45-126ae52bb67e,outbound_initial,SALES_ISSUE_D,101,COMMITTED,1000,997,3,0,0,173.987,0,null,"{""sourcePk"": ""5eee59d6-f7d5-481c-4b97-1bad1802e64a"", ""businessDate"": ""1900-01-01T00:00:00.000000""}",,2026-08-31T10:39:45.411Z
e10-main,INITIALIZATION,01a0575b-a7ae-7a5c-8e45-126ae52bb67e,outbound_initial,SALES_ISSUE_D,102,COMMITTED,1000,998,2,0,0,190.988,0,null,"{""sourcePk"": ""0d4fb509-fad2-4faa-4783-1bb36377eed5"", ""businessDate"": ""1900-01-01T00:00:00.000000""}",,2026-08-31T10:39:45.838Z
e10-main,INITIALIZATION,01a0575b-a7ae-7a5c-8e45-126ae52bb67e,outbound_initial,SALES_ISSUE_D,103,COMMITTED,1000,1000,0,0,0,164.399,0,null,"{""sourcePk"": ""b7088a0f-6cf8-49c5-0b1f-1bb784068e31"", ""businessDate"": ""1900-01-01T00:00:00.000000""}",,2026-08-31T10:39:46.242Z
e10-main,INITIALIZATION,01a0575b-a7ae-7a5c-8e45-126ae52bb67e,outbound_initial,SALES_ISSUE_D,104,COMMITTED,1000,1000,0,0,0,183.608,0,null,"{""sourcePk"": ""4a8ece55-0be8-4827-deac-1bbc35e93670"", ""businessDate"": ""1900-01-01T00:00:00.000000""}",,2026-08-31T10:39:46.667Z
e10-main,INITIALIZATION,01a0575b-a7ae-7a5c-8e45-126ae52bb67e,outbound_initial,SALES_ISSUE_D,105,COMMITTED,1000,1000,0,0,0,168.442,0,null,"{""sourcePk"": ""b90226c5-2168-4940-4e3d-1bc256c139dc"", ""businessDate"": ""1900-01-01T00:00:00.000000""}",,2026-08-31T10:39:47.076Z
e10-main,INITIALIZATION,01a0575b-a7ae-7a5c-8e45-126ae52bb67e,outbound_initial,SALES_ISSUE_D,106,COMMITTED,1000,1000,0,0,0,161.710,0,null,"{""sourcePk"": ""ca02bb1a-4bca-4300-26b7-1bc702633cfc"", ""businessDate"": ""1900-01-01T00:00:00.000000""}",,2026-08-31T10:39:47.476Z
e10-main,INITIALIZATION,01a0575b-a7ae-7a5c-8e45-126ae52bb67e,outbound_initial,SALES_ISSUE_D,107,COMMITTED,1000,1000,0,0,0,158.868,0,null,"{""sourcePk"": ""e00d6e2c-55d6-49f1-3856-1bcd79f148a9"", ""businessDate"": ""1900-01-01T00:00:00.000000""}",,2026-08-31T10:39:47.870Z
e10-main,INITIALIZATION,01a0575b-a7ae-7a5c-8e45-126ae52bb67e,outbound_initial,SALES_ISSUE_D,108,COMMITTED,1000,1000,0,0,0,176.664,0,null,"{""sourcePk"": ""5a157dba-6ea6-4e56-e9a0-1bd2197c9153"", ""businessDate"": ""1900-01-01T00:00:00.000000""}",,2026-08-31T10:39:48.280Z
e10-main,INITIALIZATION,01a0575b-a7ae-7a5c-8e45-126ae52bb67e,outbound_initial,SALES_ISSUE_D,109,COMMITTED,1000,1000,0,0,0,220.058,0,null,"{""sourcePk"": ""d34ef079-fc98-4bb9-77b6-1bd538d35831"", ""businessDate"": ""1900-01-01T00:00:00.000000""}",,2026-08-31T10:39:48.732Z
e10-main,INITIALIZATION,01a0575b-a7ae-7a5c-8e45-126ae52bb67e,outbound_initial,SALES_ISSUE_D,110,COMMITTED,1000,998,2,0,0,168.905,0,null,"{""sourcePk"": ""4580002e-460a-4751-efa9-1bd6e7b06d0a"", ""businessDate"": ""1900-01-01T00:00:00.000000""}",,2026-08-31T10:39:49.141Z
e10-main,INITIALIZATION,01a0575b-a7ae-7a5c-8e45-126ae52bb67e,outbound_initial,SALES_ISSUE_D,111,COMMITTED,1000,999,1,0,0,162.978,0,null,"{""sourcePk"": ""03a9cf65-173c-4948-c150-1bd894beee72"", ""businessDate"": ""1900-01-01T00:00:00.000000""}",,2026-08-31T10:39:49.532Z
e10-main,INITIALIZATION,01a0575b-a7ae-7a5c-8e45-126ae52bb67e,outbound_initial,SALES_ISSUE_D,112,COMMITTED,1000,1000,0,0,0,240.968,0,null,"{""sourcePk"": ""ad2a16c4-78c5-40cb-be55-1bdd1bb5f605"", ""businessDate"": ""1900-01-01T00:00:00.000000""}",,2026-08-31T10:39:49.998Z
e10-main,INITIALIZATION,01a0575b-a7ae-7a5c-8e45-126ae52bb67e,outbound_initial,SALES_ISSUE_D,113,COMMITTED,1000,1000,0,0,0,190.662,0,null,"{""sourcePk"": ""545d9904-cde1-4c46-e88b-1be13019d589"", ""businessDate"": ""1900-01-01T00:00:00.000000""}",,2026-08-31T10:39:50.418Z
e10-main,INITIALIZATION,01a0575b-a7ae-7a5c-8e45-126ae52bb67e,outbound_initial,SALES_ISSUE_D,114,COMMITTED,1000,1000,0,0,0,160.537,0,null,"{""sourcePk"": ""f9bc8df5-7b7c-4a3a-9812-1be2070fb6ba"", ""businessDate"": ""1900-01-01T00:00:00.000000""}",,2026-08-31T10:39:50.808Z
e10-main,INITIALIZATION,01a0575b-a7ae-7a5c-8e45-126ae52bb67e,outbound_initial,SALES_ISSUE_D,115,COMMITTED,1000,1000,0,0,0,184.645,0,null,"{""sourcePk"": ""1946efc0-81f2-4954-a6f1-1be418a425a8"", ""businessDate"": ""1900-01-01T00:00:00.000000""}",,2026-08-31T10:39:51.225Z
e10-main,INITIALIZATION,01a0575b-a7ae-7a5c-8e45-126ae52bb67e,outbound_initial,SALES_ISSUE_D,116,COMMITTED,1000,1000,0,0,0,170.614,0,null,"{""sourcePk"": ""3ff79dcf-c792-4910-ef28-1be805d82248"", ""businessDate"": ""1900-01-01T00:00:00.000000""}",,2026-08-31T10:39:51.628Z
e10-main,INITIALIZATION,01a0575b-a7ae-7a5c-8e45-126ae52bb67e,outbound_initial,SALES_ISSUE_D,117,COMMITTED,1000,1000,0,0,0,224.083,0,null,"{""sourcePk"": ""73b876f2-0d16-46c6-0c52-1becba2e0a41"", ""businessDate"": ""1900-01-01T00:00:00.000000""}",,2026-08-31T10:39:52.094Z
e10-main,INITIALIZATION,01a0575b-a7ae-7a5c-8e45-126ae52bb67e,outbound_initial,SALES_ISSUE_D,118,COMMITTED,1000,1000,0,0,0,213.306,0,null,"{""sourcePk"": ""fa2ba946-3f99-4e4e-a9f5-1bef856aa392"", ""businessDate"": ""1900-01-01T00:00:00.000000""}",,2026-08-31T10:39:52.540Z
e10-main,INITIALIZATION,01a0575b-a7ae-7a5c-8e45-126ae52bb67e,outbound_initial,SALES_ISSUE_D,119,COMMITTED,1000,1000,0,0,0,165.121,0,null,"{""sourcePk"": ""bebe0625-74cf-44ac-39e4-1bf42532076d"", ""businessDate"": ""1900-01-01T00:00:00.000000""}",,2026-08-31T10:39:52.948Z
e10-main,INITIALIZATION,01a0575b-a7ae-7a5c-8e45-126ae52bb67e,outbound_initial,SALES_ISSUE_D,120,COMMITTED,1000,1000,0,0,0,162.050,0,null,"{""sourcePk"": ""4e706147-8192-497b-8702-1bf7fc2e6a54"", ""businessDate"": ""1900-01-01T00:00:00.000000""}",,2026-08-31T10:39:53.344Z
e10-main,INITIALIZATION,01a0575b-a7ae-7a5c-8e45-126ae52bb67e,outbound_initial,SALES_ISSUE_D,121,COMMITTED,1000,1000,0,0,0,160.632,0,null,"{""sourcePk"": ""20ae3f33-f45e-4954-5d3e-1bf8d5c88494"", ""businessDate"": ""1900-01-01T00:00:00.000000""}",,2026-08-31T10:39:53.739Z
e10-main,INITIALIZATION,01a0575b-a7ae-7a5c-8e45-126ae52bb67e,outbound_initial,SALES_ISSUE_D,122,COMMITTED,1000,1000,0,0,0,159.851,0,null,"{""sourcePk"": ""807c2b12-7ece-43f5-e4f4-1bfd4385c2d2"", ""businessDate"": ""1900-01-01T00:00:00.000000""}",,2026-08-31T10:39:54.134Z
e10-main,INITIALIZATION,01a0575b-a7ae-7a5c-8e45-126ae52bb67e,outbound_initial,SALES_ISSUE_D,123,COMMITTED,1000,1000,0,0,0,376.813,0,null,"{""sourcePk"": ""11e59619-ded8-4495-06b9-1c00ab9ab420"", ""businessDate"": ""1900-01-01T00:00:00.000000""}",,2026-08-31T10:39:54.749Z
e10-main,INITIALIZATION,01a0575b-a7ae-7a5c-8e45-126ae52bb67e,outbound_initial,SALES_ISSUE_D,124,COMMITTED,1000,997,3,0,0,349.652,0,null,"{""sourcePk"": ""a2703dcd-6a9a-4f01-ed9b-1c06fac3119b"", ""businessDate"": ""1900-01-01T00:00:00.000000""}",,2026-08-31T10:39:55.347Z
e10-main,INITIALIZATION,01a0575b-a7ae-7a5c-8e45-126ae52bb67e,outbound_initial,SALES_ISSUE_D,125,COMMITTED,1000,996,4,0,0,259.298,0,null,"{""sourcePk"": ""b7748b2a-c9bd-4ad7-b9cd-1c0cf0e32f7d"", ""businessDate"": ""1900-01-01T00:00:00.000000""}",,2026-08-31T10:39:55.855Z
e10-main,INITIALIZATION,01a0575b-a7ae-7a5c-8e45-126ae52bb67e,outbound_initial,SALES_ISSUE_D,126,COMMITTED,1000,1000,0,0,0,213.034,0,null,"{""sourcePk"": ""5fed3592-751b-4ce2-a371-1c127268e3cb"", ""businessDate"": ""1900-01-01T00:00:00.000000""}",,2026-08-31T10:39:56.304Z
e10-main,INITIALIZATION,01a0575b-a7ae-7a5c-8e45-126ae52bb67e,outbound_initial,SALES_ISSUE_D,127,COMMITTED,1000,1000,0,0,0,321.043,0,null,"{""sourcePk"": ""e960998c-18bb-49f0-defd-1c25812fa422"", ""businessDate"": ""1900-01-01T00:00:00.000000""}",,2026-08-31T10:39:56.867Z
e10-main,INITIALIZATION,01a0575b-a7ae-7a5c-8e45-126ae52bb67e,outbound_initial,SALES_ISSUE_D,128,COMMITTED,1000,1000,0,0,0,179.336,0,null,"{""sourcePk"": ""746f6805-8ff4-4182-79c6-1c2df7a33210"", ""businessDate"": ""1900-01-01T00:00:00.000000""}",,2026-08-31T10:39:57.280Z
e10-main,INITIALIZATION,01a0575b-a7ae-7a5c-8e45-126ae52bb67e,outbound_initial,SALES_ISSUE_D,129,COMMITTED,1000,1000,0,0,0,165.961,0,null,"{""sourcePk"": ""ebbe4bb1-36f5-4358-33cd-1c32ed979e59"", ""businessDate"": ""1900-01-01T00:00:00.000000""}",,2026-08-31T10:39:57.682Z
e10-main,INITIALIZATION,01a0575b-a7ae-7a5c-8e45-126ae52bb67e,outbound_initial,SALES_ISSUE_D,130,COMMITTED,1000,1000,0,0,0,172.251,0,null,"{""sourcePk"": ""f376c049-2f36-4b3a-c00c-1c38f1bb58da"", ""businessDate"": ""1900-01-01T00:00:00.000000""}",,2026-08-31T10:39:58.076Z
e10-main,INITIALIZATION,01a0575b-a7ae-7a5c-8e45-126ae52bb67e,outbound_initial,SALES_ISSUE_D,131,COMMITTED,1000,1000,0,0,0,352.850,0,null,"{""sourcePk"": ""90d93f25-9c1d-47e5-35f9-1c40d1948116"", ""businessDate"": ""1900-01-01T00:00:00.000000""}",,2026-08-31T10:39:58.691Z
e10-main,INITIALIZATION,01a0575b-a7ae-7a5c-8e45-126ae52bb67e,outbound_initial,SALES_ISSUE_D,132,COMMITTED,1000,1000,0,0,0,509.490,0,null,"{""sourcePk"": ""f5204486-2a4e-467f-6a79-1c4f6e5a7076"", ""businessDate"": ""1900-01-01T00:00:00.000000""}",,2026-08-31T10:39:59.440Z
e10-main,INITIALIZATION,01a0575b-a7ae-7a5c-8e45-126ae52bb67e,outbound_initial,SALES_ISSUE_D,133,COMMITTED,1000,1000,0,0,0,492.824,0,null,"{""sourcePk"": ""1095c379-414b-4695-f95d-1c5bf8fa478d"", ""businessDate"": ""1900-01-01T00:00:00.000000""}",,2026-08-31T10:40:00.174Z
e10-main,INITIALIZATION,01a0575b-a7ae-7a5c-8e45-126ae52bb67e,outbound_initial,SALES_ISSUE_D,134,COMMITTED,1000,1000,0,0,0,354.870,0,null,"{""sourcePk"": ""cac8fab2-f676-4921-c253-1c642f5aed8b"", ""businessDate"": ""1900-01-01T00:00:00.000000""}",,2026-08-31T10:40:00.768Z
e10-main,INITIALIZATION,01a0575b-a7ae-7a5c-8e45-126ae52bb67e,outbound_initial,SALES_ISSUE_D,135,COMMITTED,1000,1000,0,0,0,222.832,0,null,"{""sourcePk"": ""05d23b4c-c7fa-481f-2204-1c6c06ac5f75"", ""businessDate"": ""1900-01-01T00:00:00.000000""}",,2026-08-31T10:40:01.229Z
e10-main,INITIALIZATION,01a0575b-a7ae-7a5c-8e45-126ae52bb67e,outbound_initial,SALES_ISSUE_D,136,COMMITTED,1000,1000,0,0,0,193.241,0,null,"{""sourcePk"": ""64210eae-19f6-4b0f-140d-1c70cc04f5b0"", ""businessDate"": ""1900-01-01T00:00:00.000000""}",,2026-08-31T10:40:01.665Z
e10-main,INITIALIZATION,01a0575b-a7ae-7a5c-8e45-126ae52bb67e,outbound_initial,SALES_ISSUE_D,137,COMMITTED,1000,1000,0,0,0,318.459,0,null,"{""sourcePk"": ""33256310-21b2-448f-7da1-1c7584f129b5"", ""businessDate"": ""1900-01-01T00:00:00.000000""}",,2026-08-31T10:40:02.219Z
e10-main,INITIALIZATION,01a0575b-a7ae-7a5c-8e45-126ae52bb67e,outbound_initial,SALES_ISSUE_D,138,COMMITTED,1000,1000,0,0,0,359.037,0,null,"{""sourcePk"": ""bf454028-6e17-42a4-ba29-1c7ee52b25d5"", ""businessDate"": ""1900-01-01T00:00:00.000000""}",,2026-08-31T10:40:02.820Z
e10-main,INITIALIZATION,01a0575b-a7ae-7a5c-8e45-126ae52bb67e,outbound_initial,SALES_ISSUE_D,139,COMMITTED,1000,1000,0,0,0,236.971,0,null,"{""sourcePk"": ""c169558a-8d7a-4147-f435-1c839ac9d2ee"", ""businessDate"": ""1900-01-01T00:00:00.000000""}",,2026-08-31T10:40:03.298Z
e10-main,INITIALIZATION,01a0575b-a7ae-7a5c-8e45-126ae52bb67e,outbound_initial,SALES_ISSUE_D,140,COMMITTED,1000,1000,0,0,0,160.800,0,null,"{""sourcePk"": ""df5a2a3c-869a-453d-e99d-1c878625e6f9"", ""businessDate"": ""1900-01-01T00:00:00.000000""}",,2026-08-31T10:40:03.688Z
e10-main,INITIALIZATION,01a0575b-a7ae-7a5c-8e45-126ae52bb67e,outbound_initial,SALES_ISSUE_D,141,COMMITTED,1000,1000,0,0,0,162.368,0,null,"{""sourcePk"": ""30ddf55a-3cc7-4b46-8f18-1c8ab41976db"", ""businessDate"": ""1900-01-01T00:00:00.000000""}",,2026-08-31T10:40:04.085Z
e10-main,INITIALIZATION,01a0575b-a7ae-7a5c-8e45-126ae52bb67e,outbound_initial,SALES_ISSUE_D,142,COMMITTED,1000,999,1,0,0,164.787,0,null,"{""sourcePk"": ""68cf567b-a502-46d8-7b2e-1c8d6a20e6ee"", ""businessDate"": ""1900-01-01T00:00:00.000000""}",,2026-08-31T10:40:04.493Z
e10-main,INITIALIZATION,01a0575b-a7ae-7a5c-8e45-126ae52bb67e,outbound_initial,SALES_ISSUE_D,143,COMMITTED,1000,1000,0,0,0,181.362,0,null,"{""sourcePk"": ""eafe5ddc-d4df-44e0-877b-1c90f9cea301"", ""businessDate"": ""1900-01-01T00:00:00.000000""}",,2026-08-31T10:40:04.912Z
e10-main,INITIALIZATION,01a0575b-a7ae-7a5c-8e45-126ae52bb67e,outbound_initial,SALES_ISSUE_D,144,COMMITTED,1000,1000,0,0,0,196.327,0,null,"{""sourcePk"": ""bd7546b1-c0e7-49dd-3c97-1c941ca772c5"", ""businessDate"": ""1900-01-01T00:00:00.000000""}",,2026-08-31T10:40:05.347Z
e10-main,INITIALIZATION,01a0575b-a7ae-7a5c-8e45-126ae52bb67e,outbound_initial,SALES_ISSUE_D,145,COMMITTED,1000,1000,0,0,0,225.908,0,null,"{""sourcePk"": ""daaaa117-6faf-4695-4796-1c980b28deae"", ""businessDate"": ""1900-01-01T00:00:00.000000""}",,2026-08-31T10:40:05.814Z
e10-main,INITIALIZATION,01a0575b-a7ae-7a5c-8e45-126ae52bb67e,outbound_initial,SALES_ISSUE_D,146,COMMITTED,1000,1000,0,0,0,435.821,0,null,"{""sourcePk"": ""c8a9957a-d9b0-4082-5a4d-1c9f50de8a50"", ""businessDate"": ""1900-01-01T00:00:00.000000""}",,2026-08-31T10:40:06.489Z
e10-main,INITIALIZATION,01a0575b-a7ae-7a5c-8e45-126ae52bb67e,outbound_initial,SALES_ISSUE_D,147,COMMITTED,1000,999,1,0,0,255.299,0,null,"{""sourcePk"": ""138cc4d6-6abb-4624-7e29-1ca33e708c05"", ""businessDate"": ""1900-01-01T00:00:00.000000""}",,2026-08-31T10:40:06.987Z
e10-main,INITIALIZATION,01a0575b-a7ae-7a5c-8e45-126ae52bb67e,outbound_initial,SALES_ISSUE_D,148,COMMITTED,1000,1000,0,0,0,212.532,0,null,"{""sourcePk"": ""94fba88b-4fcb-4687-4c9b-1ca6f877dbda"", ""businessDate"": ""1900-01-01T00:00:00.000000""}",,2026-08-31T10:40:07.445Z
e10-main,INITIALIZATION,01a0575b-a7ae-7a5c-8e45-126ae52bb67e,outbound_initial,SALES_ISSUE_D,149,COMMITTED,1000,1000,0,0,0,325.804,0,null,"{""sourcePk"": ""8b44c64b-be7a-4210-2b6d-1caa7ea43038"", ""businessDate"": ""1900-01-01T00:00:00.000000""}",,2026-08-31T10:40:08.013Z
e10-main,INITIALIZATION,01a0575b-a7ae-7a5c-8e45-126ae52bb67e,outbound_initial,SALES_ISSUE_D,150,COMMITTED,1000,998,2,0,0,640.206,0,null,"{""sourcePk"": ""335e6ce7-a98c-45ea-36b1-1cb5fab5c019"", ""businessDate"": ""1900-01-01T00:00:00.000000""}",,2026-08-31T10:40:08.889Z
e10-main,INITIALIZATION,01a0575b-a7ae-7a5c-8e45-126ae52bb67e,outbound_initial,SALES_ISSUE_D,151,COMMITTED,1000,999,1,0,0,387.680,0,null,"{""sourcePk"": ""6eaf815d-6655-45f4-9655-1cbd0d054ef2"", ""businessDate"": ""1900-01-01T00:00:00.000000""}",,2026-08-31T10:40:09.516Z
e10-main,INITIALIZATION,01a0575b-a7ae-7a5c-8e45-126ae52bb67e,outbound_initial,SALES_ISSUE_D,152,COMMITTED,1000,1000,0,0,0,173.932,0,null,"{""sourcePk"": ""fd033a4d-00fc-4b8b-51fd-1cc0edd41517"", ""businessDate"": ""1900-01-01T00:00:00.000000""}",,2026-08-31T10:40:09.931Z
e10-main,INITIALIZATION,01a0575b-a7ae-7a5c-8e45-126ae52bb67e,outbound_initial,SALES_ISSUE_D,153,COMMITTED,1000,1000,0,0,0,221.628,0,null,"{""sourcePk"": ""5c953a6a-eb17-4adf-6ed9-1cc4d545f6cf"", ""businessDate"": ""1900-01-01T00:00:00.000000""}",,2026-08-31T10:40:10.390Z
e10-main,INITIALIZATION,01a0575b-a7ae-7a5c-8e45-126ae52bb67e,outbound_initial,SALES_ISSUE_D,154,COMMITTED,1000,1000,0,0,0,190.299,0,null,"{""sourcePk"": ""97984d03-e0dc-4fe3-5569-1cc7fcb991cc"", ""businessDate"": ""1900-01-01T00:00:00.000000""}",,2026-08-31T10:40:10.816Z
e10-main,INITIALIZATION,01a0575b-a7ae-7a5c-8e45-126ae52bb67e,outbound_initial,SALES_ISSUE_D,155,COMMITTED,1000,1000,0,0,0,171.319,0,null,"{""sourcePk"": ""5c408ff5-e71f-4604-73f6-1ccbf08bdede"", ""businessDate"": ""1900-01-01T00:00:00.000000""}",,2026-08-31T10:40:11.219Z
e10-main,INITIALIZATION,01a0575b-a7ae-7a5c-8e45-126ae52bb67e,outbound_initial,SALES_ISSUE_D,156,COMMITTED,1000,1000,0,0,0,174.403,0,null,"{""sourcePk"": ""44750fbd-c85e-4827-37c3-1ccd897b398b"", ""businessDate"": ""1900-01-01T00:00:00.000000""}",,2026-08-31T10:40:11.620Z
e10-main,INITIALIZATION,01a0575b-a7ae-7a5c-8e45-126ae52bb67e,outbound_initial,SALES_ISSUE_D,157,COMMITTED,1000,1000,0,0,0,147.219,0,null,"{""sourcePk"": ""424e0aeb-044b-4212-f72d-1ccd930749a9"", ""businessDate"": ""1900-01-01T00:00:00.000000""}",,2026-08-31T10:40:11.992Z
e10-main,INITIALIZATION,01a0575b-a7ae-7a5c-8e45-126ae52bb67e,outbound_initial,SALES_ISSUE_D,158,COMMITTED,1000,1000,0,0,0,161.108,0,null,"{""sourcePk"": ""233f3580-ec50-4880-7bdd-1ccf0bcd1330"", ""businessDate"": ""1900-01-01T00:00:00.000000""}",,2026-08-31T10:40:12.393Z
e10-main,INITIALIZATION,01a0575b-a7ae-7a5c-8e45-126ae52bb67e,outbound_initial,SALES_ISSUE_D,159,COMMITTED,1000,1000,0,0,0,250.643,0,null,"{""sourcePk"": ""cad393e4-2ca9-41e0-6acc-1cd2f9ec9467"", ""businessDate"": ""1900-01-01T00:00:00.000000""}",,2026-08-31T10:40:12.885Z
e10-main,INITIALIZATION,01a0575b-a7ae-7a5c-8e45-126ae52bb67e,outbound_initial,SALES_ISSUE_D,160,COMMITTED,1000,1000,0,0,0,419.516,0,null,"{""sourcePk"": ""5304f649-9f02-4000-142d-1cd98238ba6c"", ""businessDate"": ""1900-01-01T00:00:00.000000""}",,2026-08-31T10:40:13.543Z
e10-main,INITIALIZATION,01a0575b-a7ae-7a5c-8e45-126ae52bb67e,outbound_initial,SALES_ISSUE_D,161,COMMITTED,1000,995,5,0,0,434.561,0,null,"{""sourcePk"": ""1da6f570-af4b-4554-1727-1ce488d89125"", ""businessDate"": ""1900-01-01T00:00:00.000000""}",,2026-08-31T10:40:14.223Z
e10-main,INITIALIZATION,01a0575b-a7ae-7a5c-8e45-126ae52bb67e,outbound_initial,SALES_ISSUE_D,162,COMMITTED,1000,1000,0,0,0,291.241,0,null,"{""sourcePk"": ""2262e66f-8e26-40a7-a517-1ceac1517c79"", ""businessDate"": ""1900-01-01T00:00:00.000000""}",,2026-08-31T10:40:14.752Z
e10-main,INITIALIZATION,01a0575b-a7ae-7a5c-8e45-126ae52bb67e,outbound_initial,SALES_ISSUE_D,163,COMMITTED,1000,1000,0,0,0,318.469,0,null,"{""sourcePk"": ""7d55b8d5-4ca3-4af1-5a15-1cf19e5f4e26"", ""businessDate"": ""1900-01-01T00:00:00.000000""}",,2026-08-31T10:40:15.307Z
e10-main,INITIALIZATION,01a0575b-a7ae-7a5c-8e45-126ae52bb67e,outbound_initial,SALES_ISSUE_D,164,COMMITTED,1000,1000,0,0,0,169.371,0,null,"{""sourcePk"": ""3985af18-07ba-4b53-97f7-1cf424d88973"", ""businessDate"": ""1900-01-01T00:00:00.000000""}",,2026-08-31T10:40:15.712Z
e10-main,INITIALIZATION,01a0575b-a7ae-7a5c-8e45-126ae52bb67e,outbound_initial,SALES_ISSUE_D,165,COMMITTED,1000,1000,0,0,0,165.369,0,null,"{""sourcePk"": ""9eeaa378-2b72-4b7f-575b-1cf594b9387d"", ""businessDate"": ""1900-01-01T00:00:00.000000""}",,2026-08-31T10:40:16.115Z
e10-main,INITIALIZATION,01a0575b-a7ae-7a5c-8e45-126ae52bb67e,outbound_initial,SALES_ISSUE_D,166,COMMITTED,1000,999,1,0,0,241.519,0,null,"{""sourcePk"": ""81f108d6-c962-47f9-e7a7-1cf8ed6c8ab4"", ""businessDate"": ""1900-01-01T00:00:00.000000""}",,2026-08-31T10:40:16.593Z
e10-main,INITIALIZATION,01a0575b-a7ae-7a5c-8e45-126ae52bb67e,outbound_initial,SALES_ISSUE_D,167,COMMITTED,1000,1000,0,0,0,332.660,0,null,"{""sourcePk"": ""a5f0de5f-057b-4c34-c255-1cfe6b7608a2"", ""businessDate"": ""1900-01-01T00:00:00.000000""}",,2026-08-31T10:40:17.177Z
e10-main,INITIALIZATION,01a0575b-a7ae-7a5c-8e45-126ae52bb67e,outbound_initial,SALES_ISSUE_D,168,COMMITTED,1000,1000,0,0,0,280.100,0,null,"{""sourcePk"": ""d317410d-322a-4509-70b1-1d022fa9c2d4"", ""businessDate"": ""1900-01-01T00:00:00.000000""}",,2026-08-31T10:40:17.689Z
e10-main,INITIALIZATION,01a0575b-a7ae-7a5c-8e45-126ae52bb67e,outbound_initial,SALES_ISSUE_D,169,COMMITTED,1000,1000,0,0,0,411.191,0,null,"{""sourcePk"": ""1d9f83e0-a18a-413c-878d-1d072b307943"", ""businessDate"": ""1900-01-01T00:00:00.000000""}",,2026-08-31T10:40:18.342Z
e10-main,INITIALIZATION,01a0575b-a7ae-7a5c-8e45-126ae52bb67e,outbound_initial,SALES_ISSUE_D,170,COMMITTED,1000,999,1,0,0,745.025,0,null,"{""sourcePk"": ""187f3f70-0d90-4513-238d-1d0f798c53d4"", ""businessDate"": ""1900-01-01T00:00:00.000000""}",,2026-08-31T10:40:19.330Z
e10-main,INITIALIZATION,01a0575b-a7ae-7a5c-8e45-126ae52bb67e,outbound_initial,SALES_ISSUE_D,171,COMMITTED,1000,1000,0,0,0,596.655,0,null,"{""sourcePk"": ""9e1eea17-721b-49fb-3c65-1d1a14185203"", ""businessDate"": ""1900-01-01T00:00:00.000000""}",,2026-08-31T10:40:20.169Z
e10-main,INITIALIZATION,01a0575b-a7ae-7a5c-8e45-126ae52bb67e,outbound_initial,SALES_ISSUE_D,172,COMMITTED,1000,1000,0,0,0,426.079,0,null,"{""sourcePk"": ""28ce64b2-7945-4225-33d9-1d1f6cd52be4"", ""businessDate"": ""1900-01-01T00:00:00.000000""}",,2026-08-31T10:40:20.831Z
e10-main,INITIALIZATION,01a0575b-a7ae-7a5c-8e45-126ae52bb67e,outbound_initial,SALES_ISSUE_D,173,COMMITTED,1000,1000,0,0,0,248.718,0,null,"{""sourcePk"": ""e1d6b325-6e75-4978-5731-1d22b7c757d6"", ""businessDate"": ""1900-01-01T00:00:00.000000""}",,2026-08-31T10:40:21.317Z
e10-main,INITIALIZATION,01a0575b-a7ae-7a5c-8e45-126ae52bb67e,outbound_initial,SALES_ISSUE_D,174,COMMITTED,1000,1000,0,0,0,187.675,0,null,"{""sourcePk"": ""d36ac267-2e61-484a-c1e3-1d26478f9586"", ""businessDate"": ""1900-01-01T00:00:00.000000""}",,2026-08-31T10:40:21.742Z
e10-main,INITIALIZATION,01a0575b-a7ae-7a5c-8e45-126ae52bb67e,outbound_initial,SALES_ISSUE_D,175,COMMITTED,1000,1000,0,0,0,168.339,0,null,"{""sourcePk"": ""0a38b627-99e9-4c43-b63c-1d2afdab8e8a"", ""businessDate"": ""1900-01-01T00:00:00.000000""}",,2026-08-31T10:40:22.149Z
e10-main,INITIALIZATION,01a0575b-a7ae-7a5c-8e45-126ae52bb67e,outbound_initial,SALES_ISSUE_D,176,COMMITTED,1000,1000,0,0,0,156.334,0,null,"{""sourcePk"": ""8658c6e8-2eb7-4d92-6e26-1d2d5a05deca"", ""businessDate"": ""1900-01-01T00:00:00.000000""}",,2026-08-31T10:40:22.544Z
e10-main,INITIALIZATION,01a0575b-a7ae-7a5c-8e45-126ae52bb67e,outbound_initial,SALES_ISSUE_D,177,COMMITTED,1000,1000,0,0,0,164.382,0,null,"{""sourcePk"": ""59fab002-b272-41e6-f07f-1d2fe4b7ae06"", ""businessDate"": ""1900-01-01T00:00:00.000000""}",,2026-08-31T10:40:22.939Z
e10-main,INITIALIZATION,01a0575b-a7ae-7a5c-8e45-126ae52bb67e,outbound_initial,SALES_ISSUE_D,178,COMMITTED,1000,1000,0,0,0,160.896,0,null,"{""sourcePk"": ""7d698273-3133-4aa4-6c8b-1d320f0034e7"", ""businessDate"": ""1900-01-01T00:00:00.000000""}",,2026-08-31T10:40:23.336Z
e10-main,INITIALIZATION,01a0575b-a7ae-7a5c-8e45-126ae52bb67e,outbound_initial,SALES_ISSUE_D,179,COMMITTED,1000,1000,0,0,0,164.376,0,null,"{""sourcePk"": ""934e58d3-8bac-49a0-49f8-1d33abefb7ee"", ""businessDate"": ""1900-01-01T00:00:00.000000""}",,2026-08-31T10:40:23.749Z
e10-main,INITIALIZATION,01a0575b-a7ae-7a5c-8e45-126ae52bb67e,outbound_initial,SALES_ISSUE_D,180,COMMITTED,1000,1000,0,0,0,173.059,0,null,"{""sourcePk"": ""2b094d8e-3908-4879-2c19-1d36c7cb6efb"", ""businessDate"": ""1900-01-01T00:00:00.000000""}",,2026-08-31T10:40:24.155Z
e10-main,INITIALIZATION,01a0575b-a7ae-7a5c-8e45-126ae52bb67e,outbound_initial,SALES_ISSUE_D,181,COMMITTED,1000,998,2,0,0,160.716,0,null,"{""sourcePk"": ""08f22a05-a23f-4d6b-1fe1-1d385b4b7086"", ""businessDate"": ""1900-01-01T00:00:00.000000""}",,2026-08-31T10:40:24.550Z
e10-main,INITIALIZATION,01a0575b-a7ae-7a5c-8e45-126ae52bb67e,outbound_initial,SALES_ISSUE_D,182,COMMITTED,1000,1000,0,0,0,192.268,0,null,"{""sourcePk"": ""5dd6e3c9-b923-4721-cb7b-1d39eb4ce78c"", ""businessDate"": ""1900-01-01T00:00:00.000000""}",,2026-08-31T10:40:24.980Z
e10-main,INITIALIZATION,01a0575b-a7ae-7a5c-8e45-126ae52bb67e,outbound_initial,SALES_ISSUE_D,183,COMMITTED,1000,1000,0,0,0,161.481,0,null,"{""sourcePk"": ""7470a4d0-68d4-4217-13b9-1d3b838686a3"", ""businessDate"": ""1900-01-01T00:00:00.000000""}",,2026-08-31T10:40:25.378Z
e10-main,INITIALIZATION,01a0575b-a7ae-7a5c-8e45-126ae52bb67e,outbound_initial,SALES_ISSUE_D,184,COMMITTED,1000,998,2,0,0,162.193,0,null,"{""sourcePk"": ""1512a817-3b57-4fdc-4dd2-1d3dd60b454a"", ""businessDate"": ""1900-01-01T00:00:00.000000""}",,2026-08-31T10:40:25.774Z
e10-main,INITIALIZATION,01a0575b-a7ae-7a5c-8e45-126ae52bb67e,outbound_initial,SALES_ISSUE_D,185,COMMITTED,1000,1000,0,0,0,161.518,0,null,"{""sourcePk"": ""5df5d903-3ada-42e3-d3ed-1d3f73a266e4"", ""businessDate"": ""1900-01-01T00:00:00.000000""}",,2026-08-31T10:40:26.171Z
e10-main,INITIALIZATION,01a0575b-a7ae-7a5c-8e45-126ae52bb67e,outbound_initial,SALES_ISSUE_D,186,COMMITTED,1000,1000,0,0,0,167.546,0,null,"{""sourcePk"": ""9bae1e06-c3ff-4acf-d719-1d4291fe7859"", ""businessDate"": ""1900-01-01T00:00:00.000000""}",,2026-08-31T10:40:26.575Z
e10-main,INITIALIZATION,01a0575b-a7ae-7a5c-8e45-126ae52bb67e,outbound_initial,SALES_ISSUE_D,187,COMMITTED,1000,1000,0,0,0,162.208,0,null,"{""sourcePk"": ""bd53006e-4541-4dc4-a9dd-1d4439c63143"", ""businessDate"": ""1900-01-01T00:00:00.000000""}",,2026-08-31T10:40:26.973Z
e10-main,INITIALIZATION,01a0575b-a7ae-7a5c-8e45-126ae52bb67e,outbound_initial,SALES_ISSUE_D,188,COMMITTED,1000,1000,0,0,0,160.552,0,null,"{""sourcePk"": ""32e08d5a-509e-4d89-1e33-1d44fdaad8fc"", ""businessDate"": ""1900-01-01T00:00:00.000000""}",,2026-08-31T10:40:27.356Z
e10-main,INITIALIZATION,01a0575b-a7ae-7a5c-8e45-126ae52bb67e,outbound_initial,SALES_ISSUE_D,189,COMMITTED,1000,1000,0,0,0,157.510,0,null,"{""sourcePk"": ""86b8f863-466d-44db-b513-1d4506cd678a"", ""businessDate"": ""1900-01-01T00:00:00.000000""}",,2026-08-31T10:40:27.793Z
e10-main,INITIALIZATION,01a0575b-a7ae-7a5c-8e45-126ae52bb67e,outbound_initial,SALES_ISSUE_D,190,COMMITTED,1000,1000,0,0,0,159.916,0,null,"{""sourcePk"": ""7d91b1bc-13f5-4d80-33f3-1d486efeb341"", ""businessDate"": ""1900-01-01T00:00:00.000000""}",,2026-08-31T10:40:28.180Z
e10-main,INITIALIZATION,01a0575b-a7ae-7a5c-8e45-126ae52bb67e,outbound_initial,SALES_ISSUE_D,191,COMMITTED,1000,1000,0,0,0,185.810,0,null,"{""sourcePk"": ""d8f3843a-fb87-4d8d-c443-1d53226177dc"", ""businessDate"": ""1900-01-01T00:00:00.000000""}",,2026-08-31T10:40:28.604Z
e10-main,INITIALIZATION,01a0575b-a7ae-7a5c-8e45-126ae52bb67e,outbound_initial,SALES_ISSUE_D,192,COMMITTED,1000,1000,0,0,0,158.366,0,null,"{""sourcePk"": ""2d4b51a6-9287-42a5-7016-1d5707178c7e"", ""businessDate"": ""1900-01-01T00:00:00.000000""}",,2026-08-31T10:40:29.010Z
e10-main,INITIALIZATION,01a0575b-a7ae-7a5c-8e45-126ae52bb67e,outbound_initial,SALES_ISSUE_D,193,COMMITTED,1000,1000,0,0,0,156.825,0,null,"{""sourcePk"": ""3461060c-2010-45ab-6ca7-1d5a6c98d2c9"", ""businessDate"": ""1900-01-01T00:00:00.000000""}",,2026-08-31T10:40:29.399Z
e10-main,INITIALIZATION,01a0575b-a7ae-7a5c-8e45-126ae52bb67e,outbound_initial,SALES_ISSUE_D,194,COMMITTED,1000,1000,0,0,0,160.439,0,null,"{""sourcePk"": ""ca0226b6-78aa-4140-c4c0-1d5d47ec9d20"", ""businessDate"": ""1900-01-01T00:00:00.000000""}",,2026-08-31T10:40:29.795Z
e10-main,INITIALIZATION,01a0575b-a7ae-7a5c-8e45-126ae52bb67e,outbound_initial,SALES_ISSUE_D,195,COMMITTED,1000,1000,0,0,0,158.975,0,null,"{""sourcePk"": ""0c6b0ca9-fd22-43f5-454a-1d5e8ff8e61a"", ""businessDate"": ""1900-01-01T00:00:00.000000""}",,2026-08-31T10:40:30.218Z
e10-main,INITIALIZATION,01a0575b-a7ae-7a5c-8e45-126ae52bb67e,outbound_initial,SALES_ISSUE_D,196,COMMITTED,1000,1000,0,0,0,153.619,0,null,"{""sourcePk"": ""29489c07-ed1c-4f09-63d2-1d5fd9e6c9a1"", ""businessDate"": ""1900-01-01T00:00:00.000000""}",,2026-08-31T10:40:30.598Z
e10-main,INITIALIZATION,01a0575b-a7ae-7a5c-8e45-126ae52bb67e,outbound_initial,SALES_ISSUE_D,197,COMMITTED,1000,1000,0,0,0,159.481,0,null,"{""sourcePk"": ""4df19f32-ac69-432d-8f08-1d620349fb5d"", ""businessDate"": ""1900-01-01T00:00:00.000000""}",,2026-08-31T10:40:30.990Z
e10-main,INITIALIZATION,01a0575b-a7ae-7a5c-8e45-126ae52bb67e,outbound_initial,SALES_ISSUE_D,198,COMMITTED,1000,1000,0,0,0,160.160,0,null,"{""sourcePk"": ""88155e4d-feb1-41bb-c0b9-1d638e06f2c3"", ""businessDate"": ""1900-01-01T00:00:00.000000""}",,2026-08-31T10:40:31.385Z
e10-main,INITIALIZATION,01a0575b-a7ae-7a5c-8e45-126ae52bb67e,outbound_initial,SALES_ISSUE_D,199,COMMITTED,1000,1000,0,0,0,157.781,0,null,"{""sourcePk"": ""f4719d9e-f7e7-43c5-c5f4-1d65239f7e2c"", ""businessDate"": ""1900-01-01T00:00:00.000000""}",,2026-08-31T10:40:31.822Z
e10-main,INITIALIZATION,01a0575b-a7ae-7a5c-8e45-126ae52bb67e,outbound_initial,SALES_ISSUE_D,200,COMMITTED,1000,1000,0,0,0,159.228,0,null,"{""sourcePk"": ""b470745d-53b6-42f9-537c-1d6787664811"", ""businessDate"": ""1900-01-01T00:00:00.000000""}",,2026-08-31T10:40:32.218Z
e10-main,INITIALIZATION,01a0575b-a7ae-7a5c-8e45-126ae52bb67e,outbound_initial,SALES_ISSUE_D,201,COMMITTED,1000,1000,0,0,0,162.247,0,null,"{""sourcePk"": ""81711aee-81f5-421b-3605-1d6851271ab4"", ""businessDate"": ""1900-01-01T00:00:00.000000""}",,2026-08-31T10:40:32.614Z
e10-main,INITIALIZATION,01a0575b-a7ae-7a5c-8e45-126ae52bb67e,outbound_initial,SALES_ISSUE_D,202,COMMITTED,1000,1000,0,0,0,162.424,0,null,"{""sourcePk"": ""821e6592-d93a-44d8-3bec-1d6aa20060ea"", ""businessDate"": ""1900-01-01T00:00:00.000000""}",,2026-08-31T10:40:33.014Z
e10-main,INITIALIZATION,01a0575b-a7ae-7a5c-8e45-126ae52bb67e,outbound_initial,SALES_ISSUE_D,203,COMMITTED,1000,1000,0,0,0,162.712,0,null,"{""sourcePk"": ""bb279b83-0dec-4629-c0d0-1d6c38702af8"", ""businessDate"": ""1900-01-01T00:00:00.000000""}",,2026-08-31T10:40:33.413Z
e10-main,INITIALIZATION,01a0575b-a7ae-7a5c-8e45-126ae52bb67e,outbound_initial,SALES_ISSUE_D,204,COMMITTED,1000,1000,0,0,0,155.273,0,null,"{""sourcePk"": ""ff043393-8293-4d04-bff5-1d6dd216425c"", ""businessDate"": ""1900-01-01T00:00:00.000000""}",,2026-08-31T10:40:33.806Z
e10-main,INITIALIZATION,01a0575b-a7ae-7a5c-8e45-126ae52bb67e,outbound_initial,SALES_ISSUE_D,205,COMMITTED,1000,1000,0,0,0,163.348,0,null,"{""sourcePk"": ""f3e3aec9-8a0d-45d7-1195-1d702c8d453a"", ""businessDate"": ""1900-01-01T00:00:00.000000""}",,2026-08-31T10:40:34.205Z
e10-main,INITIALIZATION,01a0575b-a7ae-7a5c-8e45-126ae52bb67e,outbound_initial,SALES_ISSUE_D,206,COMMITTED,1000,1000,0,0,0,156.763,0,null,"{""sourcePk"": ""6ec65e82-2196-4318-d485-1d72d67d7b65"", ""businessDate"": ""1900-01-01T00:00:00.000000""}",,2026-08-31T10:40:34.600Z
e10-main,INITIALIZATION,01a0575b-a7ae-7a5c-8e45-126ae52bb67e,outbound_initial,SALES_ISSUE_D,207,COMMITTED,1000,1000,0,0,0,160.470,0,null,"{""sourcePk"": ""f011a095-2607-41f3-3f18-1d74e7aaa792"", ""businessDate"": ""1900-01-01T00:00:00.000000""}",,2026-08-31T10:40:35.000Z
e10-main,INITIALIZATION,01a0575b-a7ae-7a5c-8e45-126ae52bb67e,outbound_initial,SALES_ISSUE_D,208,COMMITTED,1000,1000,0,0,0,159.476,0,null,"{""sourcePk"": ""6d5aa769-9247-4c1a-dfd2-1d7733195be0"", ""businessDate"": ""1900-01-01T00:00:00.000000""}",,2026-08-31T10:40:35.398Z
e10-main,INITIALIZATION,01a0575b-a7ae-7a5c-8e45-126ae52bb67e,outbound_initial,SALES_ISSUE_D,209,COMMITTED,1000,1000,0,0,0,156.281,0,null,"{""sourcePk"": ""603b8fa6-9546-4f90-f06d-1d785d1b4c20"", ""businessDate"": ""1900-01-01T00:00:00.000000""}",,2026-08-31T10:40:35.836Z
e10-main,INITIALIZATION,01a0575b-a7ae-7a5c-8e45-126ae52bb67e,outbound_initial,SALES_ISSUE_D,210,COMMITTED,1000,1000,0,0,0,187.121,0,null,"{""sourcePk"": ""33c8bb41-33d3-4b17-168b-1d7a5afa1a28"", ""businessDate"": ""1900-01-01T00:00:00.000000""}",,2026-08-31T10:40:36.259Z
e10-main,INITIALIZATION,01a0575b-a7ae-7a5c-8e45-126ae52bb67e,outbound_initial,SALES_ISSUE_D,211,COMMITTED,1000,1000,0,0,0,156.492,0,null,"{""sourcePk"": ""c1345fb1-d8ff-4a62-9046-1d7becbc462d"", ""businessDate"": ""1900-01-01T00:00:00.000000""}",,2026-08-31T10:40:36.648Z
e10-main,INITIALIZATION,01a0575b-a7ae-7a5c-8e45-126ae52bb67e,outbound_initial,SALES_ISSUE_D,212,COMMITTED,1000,1000,0,0,0,162.011,0,null,"{""sourcePk"": ""c519f0c8-c51f-46e4-6a78-1d7e45f35ec1"", ""businessDate"": ""1900-01-01T00:00:00.000000""}",,2026-08-31T10:40:37.057Z
e10-main,INITIALIZATION,01a0575b-a7ae-7a5c-8e45-126ae52bb67e,outbound_initial,SALES_ISSUE_D,213,COMMITTED,1000,1000,0,0,0,161.498,0,null,"{""sourcePk"": ""21fcadbf-d59f-4b65-d724-1d7fdae98d35"", ""businessDate"": ""1900-01-01T00:00:00.000000""}",,2026-08-31T10:40:37.453Z
e10-main,INITIALIZATION,01a0575b-a7ae-7a5c-8e45-126ae52bb67e,outbound_initial,SALES_ISSUE_D,214,COMMITTED,1000,1000,0,0,0,157.994,0,null,"{""sourcePk"": ""d63addae-cb03-4f20-8605-1d816b9e9fc9"", ""businessDate"": ""1900-01-01T00:00:00.000000""}",,2026-08-31T10:40:37.848Z
e10-main,INITIALIZATION,01a0575b-a7ae-7a5c-8e45-126ae52bb67e,outbound_initial,SALES_ISSUE_D,215,COMMITTED,1000,1000,0,0,0,161.610,0,null,"{""sourcePk"": ""51d37af3-a0aa-4582-250e-1d831a82e3ff"", ""businessDate"": ""1900-01-01T00:00:00.000000""}",,2026-08-31T10:40:38.239Z
e10-main,INITIALIZATION,01a0575b-a7ae-7a5c-8e45-126ae52bb67e,outbound_initial,SALES_ISSUE_D,216,COMMITTED,1000,1000,0,0,0,158.925,0,null,"{""sourcePk"": ""d5954a3b-6e19-43fa-92db-1d849f7c05d2"", ""businessDate"": ""1900-01-01T00:00:00.000000""}",,2026-08-31T10:40:38.632Z
e10-main,INITIALIZATION,01a0575b-a7ae-7a5c-8e45-126ae52bb67e,outbound_initial,SALES_ISSUE_D,217,COMMITTED,1000,1000,0,0,0,163.680,0,null,"{""sourcePk"": ""77238c08-14c0-48d0-303e-1d87c481e17d"", ""businessDate"": ""1900-01-01T00:00:00.000000""}",,2026-08-31T10:40:39.034Z
e10-main,INITIALIZATION,01a0575b-a7ae-7a5c-8e45-126ae52bb67e,outbound_initial,SALES_ISSUE_D,218,COMMITTED,1000,1000,0,0,0,162.497,0,null,"{""sourcePk"": ""45d60005-7555-47a3-f158-1d89463f02bd"", ""businessDate"": ""1900-01-01T00:00:00.000000""}",,2026-08-31T10:40:39.473Z
e10-main,INITIALIZATION,01a0575b-a7ae-7a5c-8e45-126ae52bb67e,outbound_initial,SALES_ISSUE_D,219,COMMITTED,1000,1000,0,0,0,166.374,0,null,"{""sourcePk"": ""bbfe6b00-f083-4316-30a5-1d8a12d2f230"", ""businessDate"": ""1900-01-01T00:00:00.000000""}",,2026-08-31T10:40:39.875Z
e10-main,INITIALIZATION,01a0575b-a7ae-7a5c-8e45-126ae52bb67e,outbound_initial,SALES_ISSUE_D,220,COMMITTED,1000,1000,0,0,0,161.893,0,null,"{""sourcePk"": ""37191be7-ad47-4f03-6b47-1d8c6aa4ce8a"", ""businessDate"": ""1900-01-01T00:00:00.000000""}",,2026-08-31T10:40:40.277Z
e10-main,INITIALIZATION,01a0575b-a7ae-7a5c-8e45-126ae52bb67e,outbound_initial,SALES_ISSUE_D,221,COMMITTED,1000,1000,0,0,0,161.116,0,null,"{""sourcePk"": ""e265a05c-433a-4fd9-7f0f-1d8ec6c47f33"", ""businessDate"": ""1900-01-01T00:00:00.000000""}",,2026-08-31T10:40:40.673Z
e10-main,INITIALIZATION,01a0575b-a7ae-7a5c-8e45-126ae52bb67e,outbound_initial,SALES_ISSUE_D,222,COMMITTED,1000,1000,0,0,0,156.165,0,null,"{""sourcePk"": ""35f387c3-87db-4162-db0a-1d9122ae1148"", ""businessDate"": ""1900-01-01T00:00:00.000000""}",,2026-08-31T10:40:41.071Z
e10-main,INITIALIZATION,01a0575b-a7ae-7a5c-8e45-126ae52bb67e,outbound_initial,SALES_ISSUE_D,223,COMMITTED,1000,1000,0,0,0,159.813,0,null,"{""sourcePk"": ""1960ac7d-900a-4ec4-0236-1d937d4018bf"", ""businessDate"": ""1900-01-01T00:00:00.000000""}",,2026-08-31T10:40:41.459Z
e10-main,INITIALIZATION,01a0575b-a7ae-7a5c-8e45-126ae52bb67e,outbound_initial,SALES_ISSUE_D,224,COMMITTED,1000,1000,0,0,0,156.190,0,null,"{""sourcePk"": ""afd2aa72-322b-4022-3fbd-1d9511b8d2cb"", ""businessDate"": ""1900-01-01T00:00:00.000000""}",,2026-08-31T10:40:41.850Z
e10-main,INITIALIZATION,01a0575b-a7ae-7a5c-8e45-126ae52bb67e,outbound_initial,SALES_ISSUE_D,225,COMMITTED,1000,1000,0,0,0,160.574,0,null,"{""sourcePk"": ""1a30ed87-22b6-4b25-afda-1d976cbad5f4"", ""businessDate"": ""1900-01-01T00:00:00.000000""}",,2026-08-31T10:40:42.249Z
e10-main,INITIALIZATION,01a0575b-a7ae-7a5c-8e45-126ae52bb67e,outbound_initial,SALES_ISSUE_D,226,COMMITTED,1000,1000,0,0,0,158.702,0,null,"{""sourcePk"": ""3d018464-3a72-4cae-ff4e-1d99ce08a14f"", ""businessDate"": ""1900-01-01T00:00:00.000000""}",,2026-08-31T10:40:42.646Z
e10-main,INITIALIZATION,01a0575b-a7ae-7a5c-8e45-126ae52bb67e,outbound_initial,SALES_ISSUE_D,227,COMMITTED,1000,1000,0,0,0,161.607,0,null,"{""sourcePk"": ""ba7c2332-dd25-47f0-2468-1d9c22c40209"", ""businessDate"": ""1900-01-01T00:00:00.000000""}",,2026-08-31T10:40:43.088Z
e10-main,INITIALIZATION,01a0575b-a7ae-7a5c-8e45-126ae52bb67e,outbound_initial,SALES_ISSUE_D,228,COMMITTED,1000,1000,0,0,0,159.382,0,null,"{""sourcePk"": ""89076509-f462-454f-9061-1d9e87c43f77"", ""businessDate"": ""1900-01-01T00:00:00.000000""}",,2026-08-31T10:40:43.487Z
e10-main,INITIALIZATION,01a0575b-a7ae-7a5c-8e45-126ae52bb67e,outbound_initial,SALES_ISSUE_D,229,COMMITTED,1000,1000,0,0,0,187.103,0,null,"{""sourcePk"": ""c630f9f8-580d-47dd-f18e-1da0d8b7f3c8"", ""businessDate"": ""1900-01-01T00:00:00.000000""}",,2026-08-31T10:40:43.911Z
e10-main,INITIALIZATION,01a0575b-a7ae-7a5c-8e45-126ae52bb67e,outbound_initial,SALES_ISSUE_D,230,COMMITTED,1000,1000,0,0,0,154.596,0,null,"{""sourcePk"": ""87cb5527-f7d4-4fe4-34eb-1da3fcae2b26"", ""businessDate"": ""1900-01-01T00:00:00.000000""}",,2026-08-31T10:40:44.298Z
e10-main,INITIALIZATION,01a0575b-a7ae-7a5c-8e45-126ae52bb67e,outbound_initial,SALES_ISSUE_D,231,COMMITTED,1000,1000,0,0,0,160.451,0,null,"{""sourcePk"": ""558f3071-9edc-4f50-dad1-1da6579f4961"", ""businessDate"": ""1900-01-01T00:00:00.000000""}",,2026-08-31T10:40:44.698Z
e10-main,INITIALIZATION,01a0575b-a7ae-7a5c-8e45-126ae52bb67e,outbound_initial,SALES_ISSUE_D,232,COMMITTED,1000,1000,0,0,0,162.812,0,null,"{""sourcePk"": ""41e38224-285a-491f-13d1-1da8b6bbaf2a"", ""businessDate"": ""1900-01-01T00:00:00.000000""}",,2026-08-31T10:40:45.097Z
e10-main,INITIALIZATION,01a0575b-a7ae-7a5c-8e45-126ae52bb67e,outbound_initial,SALES_ISSUE_D,233,COMMITTED,1000,1000,0,0,0,161.464,0,null,"{""sourcePk"": ""48a6820f-054b-406c-19f8-1dab0efef52a"", ""businessDate"": ""1900-01-01T00:00:00.000000""}",,2026-08-31T10:40:45.493Z
e10-main,INITIALIZATION,01a0575b-a7ae-7a5c-8e45-126ae52bb67e,outbound_initial,SALES_ISSUE_D,234,COMMITTED,1000,1000,0,0,0,163.227,0,null,"{""sourcePk"": ""f51b08de-debb-48dd-ef88-1dad6c6c5fed"", ""businessDate"": ""1900-01-01T00:00:00.000000""}",,2026-08-31T10:40:45.893Z
e10-main,INITIALIZATION,01a0575b-a7ae-7a5c-8e45-126ae52bb67e,outbound_initial,SALES_ISSUE_D,235,COMMITTED,1000,1000,0,0,0,163.537,0,null,"{""sourcePk"": ""d6067782-d950-49fb-97b3-1daf00670008"", ""businessDate"": ""1900-01-01T00:00:00.000000""}",,2026-08-31T10:40:46.295Z
e10-main,INITIALIZATION,01a0575b-a7ae-7a5c-8e45-126ae52bb67e,outbound_initial,SALES_ISSUE_D,236,COMMITTED,1000,1000,0,0,0,165.243,0,null,"{""sourcePk"": ""3f61ff0f-dd69-4898-7cbf-1db0990450d1"", ""businessDate"": ""1900-01-01T00:00:00.000000""}",,2026-08-31T10:40:46.693Z
e10-main,INITIALIZATION,01a0575b-a7ae-7a5c-8e45-126ae52bb67e,outbound_initial,SALES_ISSUE_D,237,COMMITTED,1000,1000,0,0,0,163.255,0,null,"{""sourcePk"": ""a32ea43a-113c-4146-aca1-1db2eaf74cc1"", ""businessDate"": ""1900-01-01T00:00:00.000000""}",,2026-08-31T10:40:47.140Z
e10-main,INITIALIZATION,01a0575b-a7ae-7a5c-8e45-126ae52bb67e,outbound_initial,SALES_ISSUE_D,238,COMMITTED,1000,1000,0,0,0,155.929,0,null,"{""sourcePk"": ""c79080bb-e39e-4776-1b0e-1db581798986"", ""businessDate"": ""1900-01-01T00:00:00.000000""}",,2026-08-31T10:40:47.528Z
e10-main,INITIALIZATION,01a0575b-a7ae-7a5c-8e45-126ae52bb67e,outbound_initial,SALES_ISSUE_D,239,COMMITTED,1000,1000,0,0,0,161.712,0,null,"{""sourcePk"": ""97ed912f-c49e-4a14-9a4e-1db86f738942"", ""businessDate"": ""1900-01-01T00:00:00.000000""}",,2026-08-31T10:40:47.922Z
e10-main,INITIALIZATION,01a0575b-a7ae-7a5c-8e45-126ae52bb67e,outbound_initial,SALES_ISSUE_D,240,COMMITTED,1000,1000,0,0,0,159.697,0,null,"{""sourcePk"": ""6d6d7345-8a0b-4579-a52b-1dba13597d53"", ""businessDate"": ""1900-01-01T00:00:00.000000""}",,2026-08-31T10:40:48.319Z
e10-main,INITIALIZATION,01a0575b-a7ae-7a5c-8e45-126ae52bb67e,outbound_initial,SALES_ISSUE_D,241,COMMITTED,1000,1000,0,0,0,161.693,0,null,"{""sourcePk"": ""232aafb6-1f1e-4fe6-ee43-1dbc6a791b52"", ""businessDate"": ""1900-01-01T00:00:00.000000""}",,2026-08-31T10:40:48.717Z
e10-main,INITIALIZATION,01a0575b-a7ae-7a5c-8e45-126ae52bb67e,outbound_initial,SALES_ISSUE_D,242,COMMITTED,1000,1000,0,0,0,159.703,0,null,"{""sourcePk"": ""366aeb0b-53b4-4798-b9a3-1dbf216288ac"", ""businessDate"": ""1900-01-01T00:00:00.000000""}",,2026-08-31T10:40:49.112Z
e10-main,INITIALIZATION,01a0575b-a7ae-7a5c-8e45-126ae52bb67e,outbound_initial,SALES_ISSUE_D,243,COMMITTED,1000,1000,0,0,0,159.725,0,null,"{""sourcePk"": ""4f6c15b2-46b3-4e16-cae6-1dc1187014ae"", ""businessDate"": ""1900-01-01T00:00:00.000000""}",,2026-08-31T10:40:49.510Z
e10-main,INITIALIZATION,01a0575b-a7ae-7a5c-8e45-126ae52bb67e,outbound_initial,SALES_ISSUE_D,244,COMMITTED,1000,1000,0,0,0,164.892,0,null,"{""sourcePk"": ""79215199-14ec-4901-f5ba-1dc36ca6cbf5"", ""businessDate"": ""1900-01-01T00:00:00.000000""}",,2026-08-31T10:40:49.912Z
e10-main,INITIALIZATION,01a0575b-a7ae-7a5c-8e45-126ae52bb67e,outbound_initial,SALES_ISSUE_D,245,COMMITTED,1000,1000,0,0,0,160.404,0,null,"{""sourcePk"": ""b43e1c27-a1c3-42db-6120-1dc513e6423c"", ""businessDate"": ""1900-01-01T00:00:00.000000""}",,2026-08-31T10:40:50.311Z
e10-main,INITIALIZATION,01a0575b-a7ae-7a5c-8e45-126ae52bb67e,outbound_initial,SALES_ISSUE_D,246,COMMITTED,1000,1000,0,0,0,163.718,0,null,"{""sourcePk"": ""58ddbedd-176a-469b-4f9a-1dc767904e3d"", ""businessDate"": ""1900-01-01T00:00:00.000000""}",,2026-08-31T10:40:50.717Z
e10-main,INITIALIZATION,01a0575b-a7ae-7a5c-8e45-126ae52bb67e,outbound_initial,SALES_ISSUE_D,247,COMMITTED,1000,1000,0,0,0,158.716,0,null,"{""sourcePk"": ""b1816ca2-ee26-425e-e232-1dc8f3e81d43"", ""businessDate"": ""1900-01-01T00:00:00.000000""}",,2026-08-31T10:40:51.156Z
e10-main,INITIALIZATION,01a0575b-a7ae-7a5c-8e45-126ae52bb67e,outbound_initial,SALES_ISSUE_D,248,COMMITTED,1000,1000,0,0,0,182.599,0,null,"{""sourcePk"": ""9a33349d-3c0c-4dcf-6cc1-1dcb47d5ca8e"", ""businessDate"": ""1900-01-01T00:00:00.000000""}",,2026-08-31T10:40:51.558Z
e10-main,INITIALIZATION,01a0575b-a7ae-7a5c-8e45-126ae52bb67e,outbound_initial,SALES_ISSUE_D,249,COMMITTED,1000,1000,0,0,0,157.119,0,null,"{""sourcePk"": ""ffb04a92-3153-49c3-29fe-1dcc209d702b"", ""businessDate"": ""1900-01-01T00:00:00.000000""}",,2026-08-31T10:40:51.958Z
e10-main,INITIALIZATION,01a0575b-a7ae-7a5c-8e45-126ae52bb67e,outbound_initial,SALES_ISSUE_D,250,COMMITTED,1000,1000,0,0,0,368.610,0,null,"{""sourcePk"": ""7954a57a-deae-4386-3a20-1dcda516a729"", ""businessDate"": ""1900-01-01T00:00:00.000000""}",,2026-08-31T10:40:52.573Z
e10-main,INITIALIZATION,01a0575b-a7ae-7a5c-8e45-126ae52bb67e,outbound_initial,SALES_ISSUE_D,251,COMMITTED,1000,1000,0,0,0,161.997,0,null,"{""sourcePk"": ""6317ad7d-6632-4c28-a474-1dcf63166c3f"", ""businessDate"": ""1900-01-01T00:00:00.000000""}",,2026-08-31T10:40:52.967Z
e10-main,INITIALIZATION,01a0575b-a7ae-7a5c-8e45-126ae52bb67e,outbound_initial,SALES_ISSUE_D,252,COMMITTED,1000,1000,0,0,0,161.636,0,null,"{""sourcePk"": ""c9a948b6-9a3c-493f-de36-1dd0c9faf96f"", ""businessDate"": ""1900-01-01T00:00:00.000000""}",,2026-08-31T10:40:53.367Z
e10-main,INITIALIZATION,01a0575b-a7ae-7a5c-8e45-126ae52bb67e,outbound_initial,SALES_ISSUE_D,253,COMMITTED,1000,1000,0,0,0,162.730,0,null,"{""sourcePk"": ""6479be71-5a9d-44e0-ab33-1dd37f4ce952"", ""businessDate"": ""1900-01-01T00:00:00.000000""}",,2026-08-31T10:40:53.768Z
e10-main,INITIALIZATION,01a0575b-a7ae-7a5c-8e45-126ae52bb67e,outbound_initial,SALES_ISSUE_D,254,COMMITTED,1000,1000,0,0,0,155.488,0,null,"{""sourcePk"": ""b83661cc-45eb-4e42-9ef7-1dd64e192dab"", ""businessDate"": ""1900-01-01T00:00:00.000000""}",,2026-08-31T10:40:54.156Z
e10-main,INITIALIZATION,01a0575b-a7ae-7a5c-8e45-126ae52bb67e,outbound_initial,SALES_ISSUE_D,255,COMMITTED,1000,1000,0,0,0,159.422,0,null,"{""sourcePk"": ""85bdf7ad-598d-42b8-fe11-1dd8a291277a"", ""businessDate"": ""1900-01-01T00:00:00.000000""}",,2026-08-31T10:40:54.553Z
e10-main,INITIALIZATION,01a0575b-a7ae-7a5c-8e45-126ae52bb67e,outbound_initial,SALES_ISSUE_D,256,COMMITTED,1000,1000,0,0,0,158.585,0,null,"{""sourcePk"": ""dbfa6fa2-91af-4a2b-65f3-1dda36195034"", ""businessDate"": ""1900-01-01T00:00:00.000000""}",,2026-08-31T10:40:54.950Z
e10-main,INITIALIZATION,01a0575b-a7ae-7a5c-8e45-126ae52bb67e,outbound_initial,SALES_ISSUE_D,257,COMMITTED,1000,1000,0,0,0,156.568,0,null,"{""sourcePk"": ""cfebd9ec-8b3e-41ec-c591-1ddbc8063dc4"", ""businessDate"": ""1900-01-01T00:00:00.000000""}",,2026-08-31T10:40:55.384Z
e10-main,INITIALIZATION,01a0575b-a7ae-7a5c-8e45-126ae52bb67e,outbound_initial,SALES_ISSUE_D,258,COMMITTED,1000,1000,0,0,0,159.824,0,null,"{""sourcePk"": ""a74b4d5b-2903-4ba9-fcfc-1dde23e5bf1b"", ""businessDate"": ""1900-01-01T00:00:00.000000""}",,2026-08-31T10:40:55.784Z
e10-main,INITIALIZATION,01a0575b-a7ae-7a5c-8e45-126ae52bb67e,outbound_initial,SALES_ISSUE_D,259,COMMITTED,1000,1000,0,0,0,160.790,0,null,"{""sourcePk"": ""7e0381da-3184-4d79-95c5-1de08062d299"", ""businessDate"": ""1900-01-01T00:00:00.000000""}",,2026-08-31T10:40:56.181Z
e10-main,INITIALIZATION,01a0575b-a7ae-7a5c-8e45-126ae52bb67e,outbound_initial,SALES_ISSUE_D,260,COMMITTED,1000,1000,0,0,0,162.664,0,null,"{""sourcePk"": ""53f7200e-be07-44bf-5f04-1de21295f718"", ""businessDate"": ""1900-01-01T00:00:00.000000""}",,2026-08-31T10:40:56.587Z
e10-main,INITIALIZATION,01a0575b-a7ae-7a5c-8e45-126ae52bb67e,outbound_initial,SALES_ISSUE_D,261,COMMITTED,1000,1000,0,0,0,160.031,0,null,"{""sourcePk"": ""b74d2d9f-821e-4d6e-64a8-1de46cbf7d2b"", ""businessDate"": ""1900-01-01T00:00:00.000000""}",,2026-08-31T10:40:56.983Z
e10-main,INITIALIZATION,01a0575b-a7ae-7a5c-8e45-126ae52bb67e,outbound_initial,SALES_ISSUE_D,262,COMMITTED,1000,1000,0,0,0,161.099,0,null,"{""sourcePk"": ""b232dc0b-9204-4b1d-88e1-33d00e37bf72"", ""businessDate"": ""1900-01-01T00:00:00.000000""}",,2026-08-31T10:40:57.380Z
e10-main,INITIALIZATION,01a0575b-a7ae-7a5c-8e45-126ae52bb67e,outbound_initial,SALES_ISSUE_D,263,COMMITTED,1000,1000,0,0,0,165.443,0,null,"{""sourcePk"": ""61985619-231a-4f3d-aa34-67af6ecd4be9"", ""businessDate"": ""1900-01-01T00:00:00.000000""}",,2026-08-31T10:40:57.780Z
e10-main,INITIALIZATION,01a0575b-a7ae-7a5c-8e45-126ae52bb67e,outbound_initial,SALES_ISSUE_D,264,COMMITTED,1000,1000,0,0,0,162.124,0,null,"{""sourcePk"": ""a787cb3a-d78a-4410-9a1e-9c92570239ca"", ""businessDate"": ""1900-01-01T00:00:00.000000""}",,2026-08-31T10:40:58.178Z
e10-main,INITIALIZATION,01a0575b-a7ae-7a5c-8e45-126ae52bb67e,outbound_initial,SALES_ISSUE_D,265,COMMITTED,1000,1000,0,0,0,166.534,0,null,"{""sourcePk"": ""06abe330-4ce4-49a8-beca-d2dfd0070616"", ""businessDate"": ""1900-01-01T00:00:00.000000""}",,2026-08-31T10:40:58.583Z
e10-main,INITIALIZATION,01a0575b-a7ae-7a5c-8e45-126ae52bb67e,outbound_initial,SALES_ISSUE_D,266,COMMITTED,821,821,0,0,0,142.770,0,null,"{""sourcePk"": ""441bbf02-c7d4-48f2-aeee-ffeaa0df917b"", ""businessDate"": ""1900-01-01T00:00:00.000000""}",,2026-08-31T10:40:58.985Z
e10-main,COMPENSATION,01a0576c-4560-72b8-ac6a-da2558f8f358,delivery_plan,SALES_ORDER_DOC_SD,1,COMMITTED,22,0,22,0,0,110.841,0,null,"{""sourcePk"": ""db62e168-f92d-4c17-efc3-1dbbc8eefb23"", ""modifiedAt"": ""2026-08-31T18:44:10.520772""}",2026-08-31T18:44:57.960Z,2026-08-31T10:45:08.993Z
e10-main,COMPENSATION,01a0576c-4560-72b8-ac6a-da2558f8f358,inventory,ITEM_WAREHOUSE,1,COMMITTED,103,2,101,13,0,145.652,0,null,"{""sourcePk"": ""0bbed431-6917-4ba5-cda3-1de58daa96d9"", ""modifiedAt"": ""2026-08-31T18:44:53.977134""}",2026-08-31T18:44:57.960Z,2026-08-31T10:45:09.520Z
e10-main,COMPENSATION,01a0576c-4560-72b8-ac6a-da2558f8f358,order_detail,SALES_ORDER_DOC_D,1,COMMITTED,22,0,22,0,0,149.244,0,null,"{""sourcePk"": ""5a29368d-b8ed-46c6-efd1-1dbbc8eefb23"", ""modifiedAt"": ""2026-08-31T18:44:10.546791""}",2026-08-31T18:44:57.960Z,2026-08-31T10:45:08.844Z
e10-main,COMPENSATION,01a0576c-4560-72b8-ac6a-da2558f8f358,order_header,SALES_ORDER_DOC,1,COMMITTED,15,0,15,0,0,43.004,0,null,"{""sourcePk"": ""1cb28ae8-35c7-4a8d-4429-1dbbc7a5eb9f"", ""modifiedAt"": ""2026-08-31T18:44:10.580816""}",2026-08-31T18:44:57.960Z,2026-08-31T10:45:08.652Z
e10-main,COMPENSATION,01a0576c-4560-72b8-ac6a-da2558f8f358,outbound_detail,SALES_ISSUE_D,1,COMMITTED,1,0,1,0,0,311.236,0,null,"{""sourcePk"": ""0b660e48-14a8-41cf-327a-1de58c0b026b"", ""modifiedAt"": ""2026-08-31T18:33:17.000701""}",2026-08-31T18:44:57.960Z,2026-08-31T10:45:09.338Z
e10-main,COMPENSATION,01a0576e-54c9-78a4-b044-27cfc628c161,delivery_plan,SALES_ORDER_DOC_SD,1,COMMITTED,3,0,3,0,0,79.303,0,null,"{""sourcePk"": ""db62e168-f92d-4c17-efc3-1dbbc8eefb23"", ""modifiedAt"": ""2026-08-31T18:46:31.981117""}",2026-08-31T18:47:12.940Z,2026-08-31T10:47:23.950Z
e10-main,COMPENSATION,01a0576e-54c9-78a4-b044-27cfc628c161,inventory,ITEM_WAREHOUSE,1,COMMITTED,16,2,14,9,0,136.924,0,null,"{""sourcePk"": ""2f581bd0-ec1e-43a6-08ad-1de58de029e6"", ""modifiedAt"": ""2026-08-31T18:46:23.860071""}",2026-08-31T18:47:12.940Z,2026-08-31T10:47:24.417Z
e10-main,COMPENSATION,01a0576e-54c9-78a4-b044-27cfc628c161,order_detail,SALES_ORDER_DOC_D,1,COMMITTED,3,0,3,0,0,121.974,0,null,"{""sourcePk"": ""5a29368d-b8ed-46c6-efd1-1dbbc8eefb23"", ""modifiedAt"": ""2026-08-31T18:46:32.008138""}",2026-08-31T18:47:12.940Z,2026-08-31T10:47:23.835Z
e10-main,COMPENSATION,01a0576e-54c9-78a4-b044-27cfc628c161,order_header,SALES_ORDER_DOC,1,COMMITTED,1,0,1,0,0,31.178,0,null,"{""sourcePk"": ""1cb28ae8-35c7-4a8d-4429-1dbbc7a5eb9f"", ""modifiedAt"": ""2026-08-31T18:46:32.040162""}",2026-08-31T18:47:12.940Z,2026-08-31T10:47:23.672Z
e10-main,COMPENSATION,01a0576e-54c9-78a4-b044-27cfc628c161,outbound_detail,SALES_ISSUE_D,1,COMMITTED,0,0,0,0,0,264.639,0,null,"{""sourcePk"": ""00000000-0000-0000-0000-000000000000"", ""modifiedAt"": ""2026-08-31T18:42:57.960000""}",2026-08-31T18:47:12.940Z,2026-08-31T10:47:24.249Z
tplus-kainan,INITIALIZATION,01a0576e-a3ad-7f2d-b54b-77d368c1bc16,inbound_detail,ST_RDRecord_b,1,COMMITTED,1000,1000,0,0,0,1547.345,0,null,"{""sourcePk"": ""19705"", ""businessDate"": ""2025-02-25T00:00:00.000000""}",,2026-08-31T10:50:43.667Z
tplus-kainan,INITIALIZATION,01a0576e-a3ad-7f2d-b54b-77d368c1bc16,inbound_detail,ST_RDRecord_b,2,COMMITTED,1000,1000,0,0,0,1601.836,0,null,"{""sourcePk"": ""34862"", ""businessDate"": ""2025-05-30T00:00:00.000000""}",,2026-08-31T10:50:45.495Z
tplus-kainan,INITIALIZATION,01a0576e-a3ad-7f2d-b54b-77d368c1bc16,inbound_detail,ST_RDRecord_b,3,COMMITTED,1000,1000,0,0,0,1652.021,0,null,"{""sourcePk"": ""58705"", ""businessDate"": ""2025-08-02T00:00:00.000000""}",,2026-08-31T10:50:47.377Z
tplus-kainan,INITIALIZATION,01a0576e-a3ad-7f2d-b54b-77d368c1bc16,inbound_detail,ST_RDRecord_b,4,COMMITTED,1000,1000,0,0,0,1722.615,0,null,"{""sourcePk"": ""95580"", ""businessDate"": ""2025-09-24T00:00:00.000000""}",,2026-08-31T10:50:49.339Z
tplus-kainan,INITIALIZATION,01a0576e-a3ad-7f2d-b54b-77d368c1bc16,inbound_detail,ST_RDRecord_b,5,COMMITTED,1000,1000,0,0,0,1460.284,0,null,"{""sourcePk"": ""101668"", ""businessDate"": ""2025-12-18T00:00:00.000000""}",,2026-08-31T10:50:51.017Z
tplus-kainan,INITIALIZATION,01a0576e-a3ad-7f2d-b54b-77d368c1bc16,inbound_detail,ST_RDRecord_b,6,COMMITTED,1000,1000,0,0,0,1550.216,0,null,"{""sourcePk"": ""110904"", ""businessDate"": ""2026-01-06T00:00:00.000000""}",,2026-08-31T10:50:52.789Z
tplus-kainan,INITIALIZATION,01a0576e-a3ad-7f2d-b54b-77d368c1bc16,inbound_detail,ST_RDRecord_b,7,COMMITTED,1000,1000,0,0,0,1301.981,0,null,"{""sourcePk"": ""101341"", ""businessDate"": ""2026-01-14T00:00:00.000000""}",,2026-08-31T10:50:54.306Z
tplus-kainan,INITIALIZATION,01a0576e-a3ad-7f2d-b54b-77d368c1bc16,inbound_detail,ST_RDRecord_b,8,COMMITTED,1000,1000,0,0,0,1540.800,0,null,"{""sourcePk"": ""105082"", ""businessDate"": ""2026-01-22T00:00:00.000000""}",,2026-08-31T10:50:56.064Z
tplus-kainan,INITIALIZATION,01a0576e-a3ad-7f2d-b54b-77d368c1bc16,inbound_detail,ST_RDRecord_b,9,COMMITTED,1000,1000,0,0,0,1302.149,0,null,"{""sourcePk"": ""131640"", ""businessDate"": ""2026-01-31T00:00:00.000000""}",,2026-08-31T10:50:57.584Z
tplus-kainan,INITIALIZATION,01a0576e-a3ad-7f2d-b54b-77d368c1bc16,inbound_detail,ST_RDRecord_b,10,COMMITTED,1000,1000,0,0,0,1737.014,0,null,"{""sourcePk"": ""112878"", ""businessDate"": ""2026-02-28T00:00:00.000000""}",,2026-08-31T10:50:59.548Z
tplus-kainan,INITIALIZATION,01a0576e-a3ad-7f2d-b54b-77d368c1bc16,inbound_detail,ST_RDRecord_b,11,COMMITTED,1000,1000,0,0,0,1394.911,0,null,"{""sourcePk"": ""115372"", ""businessDate"": ""2026-03-10T00:00:00.000000""}",,2026-08-31T10:51:01.160Z
tplus-kainan,INITIALIZATION,01a0576e-a3ad-7f2d-b54b-77d368c1bc16,inbound_detail,ST_RDRecord_b,12,COMMITTED,1000,1000,0,0,0,1587.820,0,null,"{""sourcePk"": ""117836"", ""businessDate"": ""2026-03-19T00:00:00.000000""}",,2026-08-31T10:51:02.983Z
tplus-kainan,INITIALIZATION,01a0576e-a3ad-7f2d-b54b-77d368c1bc16,inbound_detail,ST_RDRecord_b,13,COMMITTED,1000,1000,0,0,0,1364.078,0,null,"{""sourcePk"": ""119745"", ""businessDate"": ""2026-03-24T00:00:00.000000""}",,2026-08-31T10:51:04.522Z
tplus-kainan,INITIALIZATION,01a0576e-a3ad-7f2d-b54b-77d368c1bc16,inbound_detail,ST_RDRecord_b,14,COMMITTED,1000,1000,0,0,0,1548.094,0,null,"{""sourcePk"": ""122640"", ""businessDate"": ""2026-03-31T00:00:00.000000""}",,2026-08-31T10:51:06.281Z
tplus-kainan,INITIALIZATION,01a0576e-a3ad-7f2d-b54b-77d368c1bc16,inbound_detail,ST_RDRecord_b,15,COMMITTED,1000,1000,0,0,0,1375.128,0,null,"{""sourcePk"": ""128047"", ""businessDate"": ""2026-04-09T00:00:00.000000""}",,2026-08-31T10:51:07.875Z
tplus-kainan,INITIALIZATION,01a0576e-a3ad-7f2d-b54b-77d368c1bc16,inbound_detail,ST_RDRecord_b,16,COMMITTED,1000,1000,0,0,0,1613.698,0,null,"{""sourcePk"": ""130304"", ""businessDate"": ""2026-04-16T00:00:00.000000""}",,2026-08-31T10:51:09.705Z
tplus-kainan,INITIALIZATION,01a0576e-a3ad-7f2d-b54b-77d368c1bc16,inbound_detail,ST_RDRecord_b,17,COMMITTED,1000,1000,0,0,0,1412.912,0,null,"{""sourcePk"": ""133611"", ""businessDate"": ""2026-04-25T00:00:00.000000""}",,2026-08-31T10:51:11.341Z
tplus-kainan,INITIALIZATION,01a0576e-a3ad-7f2d-b54b-77d368c1bc16,inbound_detail,ST_RDRecord_b,18,COMMITTED,1000,1000,0,0,0,1583.254,0,null,"{""sourcePk"": ""140456"", ""businessDate"": ""2026-05-04T00:00:00.000000""}",,2026-08-31T10:51:13.160Z
tplus-kainan,INITIALIZATION,01a0576e-a3ad-7f2d-b54b-77d368c1bc16,inbound_detail,ST_RDRecord_b,19,COMMITTED,1000,1000,0,0,0,1374.239,0,null,"{""sourcePk"": ""141031"", ""businessDate"": ""2026-05-11T00:00:00.000000""}",,2026-08-31T10:51:14.771Z
tplus-kainan,INITIALIZATION,01a0576e-a3ad-7f2d-b54b-77d368c1bc16,inbound_detail,ST_RDRecord_b,20,COMMITTED,1000,1000,0,0,0,1531.454,0,null,"{""sourcePk"": ""161357"", ""businessDate"": ""2026-05-16T00:00:00.000000""}",,2026-08-31T10:51:16.516Z
tplus-kainan,INITIALIZATION,01a0576e-a3ad-7f2d-b54b-77d368c1bc16,inbound_detail,ST_RDRecord_b,21,COMMITTED,1000,1000,0,0,0,1377.008,0,null,"{""sourcePk"": ""148411"", ""businessDate"": ""2026-05-22T00:00:00.000000""}",,2026-08-31T10:51:18.112Z
tplus-kainan,INITIALIZATION,01a0576e-a3ad-7f2d-b54b-77d368c1bc16,inbound_detail,ST_RDRecord_b,22,COMMITTED,1000,1000,0,0,0,1549.753,0,null,"{""sourcePk"": ""150701"", ""businessDate"": ""2026-05-28T00:00:00.000000""}",,2026-08-31T10:51:19.875Z
tplus-kainan,INITIALIZATION,01a0576e-a3ad-7f2d-b54b-77d368c1bc16,inbound_detail,ST_RDRecord_b,23,COMMITTED,1000,1000,0,0,0,1374.456,0,null,"{""sourcePk"": ""152740"", ""businessDate"": ""2026-06-02T00:00:00.000000""}",,2026-08-31T10:51:21.463Z
tplus-kainan,INITIALIZATION,01a0576e-a3ad-7f2d-b54b-77d368c1bc16,inbound_detail,ST_RDRecord_b,24,COMMITTED,1000,1000,0,0,0,1591.222,0,null,"{""sourcePk"": ""169791"", ""businessDate"": ""2026-06-07T00:00:00.000000""}",,2026-08-31T10:51:23.273Z
tplus-kainan,INITIALIZATION,01a0576e-a3ad-7f2d-b54b-77d368c1bc16,inbound_detail,ST_RDRecord_b,25,COMMITTED,1000,1000,0,0,0,1325.725,0,null,"{""sourcePk"": ""160170"", ""businessDate"": ""2026-06-14T00:00:00.000000""}",,2026-08-31T10:51:24.820Z
tplus-kainan,INITIALIZATION,01a0576e-a3ad-7f2d-b54b-77d368c1bc16,inbound_detail,ST_RDRecord_b,26,COMMITTED,1000,1000,0,0,0,1587.494,0,null,"{""sourcePk"": ""161550"", ""businessDate"": ""2026-06-22T00:00:00.000000""}",,2026-08-31T10:51:26.642Z
tplus-kainan,INITIALIZATION,01a0576e-a3ad-7f2d-b54b-77d368c1bc16,inbound_detail,ST_RDRecord_b,27,COMMITTED,1000,1000,0,0,0,1344.997,0,null,"{""sourcePk"": ""165230"", ""businessDate"": ""2026-07-01T00:00:00.000000""}",,2026-08-31T10:51:28.209Z
tplus-kainan,INITIALIZATION,01a0576e-a3ad-7f2d-b54b-77d368c1bc16,inbound_detail,ST_RDRecord_b,28,COMMITTED,1000,1000,0,0,0,1502.087,0,null,"{""sourcePk"": ""169299"", ""businessDate"": ""2026-07-07T00:00:00.000000""}",,2026-08-31T10:51:29.925Z
tplus-kainan,INITIALIZATION,01a0576e-a3ad-7f2d-b54b-77d368c1bc16,inbound_detail,ST_RDRecord_b,29,COMMITTED,1000,1000,0,0,0,1342.929,0,null,"{""sourcePk"": ""174602"", ""businessDate"": ""2026-07-16T00:00:00.000000""}",,2026-08-31T10:51:31.482Z
tplus-kainan,INITIALIZATION,01a0576e-a3ad-7f2d-b54b-77d368c1bc16,inbound_detail,ST_RDRecord_b,30,COMMITTED,1000,1000,0,0,0,1717.698,0,null,"{""sourcePk"": ""179385"", ""businessDate"": ""2026-07-25T00:00:00.000000""}",,2026-08-31T10:51:33.419Z
tplus-kainan,INITIALIZATION,01a0576e-a3ad-7f2d-b54b-77d368c1bc16,inbound_detail,ST_RDRecord_b,31,COMMITTED,1000,1000,0,0,0,2080.401,0,null,"{""sourcePk"": ""183279"", ""businessDate"": ""2026-08-03T00:00:00.000000""}",,2026-08-31T10:51:35.715Z
tplus-kainan,INITIALIZATION,01a0576e-a3ad-7f2d-b54b-77d368c1bc16,inbound_detail,ST_RDRecord_b,32,COMMITTED,1000,1000,0,0,0,1495.503,0,null,"{""sourcePk"": ""187542"", ""businessDate"": ""2026-08-12T00:00:00.000000""}",,2026-08-31T10:51:37.423Z
tplus-kainan,INITIALIZATION,01a0576e-a3ad-7f2d-b54b-77d368c1bc16,inbound_detail,ST_RDRecord_b,33,COMMITTED,1000,1000,0,0,0,1742.667,0,null,"{""sourcePk"": ""190100"", ""businessDate"": ""2026-08-21T00:00:00.000000""}",,2026-08-31T10:51:39.384Z
tplus-kainan,INITIALIZATION,01a0576e-a3ad-7f2d-b54b-77d368c1bc16,inbound_detail,ST_RDRecord_b,34,COMMITTED,1000,1000,0,0,0,1315.524,0,null,"{""sourcePk"": ""193286"", ""businessDate"": ""2026-08-28T00:00:00.000000""}",,2026-08-31T10:51:40.907Z
tplus-kainan,INITIALIZATION,01a0576e-a3ad-7f2d-b54b-77d368c1bc16,inbound_detail,ST_RDRecord_b,35,COMMITTED,281,281,0,0,0,1151.786,0,null,"{""sourcePk"": ""193619"", ""businessDate"": ""2026-08-31T00:00:00.000000""}",,2026-08-31T10:51:42.229Z
tplus-kainan,INITIALIZATION,01a0576e-a3ad-7f2d-b54b-77d368c1bc16,inventory,ST_NewCurrentStock,1,COMMITTED,1000,1000,0,0,0,1235.018,0,null,"{""sourcePk"": ""6175"", ""businessDate"": ""1900-01-01T00:00:00.000000""}",,2026-08-31T10:51:43.589Z
tplus-kainan,INITIALIZATION,01a0576e-a3ad-7f2d-b54b-77d368c1bc16,inventory,ST_NewCurrentStock,2,COMMITTED,1000,1000,0,0,0,1238.850,0,null,"{""sourcePk"": ""8757"", ""businessDate"": ""1900-01-01T00:00:00.000000""}",,2026-08-31T10:51:45.048Z
tplus-kainan,INITIALIZATION,01a0576e-a3ad-7f2d-b54b-77d368c1bc16,inventory,ST_NewCurrentStock,3,COMMITTED,1000,1000,0,0,0,1253.026,0,null,"{""sourcePk"": ""11323"", ""businessDate"": ""1900-01-01T00:00:00.000000""}",,2026-08-31T10:51:46.528Z
tplus-kainan,INITIALIZATION,01a0576e-a3ad-7f2d-b54b-77d368c1bc16,inventory,ST_NewCurrentStock,4,COMMITTED,1000,1000,0,0,0,1447.164,0,null,"{""sourcePk"": ""13532"", ""businessDate"": ""1900-01-01T00:00:00.000000""}",,2026-08-31T10:51:48.204Z
tplus-kainan,INITIALIZATION,01a0576e-a3ad-7f2d-b54b-77d368c1bc16,inventory,ST_NewCurrentStock,5,COMMITTED,1000,1000,0,0,0,1822.313,0,null,"{""sourcePk"": ""15184"", ""businessDate"": ""1900-01-01T00:00:00.000000""}",,2026-08-31T10:51:50.282Z
tplus-kainan,INITIALIZATION,01a0576e-a3ad-7f2d-b54b-77d368c1bc16,inventory,ST_NewCurrentStock,6,COMMITTED,1000,1000,0,0,0,1780.450,0,null,"{""sourcePk"": ""17767"", ""businessDate"": ""1900-01-01T00:00:00.000000""}",,2026-08-31T10:51:52.287Z
tplus-kainan,INITIALIZATION,01a0576e-a3ad-7f2d-b54b-77d368c1bc16,inventory,ST_NewCurrentStock,7,COMMITTED,1000,1000,0,0,0,1517.362,0,null,"{""sourcePk"": ""20787"", ""businessDate"": ""1900-01-01T00:00:00.000000""}",,2026-08-31T10:51:54.038Z
tplus-kainan,INITIALIZATION,01a0576e-a3ad-7f2d-b54b-77d368c1bc16,inventory,ST_NewCurrentStock,8,COMMITTED,1000,1000,0,0,0,1503.682,0,null,"{""sourcePk"": ""23766"", ""businessDate"": ""1900-01-01T00:00:00.000000""}",,2026-08-31T10:51:55.778Z
tplus-kainan,INITIALIZATION,01a0576e-a3ad-7f2d-b54b-77d368c1bc16,inventory,ST_NewCurrentStock,9,COMMITTED,1000,1000,0,0,0,1688.005,0,null,"{""sourcePk"": ""27583"", ""businessDate"": ""1900-01-01T00:00:00.000000""}",,2026-08-31T10:51:57.681Z
tplus-kainan,INITIALIZATION,01a0576e-a3ad-7f2d-b54b-77d368c1bc16,inventory,ST_NewCurrentStock,10,COMMITTED,1000,1000,0,0,0,1439.341,0,null,"{""sourcePk"": ""32122"", ""businessDate"": ""1900-01-01T00:00:00.000000""}",,2026-08-31T10:51:59.349Z
tplus-kainan,INITIALIZATION,01a0576e-a3ad-7f2d-b54b-77d368c1bc16,inventory,ST_NewCurrentStock,11,COMMITTED,1000,1000,0,0,0,1616.279,0,null,"{""sourcePk"": ""36833"", ""businessDate"": ""1900-01-01T00:00:00.000000""}",,2026-08-31T10:52:01.193Z
tplus-kainan,INITIALIZATION,01a0576e-a3ad-7f2d-b54b-77d368c1bc16,inventory,ST_NewCurrentStock,12,COMMITTED,1000,1000,0,0,0,1413.969,0,null,"{""sourcePk"": ""42218"", ""businessDate"": ""1900-01-01T00:00:00.000000""}",,2026-08-31T10:52:02.834Z
tplus-kainan,INITIALIZATION,01a0576e-a3ad-7f2d-b54b-77d368c1bc16,inventory,ST_NewCurrentStock,13,COMMITTED,1000,1000,0,0,0,1622.358,0,null,"{""sourcePk"": ""47495"", ""businessDate"": ""1900-01-01T00:00:00.000000""}",,2026-08-31T10:52:04.694Z
tplus-kainan,INITIALIZATION,01a0576e-a3ad-7f2d-b54b-77d368c1bc16,inventory,ST_NewCurrentStock,14,COMMITTED,1000,1000,0,0,0,1441.709,0,null,"{""sourcePk"": ""52201"", ""businessDate"": ""1900-01-01T00:00:00.000000""}",,2026-08-31T10:52:06.350Z
tplus-kainan,INITIALIZATION,01a0576e-a3ad-7f2d-b54b-77d368c1bc16,inventory,ST_NewCurrentStock,15,COMMITTED,1000,1000,0,0,0,1368.482,0,null,"{""sourcePk"": ""56430"", ""businessDate"": ""1900-01-01T00:00:00.000000""}",,2026-08-31T10:52:07.928Z
tplus-kainan,INITIALIZATION,01a0576e-a3ad-7f2d-b54b-77d368c1bc16,inventory,ST_NewCurrentStock,16,COMMITTED,1000,1000,0,0,0,1364.612,0,null,"{""sourcePk"": ""59576"", ""businessDate"": ""1900-01-01T00:00:00.000000""}",,2026-08-31T10:52:09.505Z
tplus-kainan,INITIALIZATION,01a0576e-a3ad-7f2d-b54b-77d368c1bc16,inventory,ST_NewCurrentStock,17,COMMITTED,1000,1000,0,0,0,1307.004,0,null,"{""sourcePk"": ""62874"", ""businessDate"": ""1900-01-01T00:00:00.000000""}",,2026-08-31T10:52:11.019Z
tplus-kainan,INITIALIZATION,01a0576e-a3ad-7f2d-b54b-77d368c1bc16,inventory,ST_NewCurrentStock,18,COMMITTED,1000,1000,0,0,0,1528.746,0,null,"{""sourcePk"": ""67300"", ""businessDate"": ""1900-01-01T00:00:00.000000""}",,2026-08-31T10:52:12.759Z
tplus-kainan,INITIALIZATION,01a0576e-a3ad-7f2d-b54b-77d368c1bc16,inventory,ST_NewCurrentStock,19,COMMITTED,1000,1000,0,0,0,1382.782,0,null,"{""sourcePk"": ""71613"", ""businessDate"": ""1900-01-01T00:00:00.000000""}",,2026-08-31T10:52:14.352Z
tplus-kainan,INITIALIZATION,01a0576e-a3ad-7f2d-b54b-77d368c1bc16,inventory,ST_NewCurrentStock,20,COMMITTED,1000,1000,0,0,0,1292.886,0,null,"{""sourcePk"": ""75499"", ""businessDate"": ""1900-01-01T00:00:00.000000""}",,2026-08-31T10:52:15.876Z
tplus-kainan,INITIALIZATION,01a0576e-a3ad-7f2d-b54b-77d368c1bc16,inventory,ST_NewCurrentStock,21,COMMITTED,1000,1000,0,0,0,1534.434,0,null,"{""sourcePk"": ""79215"", ""businessDate"": ""1900-01-01T00:00:00.000000""}",,2026-08-31T10:52:17.616Z
tplus-kainan,INITIALIZATION,01a0576e-a3ad-7f2d-b54b-77d368c1bc16,inventory,ST_NewCurrentStock,22,COMMITTED,1000,1000,0,0,0,1308.706,0,null,"{""sourcePk"": ""82351"", ""businessDate"": ""1900-01-01T00:00:00.000000""}",,2026-08-31T10:52:19.134Z
tplus-kainan,INITIALIZATION,01a0576e-a3ad-7f2d-b54b-77d368c1bc16,inventory,ST_NewCurrentStock,23,COMMITTED,1000,1000,0,0,0,1285.824,0,null,"{""sourcePk"": ""85385"", ""businessDate"": ""1900-01-01T00:00:00.000000""}",,2026-08-31T10:52:20.634Z
tplus-kainan,INITIALIZATION,01a0576e-a3ad-7f2d-b54b-77d368c1bc16,inventory,ST_NewCurrentStock,24,COMMITTED,1000,1000,0,0,0,1306.980,0,null,"{""sourcePk"": ""89206"", ""businessDate"": ""1900-01-01T00:00:00.000000""}",,2026-08-31T10:52:22.141Z
tplus-kainan,INITIALIZATION,01a0576e-a3ad-7f2d-b54b-77d368c1bc16,inventory,ST_NewCurrentStock,25,COMMITTED,1000,1000,0,0,0,1515.679,0,null,"{""sourcePk"": ""92383"", ""businessDate"": ""1900-01-01T00:00:00.000000""}",,2026-08-31T10:52:23.874Z
tplus-kainan,INITIALIZATION,01a0576e-a3ad-7f2d-b54b-77d368c1bc16,inventory,ST_NewCurrentStock,26,COMMITTED,1000,1000,0,0,0,1279.152,0,null,"{""sourcePk"": ""94799"", ""businessDate"": ""1900-01-01T00:00:00.000000""}",,2026-08-31T10:52:25.368Z
tplus-kainan,INITIALIZATION,01a0576e-a3ad-7f2d-b54b-77d368c1bc16,inventory,ST_NewCurrentStock,27,COMMITTED,1000,1000,0,0,0,1280.945,0,null,"{""sourcePk"": ""96952"", ""businessDate"": ""1900-01-01T00:00:00.000000""}",,2026-08-31T10:52:26.863Z
tplus-kainan,INITIALIZATION,01a0576e-a3ad-7f2d-b54b-77d368c1bc16,inventory,ST_NewCurrentStock,28,COMMITTED,1000,1000,0,0,0,1898.165,0,null,"{""sourcePk"": ""99227"", ""businessDate"": ""1900-01-01T00:00:00.000000""}",,2026-08-31T10:52:28.971Z
tplus-kainan,INITIALIZATION,01a0576e-a3ad-7f2d-b54b-77d368c1bc16,inventory,ST_NewCurrentStock,29,COMMITTED,1000,1000,0,0,0,1489.675,0,null,"{""sourcePk"": ""101946"", ""businessDate"": ""1900-01-01T00:00:00.000000""}",,2026-08-31T10:52:30.669Z
tplus-kainan,INITIALIZATION,01a0576e-a3ad-7f2d-b54b-77d368c1bc16,inventory,ST_NewCurrentStock,30,COMMITTED,1000,1000,0,0,0,1520.323,0,null,"{""sourcePk"": ""104704"", ""businessDate"": ""1900-01-01T00:00:00.000000""}",,2026-08-31T10:52:32.400Z
tplus-kainan,INITIALIZATION,01a0576e-a3ad-7f2d-b54b-77d368c1bc16,inventory,ST_NewCurrentStock,31,COMMITTED,1000,1000,0,0,0,1500.715,0,null,"{""sourcePk"": ""108285"", ""businessDate"": ""1900-01-01T00:00:00.000000""}",,2026-08-31T10:52:34.109Z
tplus-kainan,INITIALIZATION,01a0576e-a3ad-7f2d-b54b-77d368c1bc16,inventory,ST_NewCurrentStock,32,COMMITTED,1000,1000,0,0,0,1295.444,0,null,"{""sourcePk"": ""111584"", ""businessDate"": ""1900-01-01T00:00:00.000000""}",,2026-08-31T10:52:35.613Z
tplus-kainan,INITIALIZATION,01a0576e-a3ad-7f2d-b54b-77d368c1bc16,inventory,ST_NewCurrentStock,33,COMMITTED,1000,1000,0,0,0,1911.428,0,null,"{""sourcePk"": ""114291"", ""businessDate"": ""1900-01-01T00:00:00.000000""}",,2026-08-31T10:52:37.735Z
tplus-kainan,INITIALIZATION,01a0576e-a3ad-7f2d-b54b-77d368c1bc16,inventory,ST_NewCurrentStock,34,COMMITTED,1000,1000,0,0,0,1498.994,0,null,"{""sourcePk"": ""117272"", ""businessDate"": ""1900-01-01T00:00:00.000000""}",,2026-08-31T10:52:39.459Z
tplus-kainan,INITIALIZATION,01a0576e-a3ad-7f2d-b54b-77d368c1bc16,inventory,ST_NewCurrentStock,35,COMMITTED,1000,1000,0,0,0,1295.659,0,null,"{""sourcePk"": ""120366"", ""businessDate"": ""1900-01-01T00:00:00.000000""}",,2026-08-31T10:52:40.969Z
tplus-kainan,INITIALIZATION,01a0576e-a3ad-7f2d-b54b-77d368c1bc16,inventory,ST_NewCurrentStock,36,COMMITTED,1000,1000,0,0,0,1270.155,0,null,"{""sourcePk"": ""123548"", ""businessDate"": ""1900-01-01T00:00:00.000000""}",,2026-08-31T10:52:42.447Z
tplus-kainan,INITIALIZATION,01a0576e-a3ad-7f2d-b54b-77d368c1bc16,inventory,ST_NewCurrentStock,37,COMMITTED,1000,1000,0,0,0,1280.484,0,null,"{""sourcePk"": ""125784"", ""businessDate"": ""1900-01-01T00:00:00.000000""}",,2026-08-31T10:52:43.947Z
tplus-kainan,INITIALIZATION,01a0576e-a3ad-7f2d-b54b-77d368c1bc16,inventory,ST_NewCurrentStock,38,COMMITTED,1000,1000,0,0,0,1676.124,0,null,"{""sourcePk"": ""129183"", ""businessDate"": ""1900-01-01T00:00:00.000000""}",,2026-08-31T10:52:45.839Z
tplus-kainan,INITIALIZATION,01a0576e-a3ad-7f2d-b54b-77d368c1bc16,inventory,ST_NewCurrentStock,39,COMMITTED,1000,1000,0,0,0,1286.701,0,null,"{""sourcePk"": ""131202"", ""businessDate"": ""1900-01-01T00:00:00.000000""}",,2026-08-31T10:52:47.341Z
tplus-kainan,INITIALIZATION,01a0576e-a3ad-7f2d-b54b-77d368c1bc16,inventory,ST_NewCurrentStock,40,COMMITTED,1000,1000,0,0,0,1415.430,0,null,"{""sourcePk"": ""133428"", ""businessDate"": ""1900-01-01T00:00:00.000000""}",,2026-08-31T10:52:48.967Z
tplus-kainan,INITIALIZATION,01a0576e-a3ad-7f2d-b54b-77d368c1bc16,inventory,ST_NewCurrentStock,41,COMMITTED,1000,1000,0,0,0,1262.852,0,null,"{""sourcePk"": ""136015"", ""businessDate"": ""1900-01-01T00:00:00.000000""}",,2026-08-31T10:52:50.442Z
tplus-kainan,INITIALIZATION,01a0576e-a3ad-7f2d-b54b-77d368c1bc16,inventory,ST_NewCurrentStock,42,COMMITTED,1000,1000,0,0,0,1277.348,0,null,"{""sourcePk"": ""139555"", ""businessDate"": ""1900-01-01T00:00:00.000000""}",,2026-08-31T10:52:51.928Z
tplus-kainan,INITIALIZATION,01a0576e-a3ad-7f2d-b54b-77d368c1bc16,inventory,ST_NewCurrentStock,43,COMMITTED,1000,1000,0,0,0,1481.599,0,null,"{""sourcePk"": ""142153"", ""businessDate"": ""1900-01-01T00:00:00.000000""}",,2026-08-31T10:52:53.619Z
tplus-kainan,INITIALIZATION,01a0576e-a3ad-7f2d-b54b-77d368c1bc16,inventory,ST_NewCurrentStock,44,COMMITTED,1000,1000,0,0,0,1292.560,0,null,"{""sourcePk"": ""144636"", ""businessDate"": ""1900-01-01T00:00:00.000000""}",,2026-08-31T10:52:55.121Z
tplus-kainan,INITIALIZATION,01a0576e-a3ad-7f2d-b54b-77d368c1bc16,inventory,ST_NewCurrentStock,45,COMMITTED,1000,1000,0,0,0,1334.911,0,null,"{""sourcePk"": ""147781"", ""businessDate"": ""1900-01-01T00:00:00.000000""}",,2026-08-31T10:52:56.665Z
tplus-kainan,INITIALIZATION,01a0576e-a3ad-7f2d-b54b-77d368c1bc16,inventory,ST_NewCurrentStock,46,COMMITTED,1000,1000,0,0,0,1620.386,0,null,"{""sourcePk"": ""150351"", ""businessDate"": ""1900-01-01T00:00:00.000000""}",,2026-08-31T10:52:58.498Z
tplus-kainan,INITIALIZATION,01a0576e-a3ad-7f2d-b54b-77d368c1bc16,inventory,ST_NewCurrentStock,47,COMMITTED,1000,1000,0,0,0,1306.048,0,null,"{""sourcePk"": ""152080"", ""businessDate"": ""1900-01-01T00:00:00.000000""}",,2026-08-31T10:53:00.017Z
tplus-kainan,INITIALIZATION,01a0576e-a3ad-7f2d-b54b-77d368c1bc16,inventory,ST_NewCurrentStock,48,COMMITTED,1000,1000,0,0,0,1323.969,0,null,"{""sourcePk"": ""155221"", ""businessDate"": ""1900-01-01T00:00:00.000000""}",,2026-08-31T10:53:01.551Z
tplus-kainan,INITIALIZATION,01a0576e-a3ad-7f2d-b54b-77d368c1bc16,inventory,ST_NewCurrentStock,49,COMMITTED,1000,1000,0,0,0,1466.119,0,null,"{""sourcePk"": ""159312"", ""businessDate"": ""1900-01-01T00:00:00.000000""}",,2026-08-31T10:53:03.194Z
tplus-kainan,INITIALIZATION,01a0576e-a3ad-7f2d-b54b-77d368c1bc16,inventory,ST_NewCurrentStock,50,COMMITTED,1000,1000,0,0,0,1298.444,0,null,"{""sourcePk"": ""162460"", ""businessDate"": ""1900-01-01T00:00:00.000000""}",,2026-08-31T10:53:04.675Z
tplus-kainan,INITIALIZATION,01a0576e-a3ad-7f2d-b54b-77d368c1bc16,inventory,ST_NewCurrentStock,51,COMMITTED,1000,1000,0,0,0,1313.428,0,null,"{""sourcePk"": ""165959"", ""businessDate"": ""1900-01-01T00:00:00.000000""}",,2026-08-31T10:53:06.180Z
tplus-kainan,INITIALIZATION,01a0576e-a3ad-7f2d-b54b-77d368c1bc16,inventory,ST_NewCurrentStock,52,COMMITTED,1000,1000,0,0,0,1298.082,0,null,"{""sourcePk"": ""169598"", ""businessDate"": ""1900-01-01T00:00:00.000000""}",,2026-08-31T10:53:07.670Z
tplus-kainan,INITIALIZATION,01a0576e-a3ad-7f2d-b54b-77d368c1bc16,inventory,ST_NewCurrentStock,53,COMMITTED,1000,1000,0,0,0,1311.165,0,null,"{""sourcePk"": ""176319"", ""businessDate"": ""1900-01-01T00:00:00.000000""}",,2026-08-31T10:53:09.188Z
tplus-kainan,INITIALIZATION,01a0576e-a3ad-7f2d-b54b-77d368c1bc16,inventory,ST_NewCurrentStock,54,COMMITTED,1000,1000,0,0,0,1517.795,0,null,"{""sourcePk"": ""180453"", ""businessDate"": ""1900-01-01T00:00:00.000000""}",,2026-08-31T10:53:10.916Z
tplus-kainan,INITIALIZATION,01a0576e-a3ad-7f2d-b54b-77d368c1bc16,inventory,ST_NewCurrentStock,55,COMMITTED,1000,1000,0,0,0,1384.667,0,null,"{""sourcePk"": ""188795"", ""businessDate"": ""1900-01-01T00:00:00.000000""}",,2026-08-31T10:53:12.518Z
tplus-kainan,INITIALIZATION,01a0576e-a3ad-7f2d-b54b-77d368c1bc16,inventory,ST_NewCurrentStock,56,COMMITTED,1000,1000,0,0,0,1296.636,0,null,"{""sourcePk"": ""194336"", ""businessDate"": ""1900-01-01T00:00:00.000000""}",,2026-08-31T10:53:14.027Z
tplus-kainan,INITIALIZATION,01a0576e-a3ad-7f2d-b54b-77d368c1bc16,inventory,ST_NewCurrentStock,57,COMMITTED,1000,1000,0,0,0,1295.849,0,null,"{""sourcePk"": ""199117"", ""businessDate"": ""1900-01-01T00:00:00.000000""}",,2026-08-31T10:53:15.546Z
tplus-kainan,INITIALIZATION,01a0576e-a3ad-7f2d-b54b-77d368c1bc16,inventory,ST_NewCurrentStock,58,COMMITTED,1000,1000,0,0,0,1572.866,0,null,"{""sourcePk"": ""202957"", ""businessDate"": ""1900-01-01T00:00:00.000000""}",,2026-08-31T10:53:17.305Z
tplus-kainan,INITIALIZATION,01a0576e-a3ad-7f2d-b54b-77d368c1bc16,inventory,ST_NewCurrentStock,59,COMMITTED,1000,1000,0,0,0,1494.870,0,null,"{""sourcePk"": ""205652"", ""businessDate"": ""1900-01-01T00:00:00.000000""}",,2026-08-31T10:53:19.004Z
tplus-kainan,INITIALIZATION,01a0576e-a3ad-7f2d-b54b-77d368c1bc16,inventory,ST_NewCurrentStock,60,COMMITTED,1000,1000,0,0,0,1900.883,0,null,"{""sourcePk"": ""207587"", ""businessDate"": ""1900-01-01T00:00:00.000000""}",,2026-08-31T10:53:21.116Z
tplus-kainan,INITIALIZATION,01a0576e-a3ad-7f2d-b54b-77d368c1bc16,inventory,ST_NewCurrentStock,61,COMMITTED,1000,1000,0,0,0,1281.206,0,null,"{""sourcePk"": ""209745"", ""businessDate"": ""1900-01-01T00:00:00.000000""}",,2026-08-31T10:53:22.607Z
tplus-kainan,INITIALIZATION,01a0576e-a3ad-7f2d-b54b-77d368c1bc16,inventory,ST_NewCurrentStock,62,COMMITTED,1000,1000,0,0,0,1275.157,0,null,"{""sourcePk"": ""211268"", ""businessDate"": ""1900-01-01T00:00:00.000000""}",,2026-08-31T10:53:24.107Z
tplus-kainan,INITIALIZATION,01a0576e-a3ad-7f2d-b54b-77d368c1bc16,inventory,ST_NewCurrentStock,63,COMMITTED,1000,1000,0,0,0,1255.853,0,null,"{""sourcePk"": ""212268"", ""businessDate"": ""1900-01-01T00:00:00.000000""}",,2026-08-31T10:53:25.576Z
tplus-kainan,INITIALIZATION,01a0576e-a3ad-7f2d-b54b-77d368c1bc16,inventory,ST_NewCurrentStock,64,COMMITTED,269,269,0,0,0,1096.498,0,null,"{""sourcePk"": ""212537"", ""businessDate"": ""1900-01-01T00:00:00.000000""}",,2026-08-31T10:53:26.841Z
tplus-kainan,INITIALIZATION,01a0576e-a3ad-7f2d-b54b-77d368c1bc16,order_detail,SA_SaleOrder_b,1,COMMITTED,1000,1000,0,0,0,1331.916,0,null,"{""sourcePk"": ""1580"", ""businessDate"": ""2025-05-12T00:00:00.000000""}",,2026-08-31T10:47:47.516Z
tplus-kainan,INITIALIZATION,01a0576e-a3ad-7f2d-b54b-77d368c1bc16,order_detail,SA_SaleOrder_b,2,COMMITTED,1000,1000,0,0,0,1256.343,0,null,"{""sourcePk"": ""2655"", ""businessDate"": ""2025-08-21T00:00:00.000000""}",,2026-08-31T10:47:49.009Z
tplus-kainan,INITIALIZATION,01a0576e-a3ad-7f2d-b54b-77d368c1bc16,order_detail,SA_SaleOrder_b,3,COMMITTED,1000,1000,0,0,0,1469.000,0,null,"{""sourcePk"": ""3731"", ""businessDate"": ""2025-11-12T00:00:00.000000""}",,2026-08-31T10:47:50.719Z
tplus-kainan,INITIALIZATION,01a0576e-a3ad-7f2d-b54b-77d368c1bc16,order_detail,SA_SaleOrder_b,4,COMMITTED,1000,1000,0,0,0,1407.187,0,null,"{""sourcePk"": ""4826"", ""businessDate"": ""2026-02-02T00:00:00.000000""}",,2026-08-31T10:47:52.393Z
tplus-kainan,INITIALIZATION,01a0576e-a3ad-7f2d-b54b-77d368c1bc16,order_detail,SA_SaleOrder_b,5,COMMITTED,1000,1000,0,0,0,1177.721,0,null,"{""sourcePk"": ""5914"", ""businessDate"": ""2026-04-28T00:00:00.000000""}",,2026-08-31T10:47:53.800Z
tplus-kainan,INITIALIZATION,01a0576e-a3ad-7f2d-b54b-77d368c1bc16,order_detail,SA_SaleOrder_b,6,COMMITTED,1000,1000,0,0,0,1174.446,0,null,"{""sourcePk"": ""7036"", ""businessDate"": ""2026-07-06T00:00:00.000000""}",,2026-08-31T10:47:55.208Z
tplus-kainan,INITIALIZATION,01a0576e-a3ad-7f2d-b54b-77d368c1bc16,order_detail,SA_SaleOrder_b,7,COMMITTED,1000,1000,0,0,0,1166.308,0,null,"{""sourcePk"": ""8230"", ""businessDate"": ""2026-08-26T00:00:00.000000""}",,2026-08-31T10:47:56.609Z
tplus-kainan,INITIALIZATION,01a0576e-a3ad-7f2d-b54b-77d368c1bc16,order_detail,SA_SaleOrder_b,8,COMMITTED,143,143,0,0,0,1066.886,0,null,"{""sourcePk"": ""8569"", ""businessDate"": ""2026-08-31T00:00:00.000000""}",,2026-08-31T10:47:57.861Z
tplus-kainan,INITIALIZATION,01a0576e-a3ad-7f2d-b54b-77d368c1bc16,order_header,SA_SaleOrder,1,COMMITTED,1000,1000,0,0,0,832.347,0,null,"{""sourcePk"": ""1203"", ""businessDate"": ""2026-06-10T00:00:00.000000""}",,2026-08-31T10:47:44.735Z
tplus-kainan,INITIALIZATION,01a0576e-a3ad-7f2d-b54b-77d368c1bc16,order_header,SA_SaleOrder,2,COMMITTED,271,271,0,0,0,1105.688,0,null,"{""sourcePk"": ""1527"", ""businessDate"": ""2026-08-31T00:00:00.000000""}",,2026-08-31T10:47:46.055Z
tplus-kainan,INITIALIZATION,01a0576e-a3ad-7f2d-b54b-77d368c1bc16,outbound_detail,ST_RDRecord_b,1,COMMITTED,1000,1000,0,0,0,2795.158,0,null,"{""sourcePk"": ""6663"", ""businessDate"": ""2025-01-20T00:00:00.000000""}",,2026-08-31T10:48:00.780Z
tplus-kainan,INITIALIZATION,01a0576e-a3ad-7f2d-b54b-77d368c1bc16,outbound_detail,ST_RDRecord_b,2,COMMITTED,1000,1000,0,0,0,1645.002,0,null,"{""sourcePk"": ""10669"", ""businessDate"": ""2025-02-16T00:00:00.000000""}",,2026-08-31T10:48:02.663Z
tplus-kainan,INITIALIZATION,01a0576e-a3ad-7f2d-b54b-77d368c1bc16,outbound_detail,ST_RDRecord_b,3,COMMITTED,1000,1000,0,0,0,1291.361,0,null,"{""sourcePk"": ""14185"", ""businessDate"": ""2025-02-25T00:00:00.000000""}",,2026-08-31T10:48:04.199Z
tplus-kainan,INITIALIZATION,01a0576e-a3ad-7f2d-b54b-77d368c1bc16,outbound_detail,ST_RDRecord_b,4,COMMITTED,1000,1000,0,0,0,1675.985,0,null,"{""sourcePk"": ""78166"", ""businessDate"": ""2025-02-28T00:00:00.000000""}",,2026-08-31T10:48:06.091Z
tplus-kainan,INITIALIZATION,01a0576e-a3ad-7f2d-b54b-77d368c1bc16,outbound_detail,ST_RDRecord_b,5,COMMITTED,1000,1000,0,0,0,1714.731,0,null,"{""sourcePk"": ""22880"", ""businessDate"": ""2025-03-17T00:00:00.000000""}",,2026-08-31T10:48:08.043Z
tplus-kainan,INITIALIZATION,01a0576e-a3ad-7f2d-b54b-77d368c1bc16,outbound_detail,ST_RDRecord_b,6,COMMITTED,1000,1000,0,0,0,1680.652,0,null,"{""sourcePk"": ""17939"", ""businessDate"": ""2025-03-22T00:00:00.000000""}",,2026-08-31T10:48:09.950Z
tplus-kainan,INITIALIZATION,01a0576e-a3ad-7f2d-b54b-77d368c1bc16,outbound_detail,ST_RDRecord_b,7,COMMITTED,1000,1000,0,0,0,1897.299,0,null,"{""sourcePk"": ""45418"", ""businessDate"": ""2025-03-22T00:00:00.000000""}",,2026-08-31T10:48:12.077Z
tplus-kainan,INITIALIZATION,01a0576e-a3ad-7f2d-b54b-77d368c1bc16,outbound_detail,ST_RDRecord_b,8,COMMITTED,1000,1000,0,0,0,1724.559,0,null,"{""sourcePk"": ""78749"", ""businessDate"": ""2025-03-31T00:00:00.000000""}",,2026-08-31T10:48:14.027Z
tplus-kainan,INITIALIZATION,01a0576e-a3ad-7f2d-b54b-77d368c1bc16,outbound_detail,ST_RDRecord_b,9,COMMITTED,1000,1000,0,0,0,1705.434,0,null,"{""sourcePk"": ""24081"", ""businessDate"": ""2025-04-14T00:00:00.000000""}",,2026-08-31T10:48:15.939Z
tplus-kainan,INITIALIZATION,01a0576e-a3ad-7f2d-b54b-77d368c1bc16,outbound_detail,ST_RDRecord_b,10,COMMITTED,1000,1000,0,0,0,1680.277,0,null,"{""sourcePk"": ""45549"", ""businessDate"": ""2025-04-14T00:00:00.000000""}",,2026-08-31T10:48:17.846Z
tplus-kainan,INITIALIZATION,01a0576e-a3ad-7f2d-b54b-77d368c1bc16,outbound_detail,ST_RDRecord_b,11,COMMITTED,1000,1000,0,0,0,1708.375,0,null,"{""sourcePk"": ""28101"", ""businessDate"": ""2025-04-29T00:00:00.000000""}",,2026-08-31T10:48:19.776Z
tplus-kainan,INITIALIZATION,01a0576e-a3ad-7f2d-b54b-77d368c1bc16,outbound_detail,ST_RDRecord_b,12,COMMITTED,1000,1000,0,0,0,1674.349,0,null,"{""sourcePk"": ""32056"", ""businessDate"": ""2025-05-12T00:00:00.000000""}",,2026-08-31T10:48:21.675Z
tplus-kainan,INITIALIZATION,01a0576e-a3ad-7f2d-b54b-77d368c1bc16,outbound_detail,ST_RDRecord_b,13,COMMITTED,1000,1000,0,0,0,1470.964,0,null,"{""sourcePk"": ""40577"", ""businessDate"": ""2025-05-12T00:00:00.000000""}",,2026-08-31T10:48:23.375Z
tplus-kainan,INITIALIZATION,01a0576e-a3ad-7f2d-b54b-77d368c1bc16,outbound_detail,ST_RDRecord_b,14,COMMITTED,1000,1000,0,0,0,1586.929,0,null,"{""sourcePk"": ""45488"", ""businessDate"": ""2025-05-18T00:00:00.000000""}",,2026-08-31T10:48:25.196Z
tplus-kainan,INITIALIZATION,01a0576e-a3ad-7f2d-b54b-77d368c1bc16,outbound_detail,ST_RDRecord_b,15,COMMITTED,1000,1000,0,0,0,1672.375,0,null,"{""sourcePk"": ""41253"", ""businessDate"": ""2025-05-19T00:00:00.000000""}",,2026-08-31T10:48:27.092Z
tplus-kainan,INITIALIZATION,01a0576e-a3ad-7f2d-b54b-77d368c1bc16,outbound_detail,ST_RDRecord_b,16,COMMITTED,1000,1000,0,0,0,1429.229,0,null,"{""sourcePk"": ""48012"", ""businessDate"": ""2025-06-06T00:00:00.000000""}",,2026-08-31T10:48:28.748Z
tplus-kainan,INITIALIZATION,01a0576e-a3ad-7f2d-b54b-77d368c1bc16,outbound_detail,ST_RDRecord_b,17,COMMITTED,1000,1000,0,0,0,1809.995,0,null,"{""sourcePk"": ""49348"", ""businessDate"": ""2025-06-12T00:00:00.000000""}",,2026-08-31T10:48:30.814Z
tplus-kainan,INITIALIZATION,01a0576e-a3ad-7f2d-b54b-77d368c1bc16,outbound_detail,ST_RDRecord_b,18,COMMITTED,1000,1000,0,0,0,1609.240,0,null,"{""sourcePk"": ""52675"", ""businessDate"": ""2025-06-24T00:00:00.000000""}",,2026-08-31T10:48:32.646Z
tplus-kainan,INITIALIZATION,01a0576e-a3ad-7f2d-b54b-77d368c1bc16,outbound_detail,ST_RDRecord_b,19,COMMITTED,1000,1000,0,0,0,1653.923,0,null,"{""sourcePk"": ""54306"", ""businessDate"": ""2025-07-02T00:00:00.000000""}",,2026-08-31T10:48:34.530Z
tplus-kainan,INITIALIZATION,01a0576e-a3ad-7f2d-b54b-77d368c1bc16,outbound_detail,ST_RDRecord_b,20,COMMITTED,1000,1000,0,0,0,1422.005,0,null,"{""sourcePk"": ""54367"", ""businessDate"": ""2025-07-15T00:00:00.000000""}",,2026-08-31T10:48:36.192Z
tplus-kainan,INITIALIZATION,01a0576e-a3ad-7f2d-b54b-77d368c1bc16,outbound_detail,ST_RDRecord_b,21,COMMITTED,1000,1000,0,0,0,1635.594,0,null,"{""sourcePk"": ""61169"", ""businessDate"": ""2025-07-23T00:00:00.000000""}",,2026-08-31T10:48:38.064Z
tplus-kainan,INITIALIZATION,01a0576e-a3ad-7f2d-b54b-77d368c1bc16,outbound_detail,ST_RDRecord_b,22,COMMITTED,1000,1000,0,0,0,1440.536,0,null,"{""sourcePk"": ""106191"", ""businessDate"": ""2025-07-27T00:00:00.000000""}",,2026-08-31T10:48:39.745Z
tplus-kainan,INITIALIZATION,01a0576e-a3ad-7f2d-b54b-77d368c1bc16,outbound_detail,ST_RDRecord_b,23,COMMITTED,1000,1000,0,0,0,1647.757,0,null,"{""sourcePk"": ""55725"", ""businessDate"": ""2025-08-02T00:00:00.000000""}",,2026-08-31T10:48:41.624Z
tplus-kainan,INITIALIZATION,01a0576e-a3ad-7f2d-b54b-77d368c1bc16,outbound_detail,ST_RDRecord_b,24,COMMITTED,1000,1000,0,0,0,1432.720,0,null,"{""sourcePk"": ""76776"", ""businessDate"": ""2025-08-06T00:00:00.000000""}",,2026-08-31T10:48:43.308Z
tplus-kainan,INITIALIZATION,01a0576e-a3ad-7f2d-b54b-77d368c1bc16,outbound_detail,ST_RDRecord_b,25,COMMITTED,1000,1000,0,0,0,1597.740,0,null,"{""sourcePk"": ""68588"", ""businessDate"": ""2025-08-15T00:00:00.000000""}",,2026-08-31T10:48:45.128Z
tplus-kainan,INITIALIZATION,01a0576e-a3ad-7f2d-b54b-77d368c1bc16,outbound_detail,ST_RDRecord_b,26,COMMITTED,1000,1000,0,0,0,1657.269,0,null,"{""sourcePk"": ""59402"", ""businessDate"": ""2025-08-16T00:00:00.000000""}",,2026-08-31T10:48:47.033Z
tplus-kainan,INITIALIZATION,01a0576e-a3ad-7f2d-b54b-77d368c1bc16,outbound_detail,ST_RDRecord_b,27,COMMITTED,1000,1000,0,0,0,1835.607,0,null,"{""sourcePk"": ""60402"", ""businessDate"": ""2025-08-16T00:00:00.000000""}",,2026-08-31T10:48:49.093Z
tplus-kainan,INITIALIZATION,01a0576e-a3ad-7f2d-b54b-77d368c1bc16,outbound_detail,ST_RDRecord_b,28,COMMITTED,1000,1000,0,0,0,1416.614,0,null,"{""sourcePk"": ""62367"", ""businessDate"": ""2025-08-24T00:00:00.000000""}",,2026-08-31T10:48:50.735Z
tplus-kainan,INITIALIZATION,01a0576e-a3ad-7f2d-b54b-77d368c1bc16,outbound_detail,ST_RDRecord_b,29,COMMITTED,1000,1000,0,0,0,1548.506,0,null,"{""sourcePk"": ""74065"", ""businessDate"": ""2025-08-28T00:00:00.000000""}",,2026-08-31T10:48:52.502Z
tplus-kainan,INITIALIZATION,01a0576e-a3ad-7f2d-b54b-77d368c1bc16,outbound_detail,ST_RDRecord_b,30,COMMITTED,1000,1000,0,0,0,1801.025,0,null,"{""sourcePk"": ""69950"", ""businessDate"": ""2025-09-02T00:00:00.000000""}",,2026-08-31T10:48:54.528Z
tplus-kainan,INITIALIZATION,01a0576e-a3ad-7f2d-b54b-77d368c1bc16,outbound_detail,ST_RDRecord_b,31,COMMITTED,1000,1000,0,0,0,1469.082,0,null,"{""sourcePk"": ""73218"", ""businessDate"": ""2025-09-08T00:00:00.000000""}",,2026-08-31T10:48:56.246Z
tplus-kainan,INITIALIZATION,01a0576e-a3ad-7f2d-b54b-77d368c1bc16,outbound_detail,ST_RDRecord_b,32,COMMITTED,1000,1000,0,0,0,1567.976,0,null,"{""sourcePk"": ""78975"", ""businessDate"": ""2025-09-14T00:00:00.000000""}",,2026-08-31T10:48:58.041Z
tplus-kainan,INITIALIZATION,01a0576e-a3ad-7f2d-b54b-77d368c1bc16,outbound_detail,ST_RDRecord_b,33,COMMITTED,1000,1000,0,0,0,1401.735,0,null,"{""sourcePk"": ""74105"", ""businessDate"": ""2025-09-24T00:00:00.000000""}",,2026-08-31T10:48:59.671Z
tplus-kainan,INITIALIZATION,01a0576e-a3ad-7f2d-b54b-77d368c1bc16,outbound_detail,ST_RDRecord_b,34,COMMITTED,1000,1000,0,0,0,1666.264,0,null,"{""sourcePk"": ""120008"", ""businessDate"": ""2025-09-24T00:00:00.000000""}",,2026-08-31T10:49:01.561Z
tplus-kainan,INITIALIZATION,01a0576e-a3ad-7f2d-b54b-77d368c1bc16,outbound_detail,ST_RDRecord_b,35,COMMITTED,1000,1000,0,0,0,1623.438,0,null,"{""sourcePk"": ""88690"", ""businessDate"": ""2025-10-09T00:00:00.000000""}",,2026-08-31T10:49:03.405Z
tplus-kainan,INITIALIZATION,01a0576e-a3ad-7f2d-b54b-77d368c1bc16,outbound_detail,ST_RDRecord_b,36,COMMITTED,1000,1000,0,0,0,1808.834,0,null,"{""sourcePk"": ""89865"", ""businessDate"": ""2025-10-24T00:00:00.000000""}",,2026-08-31T10:49:05.441Z
tplus-kainan,INITIALIZATION,01a0576e-a3ad-7f2d-b54b-77d368c1bc16,outbound_detail,ST_RDRecord_b,37,COMMITTED,1000,1000,0,0,0,1583.421,0,null,"{""sourcePk"": ""90895"", ""businessDate"": ""2025-10-28T00:00:00.000000""}",,2026-08-31T10:49:07.257Z
tplus-kainan,INITIALIZATION,01a0576e-a3ad-7f2d-b54b-77d368c1bc16,outbound_detail,ST_RDRecord_b,38,COMMITTED,1000,1000,0,0,0,1405.867,0,null,"{""sourcePk"": ""94584"", ""businessDate"": ""2025-11-11T00:00:00.000000""}",,2026-08-31T10:49:08.917Z
tplus-kainan,INITIALIZATION,01a0576e-a3ad-7f2d-b54b-77d368c1bc16,outbound_detail,ST_RDRecord_b,39,COMMITTED,1000,1000,0,0,0,1609.430,0,null,"{""sourcePk"": ""103701"", ""businessDate"": ""2025-12-01T00:00:00.000000""}",,2026-08-31T10:49:10.749Z
tplus-kainan,INITIALIZATION,01a0576e-a3ad-7f2d-b54b-77d368c1bc16,outbound_detail,ST_RDRecord_b,40,COMMITTED,1000,1000,0,0,0,1388.763,0,null,"{""sourcePk"": ""104342"", ""businessDate"": ""2025-12-18T00:00:00.000000""}",,2026-08-31T10:49:12.365Z
tplus-kainan,INITIALIZATION,01a0576e-a3ad-7f2d-b54b-77d368c1bc16,outbound_detail,ST_RDRecord_b,41,COMMITTED,1000,1000,0,0,0,1586.284,0,null,"{""sourcePk"": ""105382"", ""businessDate"": ""2025-12-30T00:00:00.000000""}",,2026-08-31T10:49:14.181Z
tplus-kainan,INITIALIZATION,01a0576e-a3ad-7f2d-b54b-77d368c1bc16,outbound_detail,ST_RDRecord_b,42,COMMITTED,1000,1000,0,0,0,1335.209,0,null,"{""sourcePk"": ""97506"", ""businessDate"": ""2026-01-03T00:00:00.000000""}",,2026-08-31T10:49:15.744Z
tplus-kainan,INITIALIZATION,01a0576e-a3ad-7f2d-b54b-77d368c1bc16,outbound_detail,ST_RDRecord_b,43,COMMITTED,1000,1000,0,0,0,1612.757,0,null,"{""sourcePk"": ""99102"", ""businessDate"": ""2026-01-09T00:00:00.000000""}",,2026-08-31T10:49:17.577Z
tplus-kainan,INITIALIZATION,01a0576e-a3ad-7f2d-b54b-77d368c1bc16,outbound_detail,ST_RDRecord_b,44,COMMITTED,1000,1000,0,0,0,1347.972,0,null,"{""sourcePk"": ""112684"", ""businessDate"": ""2026-01-16T00:00:00.000000""}",,2026-08-31T10:49:19.150Z
tplus-kainan,INITIALIZATION,01a0576e-a3ad-7f2d-b54b-77d368c1bc16,outbound_detail,ST_RDRecord_b,45,COMMITTED,1000,1000,0,0,0,1566.536,0,null,"{""sourcePk"": ""111873"", ""businessDate"": ""2026-01-22T00:00:00.000000""}",,2026-08-31T10:49:20.960Z
tplus-kainan,INITIALIZATION,01a0576e-a3ad-7f2d-b54b-77d368c1bc16,outbound_detail,ST_RDRecord_b,46,COMMITTED,1000,1000,0,0,0,1769.198,0,null,"{""sourcePk"": ""119368"", ""businessDate"": ""2026-01-27T00:00:00.000000""}",,2026-08-31T10:49:22.952Z
tplus-kainan,INITIALIZATION,01a0576e-a3ad-7f2d-b54b-77d368c1bc16,outbound_detail,ST_RDRecord_b,47,COMMITTED,1000,1000,0,0,0,1700.651,0,null,"{""sourcePk"": ""116058"", ""businessDate"": ""2026-01-29T00:00:00.000000""}",,2026-08-31T10:49:24.877Z
tplus-kainan,INITIALIZATION,01a0576e-a3ad-7f2d-b54b-77d368c1bc16,outbound_detail,ST_RDRecord_b,48,COMMITTED,1000,1000,0,0,0,1739.630,0,null,"{""sourcePk"": ""127195"", ""businessDate"": ""2026-01-29T00:00:00.000000""}",,2026-08-31T10:49:26.840Z
tplus-kainan,INITIALIZATION,01a0576e-a3ad-7f2d-b54b-77d368c1bc16,outbound_detail,ST_RDRecord_b,49,COMMITTED,1000,1000,0,0,0,1502.127,0,null,"{""sourcePk"": ""108555"", ""businessDate"": ""2026-01-31T00:00:00.000000""}",,2026-08-31T10:49:28.573Z
tplus-kainan,INITIALIZATION,01a0576e-a3ad-7f2d-b54b-77d368c1bc16,outbound_detail,ST_RDRecord_b,50,COMMITTED,1000,1000,0,0,0,1490.932,0,null,"{""sourcePk"": ""119751"", ""businessDate"": ""2026-02-02T00:00:00.000000""}",,2026-08-31T10:49:30.291Z
tplus-kainan,INITIALIZATION,01a0576e-a3ad-7f2d-b54b-77d368c1bc16,outbound_detail,ST_RDRecord_b,51,COMMITTED,1000,1000,0,0,0,1713.489,0,null,"{""sourcePk"": ""127624"", ""businessDate"": ""2026-02-02T00:00:00.000000""}",,2026-08-31T10:49:32.190Z
tplus-kainan,INITIALIZATION,01a0576e-a3ad-7f2d-b54b-77d368c1bc16,outbound_detail,ST_RDRecord_b,52,COMMITTED,1000,1000,0,0,0,1812.196,0,null,"{""sourcePk"": ""116047"", ""businessDate"": ""2026-02-10T00:00:00.000000""}",,2026-08-31T10:49:34.244Z
tplus-kainan,INITIALIZATION,01a0576e-a3ad-7f2d-b54b-77d368c1bc16,outbound_detail,ST_RDRecord_b,53,COMMITTED,1000,1000,0,0,0,1410.120,0,null,"{""sourcePk"": ""124104"", ""businessDate"": ""2026-03-02T00:00:00.000000""}",,2026-08-31T10:49:35.874Z
tplus-kainan,INITIALIZATION,01a0576e-a3ad-7f2d-b54b-77d368c1bc16,outbound_detail,ST_RDRecord_b,54,COMMITTED,1000,1000,0,0,0,1524.884,0,null,"{""sourcePk"": ""132466"", ""businessDate"": ""2026-03-06T00:00:00.000000""}",,2026-08-31T10:49:37.625Z
tplus-kainan,INITIALIZATION,01a0576e-a3ad-7f2d-b54b-77d368c1bc16,outbound_detail,ST_RDRecord_b,55,COMMITTED,1000,1000,0,0,0,1396.525,0,null,"{""sourcePk"": ""122615"", ""businessDate"": ""2026-03-12T00:00:00.000000""}",,2026-08-31T10:49:39.261Z
tplus-kainan,INITIALIZATION,01a0576e-a3ad-7f2d-b54b-77d368c1bc16,outbound_detail,ST_RDRecord_b,56,COMMITTED,1000,1000,0,0,0,1614.976,0,null,"{""sourcePk"": ""130245"", ""businessDate"": ""2026-03-17T00:00:00.000000""}",,2026-08-31T10:49:41.107Z
tplus-kainan,INITIALIZATION,01a0576e-a3ad-7f2d-b54b-77d368c1bc16,outbound_detail,ST_RDRecord_b,57,COMMITTED,1000,1000,0,0,0,1405.849,0,null,"{""sourcePk"": ""118471"", ""businessDate"": ""2026-03-21T00:00:00.000000""}",,2026-08-31T10:49:42.738Z
tplus-kainan,INITIALIZATION,01a0576e-a3ad-7f2d-b54b-77d368c1bc16,outbound_detail,ST_RDRecord_b,58,COMMITTED,1000,1000,0,0,0,1545.281,0,null,"{""sourcePk"": ""136449"", ""businessDate"": ""2026-04-02T00:00:00.000000""}",,2026-08-31T10:49:44.509Z
tplus-kainan,INITIALIZATION,01a0576e-a3ad-7f2d-b54b-77d368c1bc16,outbound_detail,ST_RDRecord_b,59,COMMITTED,1000,1000,0,0,0,1384.574,0,null,"{""sourcePk"": ""140361"", ""businessDate"": ""2026-04-12T00:00:00.000000""}",,2026-08-31T10:49:46.139Z
tplus-kainan,INITIALIZATION,01a0576e-a3ad-7f2d-b54b-77d368c1bc16,outbound_detail,ST_RDRecord_b,60,COMMITTED,1000,1000,0,0,0,1613.827,0,null,"{""sourcePk"": ""149782"", ""businessDate"": ""2026-04-12T00:00:00.000000""}",,2026-08-31T10:49:47.976Z
tplus-kainan,INITIALIZATION,01a0576e-a3ad-7f2d-b54b-77d368c1bc16,outbound_detail,ST_RDRecord_b,61,COMMITTED,1000,1000,0,0,0,1631.968,0,null,"{""sourcePk"": ""165918"", ""businessDate"": ""2026-04-12T00:00:00.000000""}",,2026-08-31T10:49:49.834Z
tplus-kainan,INITIALIZATION,01a0576e-a3ad-7f2d-b54b-77d368c1bc16,outbound_detail,ST_RDRecord_b,62,COMMITTED,1000,1000,0,0,0,1603.514,0,null,"{""sourcePk"": ""146109"", ""businessDate"": ""2026-04-13T00:00:00.000000""}",,2026-08-31T10:49:51.663Z
tplus-kainan,INITIALIZATION,01a0576e-a3ad-7f2d-b54b-77d368c1bc16,outbound_detail,ST_RDRecord_b,63,COMMITTED,1000,1000,0,0,0,1636.825,0,null,"{""sourcePk"": ""169125"", ""businessDate"": ""2026-04-15T00:00:00.000000""}",,2026-08-31T10:49:53.528Z
tplus-kainan,INITIALIZATION,01a0576e-a3ad-7f2d-b54b-77d368c1bc16,outbound_detail,ST_RDRecord_b,64,COMMITTED,1000,1000,0,0,0,1806.131,0,null,"{""sourcePk"": ""150345"", ""businessDate"": ""2026-04-16T00:00:00.000000""}",,2026-08-31T10:49:55.556Z
tplus-kainan,INITIALIZATION,01a0576e-a3ad-7f2d-b54b-77d368c1bc16,outbound_detail,ST_RDRecord_b,65,COMMITTED,1000,1000,0,0,0,1956.949,0,null,"{""sourcePk"": ""182233"", ""businessDate"": ""2026-04-21T00:00:00.000000""}",,2026-08-31T10:49:57.740Z
tplus-kainan,INITIALIZATION,01a0576e-a3ad-7f2d-b54b-77d368c1bc16,outbound_detail,ST_RDRecord_b,66,COMMITTED,1000,1000,0,0,0,1766.405,0,null,"{""sourcePk"": ""139016"", ""businessDate"": ""2026-04-30T00:00:00.000000""}",,2026-08-31T10:49:59.730Z
tplus-kainan,INITIALIZATION,01a0576e-a3ad-7f2d-b54b-77d368c1bc16,outbound_detail,ST_RDRecord_b,67,COMMITTED,1000,1000,0,0,0,1265.592,0,null,"{""sourcePk"": ""141682"", ""businessDate"": ""2026-04-30T00:00:00.000000""}",,2026-08-31T10:50:01.206Z
tplus-kainan,INITIALIZATION,01a0576e-a3ad-7f2d-b54b-77d368c1bc16,outbound_detail,ST_RDRecord_b,68,COMMITTED,1000,1000,0,0,0,1279.488,0,null,"{""sourcePk"": ""143992"", ""businessDate"": ""2026-04-30T00:00:00.000000""}",,2026-08-31T10:50:02.700Z
tplus-kainan,INITIALIZATION,01a0576e-a3ad-7f2d-b54b-77d368c1bc16,outbound_detail,ST_RDRecord_b,69,COMMITTED,1000,1000,0,0,0,1561.104,0,null,"{""sourcePk"": ""149142"", ""businessDate"": ""2026-05-06T00:00:00.000000""}",,2026-08-31T10:50:04.480Z
tplus-kainan,INITIALIZATION,01a0576e-a3ad-7f2d-b54b-77d368c1bc16,outbound_detail,ST_RDRecord_b,70,COMMITTED,1000,1000,0,0,0,1888.038,0,null,"{""sourcePk"": ""159976"", ""businessDate"": ""2026-05-11T00:00:00.000000""}",,2026-08-31T10:50:06.589Z
tplus-kainan,INITIALIZATION,01a0576e-a3ad-7f2d-b54b-77d368c1bc16,outbound_detail,ST_RDRecord_b,71,COMMITTED,1000,1000,0,0,0,1849.929,0,null,"{""sourcePk"": ""144207"", ""businessDate"": ""2026-05-16T00:00:00.000000""}",,2026-08-31T10:50:08.669Z
tplus-kainan,INITIALIZATION,01a0576e-a3ad-7f2d-b54b-77d368c1bc16,outbound_detail,ST_RDRecord_b,72,COMMITTED,1000,1000,0,0,0,1743.252,0,null,"{""sourcePk"": ""166241"", ""businessDate"": ""2026-05-20T00:00:00.000000""}",,2026-08-31T10:50:10.642Z
tplus-kainan,INITIALIZATION,01a0576e-a3ad-7f2d-b54b-77d368c1bc16,outbound_detail,ST_RDRecord_b,73,COMMITTED,1000,1000,0,0,0,1519.380,0,null,"{""sourcePk"": ""150808"", ""businessDate"": ""2026-05-26T00:00:00.000000""}",,2026-08-31T10:50:12.399Z
tplus-kainan,INITIALIZATION,01a0576e-a3ad-7f2d-b54b-77d368c1bc16,outbound_detail,ST_RDRecord_b,74,COMMITTED,1000,1000,0,0,0,1622.943,0,null,"{""sourcePk"": ""154437"", ""businessDate"": ""2026-05-27T00:00:00.000000""}",,2026-08-31T10:50:14.240Z
tplus-kainan,INITIALIZATION,01a0576e-a3ad-7f2d-b54b-77d368c1bc16,outbound_detail,ST_RDRecord_b,75,COMMITTED,1000,1000,0,0,0,1699.550,0,null,"{""sourcePk"": ""172500"", ""businessDate"": ""2026-05-29T00:00:00.000000""}",,2026-08-31T10:50:16.162Z
tplus-kainan,INITIALIZATION,01a0576e-a3ad-7f2d-b54b-77d368c1bc16,outbound_detail,ST_RDRecord_b,76,COMMITTED,1000,1000,0,0,0,1673.684,0,null,"{""sourcePk"": ""151408"", ""businessDate"": ""2026-05-30T00:00:00.000000""}",,2026-08-31T10:50:18.062Z
tplus-kainan,INITIALIZATION,01a0576e-a3ad-7f2d-b54b-77d368c1bc16,outbound_detail,ST_RDRecord_b,77,COMMITTED,1000,1000,0,0,0,1462.786,0,null,"{""sourcePk"": ""164891"", ""businessDate"": ""2026-06-01T00:00:00.000000""}",,2026-08-31T10:50:19.754Z
tplus-kainan,INITIALIZATION,01a0576e-a3ad-7f2d-b54b-77d368c1bc16,outbound_detail,ST_RDRecord_b,78,COMMITTED,1000,1000,0,0,0,1655.219,0,null,"{""sourcePk"": ""179576"", ""businessDate"": ""2026-06-04T00:00:00.000000""}",,2026-08-31T10:50:21.630Z
tplus-kainan,INITIALIZATION,01a0576e-a3ad-7f2d-b54b-77d368c1bc16,outbound_detail,ST_RDRecord_b,79,COMMITTED,1000,1000,0,0,0,1721.066,0,null,"{""sourcePk"": ""185691"", ""businessDate"": ""2026-06-04T00:00:00.000000""}",,2026-08-31T10:50:23.582Z
tplus-kainan,INITIALIZATION,01a0576e-a3ad-7f2d-b54b-77d368c1bc16,outbound_detail,ST_RDRecord_b,80,COMMITTED,1000,1000,0,0,0,1665.182,0,null,"{""sourcePk"": ""164442"", ""businessDate"": ""2026-06-12T00:00:00.000000""}",,2026-08-31T10:50:25.505Z
tplus-kainan,INITIALIZATION,01a0576e-a3ad-7f2d-b54b-77d368c1bc16,outbound_detail,ST_RDRecord_b,81,COMMITTED,1000,1000,0,0,0,1396.003,0,null,"{""sourcePk"": ""163782"", ""businessDate"": ""2026-06-26T00:00:00.000000""}",,2026-08-31T10:50:27.123Z
tplus-kainan,INITIALIZATION,01a0576e-a3ad-7f2d-b54b-77d368c1bc16,outbound_detail,ST_RDRecord_b,82,COMMITTED,1000,1000,0,0,0,1660.202,0,null,"{""sourcePk"": ""174618"", ""businessDate"": ""2026-06-30T00:00:00.000000""}",,2026-08-31T10:50:29.003Z
tplus-kainan,INITIALIZATION,01a0576e-a3ad-7f2d-b54b-77d368c1bc16,outbound_detail,ST_RDRecord_b,83,COMMITTED,1000,1000,0,0,0,1648.577,0,null,"{""sourcePk"": ""175705"", ""businessDate"": ""2026-07-10T00:00:00.000000""}",,2026-08-31T10:50:30.885Z
tplus-kainan,INITIALIZATION,01a0576e-a3ad-7f2d-b54b-77d368c1bc16,outbound_detail,ST_RDRecord_b,84,COMMITTED,1000,1000,0,0,0,1817.662,0,null,"{""sourcePk"": ""192896"", ""businessDate"": ""2026-07-10T00:00:00.000000""}",,2026-08-31T10:50:32.931Z
tplus-kainan,INITIALIZATION,01a0576e-a3ad-7f2d-b54b-77d368c1bc16,outbound_detail,ST_RDRecord_b,85,COMMITTED,1000,1000,0,0,0,1730.732,0,null,"{""sourcePk"": ""175359"", ""businessDate"": ""2026-07-18T00:00:00.000000""}",,2026-08-31T10:50:34.894Z
tplus-kainan,INITIALIZATION,01a0576e-a3ad-7f2d-b54b-77d368c1bc16,outbound_detail,ST_RDRecord_b,86,COMMITTED,1000,1000,0,0,0,1767.298,0,null,"{""sourcePk"": ""177169"", ""businessDate"": ""2026-07-22T00:00:00.000000""}",,2026-08-31T10:50:36.882Z
tplus-kainan,INITIALIZATION,01a0576e-a3ad-7f2d-b54b-77d368c1bc16,outbound_detail,ST_RDRecord_b,87,COMMITTED,1000,1000,0,0,0,1564.917,0,null,"{""sourcePk"": ""183617"", ""businessDate"": ""2026-08-05T00:00:00.000000""}",,2026-08-31T10:50:38.686Z
tplus-kainan,INITIALIZATION,01a0576e-a3ad-7f2d-b54b-77d368c1bc16,outbound_detail,ST_RDRecord_b,88,COMMITTED,1000,1000,0,0,0,1388.707,0,null,"{""sourcePk"": ""192952"", ""businessDate"": ""2026-08-17T00:00:00.000000""}",,2026-08-31T10:50:40.298Z
tplus-kainan,INITIALIZATION,01a0576e-a3ad-7f2d-b54b-77d368c1bc16,outbound_detail,ST_RDRecord_b,89,COMMITTED,511,511,0,0,0,1458.353,0,null,"{""sourcePk"": ""193899"", ""businessDate"": ""2026-08-31T00:00:00.000000""}",,2026-08-31T10:50:41.954Z
tplus-kainan,COMPENSATION,01a05773-e40b-7a09-a598-c157e5c62d14,inbound_detail,ST_RDRecord_b,1,COMMITTED,1,0,1,0,0,1273.224,0,null,"{""sourcePk"": ""193900"", ""modifiedAt"": ""2026-08-31T18:49:03.143000""}",2026-08-31T18:53:27.490Z,2026-08-31T10:53:32.206Z
tplus-kainan,COMPENSATION,01a05773-e40b-7a09-a598-c157e5c62d14,inventory,ST_NewCurrentStock,1,COMMITTED,0,0,0,0,0,1044.321,0,null,"{""sourcePk"": ""-2147483648"", ""modifiedAt"": ""2026-08-31T18:45:43.327000""}",2026-08-31T18:53:27.490Z,2026-08-31T10:53:33.277Z
tplus-kainan,COMPENSATION,01a05773-e40b-7a09-a598-c157e5c62d14,order_detail,SA_SaleOrder_b,1,COMMITTED,5,0,5,4,0,1047.181,0,null,"{""sourcePk"": ""7471"", ""modifiedAt"": ""2026-08-31T18:49:25.533000""}",2026-08-31T18:53:27.490Z,2026-08-31T10:53:29.808Z
tplus-kainan,COMPENSATION,01a05773-e40b-7a09-a598-c157e5c62d14,order_header,SA_SaleOrder,1,COMMITTED,2,0,2,1,0,752.455,0,null,"{""sourcePk"": ""1362"", ""modifiedAt"": ""2026-08-31T18:49:25.000000""}",2026-08-31T18:53:27.490Z,2026-08-31T10:53:28.732Z
tplus-kainan,COMPENSATION,01a05773-e40b-7a09-a598-c157e5c62d14,outbound_detail,ST_RDRecord_b,1,COMMITTED,5,0,5,4,0,1069.225,0,null,"{""sourcePk"": ""193901"", ""modifiedAt"": ""2026-08-31T18:49:26.700000""}",2026-08-31T18:53:27.490Z,2026-08-31T10:53:30.905Z
tplus-kejia,INITIALIZATION,01a05775-1a6e-7146-a48c-dfac39054a4e,inbound_detail,ST_RDRecord_b,1,COMMITTED,1000,1000,0,0,0,1802.710,0,null,"{""sourcePk"": ""13991"", ""businessDate"": ""2025-07-18T00:00:00.000000""}",,2026-08-31T10:57:38.083Z
tplus-kejia,INITIALIZATION,01a05775-1a6e-7146-a48c-dfac39054a4e,inbound_detail,ST_RDRecord_b,2,COMMITTED,1000,1000,0,0,0,2063.726,0,null,"{""sourcePk"": ""11045"", ""businessDate"": ""2025-08-11T00:00:00.000000""}",,2026-08-31T10:57:40.382Z
tplus-kejia,INITIALIZATION,01a05775-1a6e-7146-a48c-dfac39054a4e,inbound_detail,ST_RDRecord_b,3,COMMITTED,1000,1000,0,0,0,1944.687,0,null,"{""sourcePk"": ""6160"", ""businessDate"": ""2025-09-05T00:00:00.000000""}",,2026-08-31T10:57:42.554Z
tplus-kejia,INITIALIZATION,01a05775-1a6e-7146-a48c-dfac39054a4e,inbound_detail,ST_RDRecord_b,4,COMMITTED,1000,1000,0,0,0,2150.582,0,null,"{""sourcePk"": ""13051"", ""businessDate"": ""2025-09-22T00:00:00.000000""}",,2026-08-31T10:57:44.937Z
tplus-kejia,INITIALIZATION,01a05775-1a6e-7146-a48c-dfac39054a4e,inbound_detail,ST_RDRecord_b,5,COMMITTED,1000,1000,0,0,0,1984.220,0,null,"{""sourcePk"": ""5981"", ""businessDate"": ""2025-10-10T00:00:00.000000""}",,2026-08-31T10:57:47.160Z
tplus-kejia,INITIALIZATION,01a05775-1a6e-7146-a48c-dfac39054a4e,inbound_detail,ST_RDRecord_b,6,COMMITTED,1000,1000,0,0,0,2017.985,0,null,"{""sourcePk"": ""8568"", ""businessDate"": ""2025-10-28T00:00:00.000000""}",,2026-08-31T10:57:49.404Z
tplus-kejia,INITIALIZATION,01a05775-1a6e-7146-a48c-dfac39054a4e,inbound_detail,ST_RDRecord_b,7,COMMITTED,1000,1000,0,0,0,1775.889,0,null,"{""sourcePk"": ""12560"", ""businessDate"": ""2025-11-03T00:00:00.000000""}",,2026-08-31T10:57:51.405Z
tplus-kejia,INITIALIZATION,01a05775-1a6e-7146-a48c-dfac39054a4e,inbound_detail,ST_RDRecord_b,8,COMMITTED,1000,1000,0,0,0,2146.700,0,null,"{""sourcePk"": ""15272"", ""businessDate"": ""2025-11-14T00:00:00.000000""}",,2026-08-31T10:57:53.761Z
tplus-kejia,INITIALIZATION,01a05775-1a6e-7146-a48c-dfac39054a4e,inbound_detail,ST_RDRecord_b,9,COMMITTED,1000,1000,0,0,0,2534.922,0,null,"{""sourcePk"": ""15903"", ""businessDate"": ""2025-11-24T00:00:00.000000""}",,2026-08-31T10:57:56.513Z
tplus-kejia,INITIALIZATION,01a05775-1a6e-7146-a48c-dfac39054a4e,inbound_detail,ST_RDRecord_b,10,COMMITTED,1000,1000,0,0,0,2136.099,0,null,"{""sourcePk"": ""35063"", ""businessDate"": ""2025-12-05T00:00:00.000000""}",,2026-08-31T10:57:58.874Z
tplus-kejia,INITIALIZATION,01a05775-1a6e-7146-a48c-dfac39054a4e,inbound_detail,ST_RDRecord_b,11,COMMITTED,1000,1000,0,0,0,1858.136,0,null,"{""sourcePk"": ""25785"", ""businessDate"": ""2025-12-09T00:00:00.000000""}",,2026-08-31T10:58:00.972Z
tplus-kejia,INITIALIZATION,01a05775-1a6e-7146-a48c-dfac39054a4e,inbound_detail,ST_RDRecord_b,12,COMMITTED,1000,1000,0,0,0,1902.443,0,null,"{""sourcePk"": ""46370"", ""businessDate"": ""2025-12-27T00:00:00.000000""}",,2026-08-31T10:58:03.096Z
tplus-kejia,INITIALIZATION,01a05775-1a6e-7146-a48c-dfac39054a4e,inbound_detail,ST_RDRecord_b,13,COMMITTED,1000,1000,0,0,0,2167.720,0,null,"{""sourcePk"": ""37987"", ""businessDate"": ""2026-01-04T00:00:00.000000""}",,2026-08-31T10:58:05.490Z
tplus-kejia,INITIALIZATION,01a05775-1a6e-7146-a48c-dfac39054a4e,inbound_detail,ST_RDRecord_b,14,COMMITTED,1000,1000,0,0,0,2390.990,0,null,"{""sourcePk"": ""45950"", ""businessDate"": ""2026-01-15T00:00:00.000000""}",,2026-08-31T10:58:08.104Z
tplus-kejia,INITIALIZATION,01a05775-1a6e-7146-a48c-dfac39054a4e,inbound_detail,ST_RDRecord_b,15,COMMITTED,1000,1000,0,0,0,1997.464,0,null,"{""sourcePk"": ""45459"", ""businessDate"": ""2026-01-16T00:00:00.000000""}",,2026-08-31T10:58:10.327Z
tplus-kejia,INITIALIZATION,01a05775-1a6e-7146-a48c-dfac39054a4e,inbound_detail,ST_RDRecord_b,16,COMMITTED,1000,1000,0,0,0,1827.993,0,null,"{""sourcePk"": ""44291"", ""businessDate"": ""2026-01-26T00:00:00.000000""}",,2026-08-31T10:58:12.378Z
tplus-kejia,INITIALIZATION,01a05775-1a6e-7146-a48c-dfac39054a4e,inbound_detail,ST_RDRecord_b,17,COMMITTED,1000,1000,0,0,0,1779.442,0,null,"{""sourcePk"": ""103722"", ""businessDate"": ""2026-01-30T00:00:00.000000""}",,2026-08-31T10:58:14.382Z
tplus-kejia,INITIALIZATION,01a05775-1a6e-7146-a48c-dfac39054a4e,inbound_detail,ST_RDRecord_b,18,COMMITTED,1000,1000,0,0,0,1814.237,0,null,"{""sourcePk"": ""66230"", ""businessDate"": ""2026-02-25T00:00:00.000000""}",,2026-08-31T10:58:16.441Z
tplus-kejia,INITIALIZATION,01a05775-1a6e-7146-a48c-dfac39054a4e,inbound_detail,ST_RDRecord_b,19,COMMITTED,1000,1000,0,0,0,2110.883,0,null,"{""sourcePk"": ""71791"", ""businessDate"": ""2026-03-12T00:00:00.000000""}",,2026-08-31T10:58:18.768Z
tplus-kejia,INITIALIZATION,01a05775-1a6e-7146-a48c-dfac39054a4e,inbound_detail,ST_RDRecord_b,20,COMMITTED,1000,1000,0,0,0,1888.464,0,null,"{""sourcePk"": ""70735"", ""businessDate"": ""2026-03-25T00:00:00.000000""}",,2026-08-31T10:58:20.881Z
tplus-kejia,INITIALIZATION,01a05775-1a6e-7146-a48c-dfac39054a4e,inbound_detail,ST_RDRecord_b,21,COMMITTED,1000,1000,0,0,0,1899.774,0,null,"{""sourcePk"": ""99514"", ""businessDate"": ""2026-03-31T00:00:00.000000""}",,2026-08-31T10:58:23.010Z
tplus-kejia,INITIALIZATION,01a05775-1a6e-7146-a48c-dfac39054a4e,inbound_detail,ST_RDRecord_b,22,COMMITTED,1000,1000,0,0,0,1825.239,0,null,"{""sourcePk"": ""103327"", ""businessDate"": ""2026-04-04T00:00:00.000000""}",,2026-08-31T10:58:25.051Z
tplus-kejia,INITIALIZATION,01a05775-1a6e-7146-a48c-dfac39054a4e,inbound_detail,ST_RDRecord_b,23,COMMITTED,1000,1000,0,0,0,1895.729,0,null,"{""sourcePk"": ""72232"", ""businessDate"": ""2026-04-14T00:00:00.000000""}",,2026-08-31T10:58:27.147Z
tplus-kejia,INITIALIZATION,01a05775-1a6e-7146-a48c-dfac39054a4e,inbound_detail,ST_RDRecord_b,24,COMMITTED,1000,1000,0,0,0,2013.974,0,null,"{""sourcePk"": ""82509"", ""businessDate"": ""2026-04-23T00:00:00.000000""}",,2026-08-31T10:58:29.364Z
tplus-kejia,INITIALIZATION,01a05775-1a6e-7146-a48c-dfac39054a4e,inbound_detail,ST_RDRecord_b,25,COMMITTED,1000,1000,0,0,0,2040.594,0,null,"{""sourcePk"": ""87636"", ""businessDate"": ""2026-04-28T00:00:00.000000""}",,2026-08-31T10:58:31.631Z
tplus-kejia,INITIALIZATION,01a05775-1a6e-7146-a48c-dfac39054a4e,inbound_detail,ST_RDRecord_b,26,COMMITTED,1000,1000,0,0,0,1989.953,0,null,"{""sourcePk"": ""82932"", ""businessDate"": ""2026-05-11T00:00:00.000000""}",,2026-08-31T10:58:33.840Z
tplus-kejia,INITIALIZATION,01a05775-1a6e-7146-a48c-dfac39054a4e,inbound_detail,ST_RDRecord_b,27,COMMITTED,1000,1000,0,0,0,2089.130,0,null,"{""sourcePk"": ""92052"", ""businessDate"": ""2026-05-20T00:00:00.000000""}",,2026-08-31T10:58:36.156Z
tplus-kejia,INITIALIZATION,01a05775-1a6e-7146-a48c-dfac39054a4e,inbound_detail,ST_RDRecord_b,28,COMMITTED,1000,1000,0,0,0,1995.907,0,null,"{""sourcePk"": ""96687"", ""businessDate"": ""2026-05-28T00:00:00.000000""}",,2026-08-31T10:58:38.382Z
tplus-kejia,INITIALIZATION,01a05775-1a6e-7146-a48c-dfac39054a4e,inbound_detail,ST_RDRecord_b,29,COMMITTED,1000,1000,0,0,0,1798.126,0,null,"{""sourcePk"": ""97785"", ""businessDate"": ""2026-05-29T00:00:00.000000""}",,2026-08-31T10:58:40.402Z
tplus-kejia,INITIALIZATION,01a05775-1a6e-7146-a48c-dfac39054a4e,inbound_detail,ST_RDRecord_b,30,COMMITTED,1000,1000,0,0,0,2284.649,0,null,"{""sourcePk"": ""105132"", ""businessDate"": ""2026-06-02T00:00:00.000000""}",,2026-08-31T10:58:42.909Z
tplus-kejia,INITIALIZATION,01a05775-1a6e-7146-a48c-dfac39054a4e,inbound_detail,ST_RDRecord_b,31,COMMITTED,1000,1000,0,0,0,1742.594,0,null,"{""sourcePk"": ""92036"", ""businessDate"": ""2026-06-05T00:00:00.000000""}",,2026-08-31T10:58:44.862Z
tplus-kejia,INITIALIZATION,01a05775-1a6e-7146-a48c-dfac39054a4e,inbound_detail,ST_RDRecord_b,32,COMMITTED,1000,1000,0,0,0,1866.426,0,null,"{""sourcePk"": ""108001"", ""businessDate"": ""2026-06-06T00:00:00.000000""}",,2026-08-31T10:58:46.952Z
tplus-kejia,INITIALIZATION,01a05775-1a6e-7146-a48c-dfac39054a4e,inbound_detail,ST_RDRecord_b,33,COMMITTED,1000,1000,0,0,0,2292.735,0,null,"{""sourcePk"": ""99024"", ""businessDate"": ""2026-06-18T00:00:00.000000""}",,2026-08-31T10:58:49.436Z
tplus-kejia,INITIALIZATION,01a05775-1a6e-7146-a48c-dfac39054a4e,inbound_detail,ST_RDRecord_b,34,COMMITTED,1000,1000,0,0,0,1742.993,0,null,"{""sourcePk"": ""108214"", ""businessDate"": ""2026-06-23T00:00:00.000000""}",,2026-08-31T10:58:51.385Z
tplus-kejia,INITIALIZATION,01a05775-1a6e-7146-a48c-dfac39054a4e,inbound_detail,ST_RDRecord_b,35,COMMITTED,1000,1000,0,0,0,1873.944,0,null,"{""sourcePk"": ""109640"", ""businessDate"": ""2026-06-30T00:00:00.000000""}",,2026-08-31T10:58:53.465Z
tplus-kejia,INITIALIZATION,01a05775-1a6e-7146-a48c-dfac39054a4e,inbound_detail,ST_RDRecord_b,36,COMMITTED,1000,1000,0,0,0,1871.732,0,null,"{""sourcePk"": ""119110"", ""businessDate"": ""2026-07-02T00:00:00.000000""}",,2026-08-31T10:58:55.546Z
tplus-kejia,INITIALIZATION,01a05775-1a6e-7146-a48c-dfac39054a4e,inbound_detail,ST_RDRecord_b,37,COMMITTED,1000,1000,0,0,0,1848.482,0,null,"{""sourcePk"": ""107958"", ""businessDate"": ""2026-07-14T00:00:00.000000""}",,2026-08-31T10:58:57.600Z
tplus-kejia,INITIALIZATION,01a05775-1a6e-7146-a48c-dfac39054a4e,inbound_detail,ST_RDRecord_b,38,COMMITTED,1000,1000,0,0,0,2252.316,0,null,"{""sourcePk"": ""106653"", ""businessDate"": ""2026-07-31T00:00:00.000000""}",,2026-08-31T10:59:00.062Z
tplus-kejia,INITIALIZATION,01a05775-1a6e-7146-a48c-dfac39054a4e,inbound_detail,ST_RDRecord_b,39,COMMITTED,810,810,0,0,0,1990.831,0,null,"{""sourcePk"": ""119453"", ""businessDate"": ""2026-08-31T00:00:00.000000""}",,2026-08-31T10:59:02.267Z
tplus-kejia,INITIALIZATION,01a05775-1a6e-7146-a48c-dfac39054a4e,inventory,ST_NewCurrentStock,1,COMMITTED,1000,1000,0,0,0,1828.495,0,null,"{""sourcePk"": ""47876"", ""businessDate"": ""1900-01-01T00:00:00.000000""}",,2026-08-31T10:59:04.257Z
tplus-kejia,INITIALIZATION,01a05775-1a6e-7146-a48c-dfac39054a4e,inventory,ST_NewCurrentStock,2,COMMITTED,1000,1000,0,0,0,1782.405,0,null,"{""sourcePk"": ""49945"", ""businessDate"": ""1900-01-01T00:00:00.000000""}",,2026-08-31T10:59:06.235Z
tplus-kejia,INITIALIZATION,01a05775-1a6e-7146-a48c-dfac39054a4e,inventory,ST_NewCurrentStock,3,COMMITTED,1000,1000,0,0,0,2020.254,0,null,"{""sourcePk"": ""51036"", ""businessDate"": ""1900-01-01T00:00:00.000000""}",,2026-08-31T10:59:08.447Z
tplus-kejia,INITIALIZATION,01a05775-1a6e-7146-a48c-dfac39054a4e,inventory,ST_NewCurrentStock,4,COMMITTED,1000,1000,0,0,0,1590.867,0,null,"{""sourcePk"": ""52637"", ""businessDate"": ""1900-01-01T00:00:00.000000""}",,2026-08-31T10:59:10.243Z
tplus-kejia,INITIALIZATION,01a05775-1a6e-7146-a48c-dfac39054a4e,inventory,ST_NewCurrentStock,5,COMMITTED,1000,1000,0,0,0,1766.817,0,null,"{""sourcePk"": ""53792"", ""businessDate"": ""1900-01-01T00:00:00.000000""}",,2026-08-31T10:59:12.220Z
tplus-kejia,INITIALIZATION,01a05775-1a6e-7146-a48c-dfac39054a4e,inventory,ST_NewCurrentStock,6,COMMITTED,1000,1000,0,0,0,1799.483,0,null,"{""sourcePk"": ""55451"", ""businessDate"": ""1900-01-01T00:00:00.000000""}",,2026-08-31T10:59:14.220Z
tplus-kejia,INITIALIZATION,01a05775-1a6e-7146-a48c-dfac39054a4e,inventory,ST_NewCurrentStock,7,COMMITTED,1000,1000,0,0,0,1698.178,0,null,"{""sourcePk"": ""56478"", ""businessDate"": ""1900-01-01T00:00:00.000000""}",,2026-08-31T10:59:16.125Z
tplus-kejia,INITIALIZATION,01a05775-1a6e-7146-a48c-dfac39054a4e,inventory,ST_NewCurrentStock,8,COMMITTED,1000,1000,0,0,0,1836.176,0,null,"{""sourcePk"": ""57787"", ""businessDate"": ""1900-01-01T00:00:00.000000""}",,2026-08-31T10:59:18.186Z
tplus-kejia,INITIALIZATION,01a05775-1a6e-7146-a48c-dfac39054a4e,inventory,ST_NewCurrentStock,9,COMMITTED,1000,1000,0,0,0,1818.205,0,null,"{""sourcePk"": ""59152"", ""businessDate"": ""1900-01-01T00:00:00.000000""}",,2026-08-31T10:59:20.219Z
tplus-kejia,INITIALIZATION,01a05775-1a6e-7146-a48c-dfac39054a4e,inventory,ST_NewCurrentStock,10,COMMITTED,1000,1000,0,0,0,1746.658,0,null,"{""sourcePk"": ""61404"", ""businessDate"": ""1900-01-01T00:00:00.000000""}",,2026-08-31T10:59:22.177Z
tplus-kejia,INITIALIZATION,01a05775-1a6e-7146-a48c-dfac39054a4e,inventory,ST_NewCurrentStock,11,COMMITTED,1000,1000,0,0,0,2196.556,0,null,"{""sourcePk"": ""62794"", ""businessDate"": ""1900-01-01T00:00:00.000000""}",,2026-08-31T10:59:24.574Z
tplus-kejia,INITIALIZATION,01a05775-1a6e-7146-a48c-dfac39054a4e,inventory,ST_NewCurrentStock,12,COMMITTED,1000,1000,0,0,0,1523.765,0,null,"{""sourcePk"": ""63900"", ""businessDate"": ""1900-01-01T00:00:00.000000""}",,2026-08-31T10:59:26.294Z
tplus-kejia,INITIALIZATION,01a05775-1a6e-7146-a48c-dfac39054a4e,inventory,ST_NewCurrentStock,13,COMMITTED,1000,1000,0,0,0,1913.086,0,null,"{""sourcePk"": ""65360"", ""businessDate"": ""1900-01-01T00:00:00.000000""}",,2026-08-31T10:59:28.407Z
tplus-kejia,INITIALIZATION,01a05775-1a6e-7146-a48c-dfac39054a4e,inventory,ST_NewCurrentStock,14,COMMITTED,1000,1000,0,0,0,1566.260,0,null,"{""sourcePk"": ""67091"", ""businessDate"": ""1900-01-01T00:00:00.000000""}",,2026-08-31T10:59:30.164Z
tplus-kejia,INITIALIZATION,01a05775-1a6e-7146-a48c-dfac39054a4e,inventory,ST_NewCurrentStock,15,COMMITTED,1000,1000,0,0,0,1702.989,0,null,"{""sourcePk"": ""68095"", ""businessDate"": ""1900-01-01T00:00:00.000000""}",,2026-08-31T10:59:32.074Z
tplus-kejia,INITIALIZATION,01a05775-1a6e-7146-a48c-dfac39054a4e,inventory,ST_NewCurrentStock,16,COMMITTED,1000,1000,0,0,0,1827.687,0,null,"{""sourcePk"": ""69106"", ""businessDate"": ""1900-01-01T00:00:00.000000""}",,2026-08-31T10:59:34.104Z
tplus-kejia,INITIALIZATION,01a05775-1a6e-7146-a48c-dfac39054a4e,inventory,ST_NewCurrentStock,17,COMMITTED,1000,1000,0,0,0,1711.510,0,null,"{""sourcePk"": ""70128"", ""businessDate"": ""1900-01-01T00:00:00.000000""}",,2026-08-31T10:59:36.032Z
tplus-kejia,INITIALIZATION,01a05775-1a6e-7146-a48c-dfac39054a4e,inventory,ST_NewCurrentStock,18,COMMITTED,1000,1000,0,0,0,1525.061,0,null,"{""sourcePk"": ""72015"", ""businessDate"": ""1900-01-01T00:00:00.000000""}",,2026-08-31T10:59:37.767Z
tplus-kejia,INITIALIZATION,01a05775-1a6e-7146-a48c-dfac39054a4e,inventory,ST_NewCurrentStock,19,COMMITTED,1000,1000,0,0,0,1549.996,0,null,"{""sourcePk"": ""74966"", ""businessDate"": ""1900-01-01T00:00:00.000000""}",,2026-08-31T10:59:39.544Z
tplus-kejia,INITIALIZATION,01a05775-1a6e-7146-a48c-dfac39054a4e,inventory,ST_NewCurrentStock,20,COMMITTED,1000,1000,0,0,0,1773.695,0,null,"{""sourcePk"": ""76470"", ""businessDate"": ""1900-01-01T00:00:00.000000""}",,2026-08-31T10:59:41.550Z
tplus-kejia,INITIALIZATION,01a05775-1a6e-7146-a48c-dfac39054a4e,inventory,ST_NewCurrentStock,21,COMMITTED,1000,1000,0,0,0,1718.228,0,null,"{""sourcePk"": ""78306"", ""businessDate"": ""1900-01-01T00:00:00.000000""}",,2026-08-31T10:59:43.478Z
tplus-kejia,INITIALIZATION,01a05775-1a6e-7146-a48c-dfac39054a4e,inventory,ST_NewCurrentStock,22,COMMITTED,1000,1000,0,0,0,1715.439,0,null,"{""sourcePk"": ""79959"", ""businessDate"": ""1900-01-01T00:00:00.000000""}",,2026-08-31T10:59:45.388Z
tplus-kejia,INITIALIZATION,01a05775-1a6e-7146-a48c-dfac39054a4e,inventory,ST_NewCurrentStock,23,COMMITTED,1000,1000,0,0,0,1714.840,0,null,"{""sourcePk"": ""81877"", ""businessDate"": ""1900-01-01T00:00:00.000000""}",,2026-08-31T10:59:47.275Z
tplus-kejia,INITIALIZATION,01a05775-1a6e-7146-a48c-dfac39054a4e,inventory,ST_NewCurrentStock,24,COMMITTED,1000,1000,0,0,0,1692.119,0,null,"{""sourcePk"": ""82999"", ""businessDate"": ""1900-01-01T00:00:00.000000""}",,2026-08-31T10:59:49.178Z
tplus-kejia,INITIALIZATION,01a05775-1a6e-7146-a48c-dfac39054a4e,inventory,ST_NewCurrentStock,25,COMMITTED,1000,1000,0,0,0,1675.862,0,null,"{""sourcePk"": ""84314"", ""businessDate"": ""1900-01-01T00:00:00.000000""}",,2026-08-31T10:59:51.062Z
tplus-kejia,INITIALIZATION,01a05775-1a6e-7146-a48c-dfac39054a4e,inventory,ST_NewCurrentStock,26,COMMITTED,1000,1000,0,0,0,1749.897,0,null,"{""sourcePk"": ""85548"", ""businessDate"": ""1900-01-01T00:00:00.000000""}",,2026-08-31T10:59:53.019Z
tplus-kejia,INITIALIZATION,01a05775-1a6e-7146-a48c-dfac39054a4e,inventory,ST_NewCurrentStock,27,COMMITTED,1000,1000,0,0,0,1740.019,0,null,"{""sourcePk"": ""86754"", ""businessDate"": ""1900-01-01T00:00:00.000000""}",,2026-08-31T10:59:54.973Z
tplus-kejia,INITIALIZATION,01a05775-1a6e-7146-a48c-dfac39054a4e,inventory,ST_NewCurrentStock,28,COMMITTED,1000,1000,0,0,0,1739.556,0,null,"{""sourcePk"": ""88462"", ""businessDate"": ""1900-01-01T00:00:00.000000""}",,2026-08-31T10:59:56.926Z
tplus-kejia,INITIALIZATION,01a05775-1a6e-7146-a48c-dfac39054a4e,inventory,ST_NewCurrentStock,29,COMMITTED,1000,1000,0,0,0,1903.596,0,null,"{""sourcePk"": ""90564"", ""businessDate"": ""1900-01-01T00:00:00.000000""}",,2026-08-31T10:59:59.048Z
tplus-kejia,INITIALIZATION,01a05775-1a6e-7146-a48c-dfac39054a4e,inventory,ST_NewCurrentStock,30,COMMITTED,1000,1000,0,0,0,1681.304,0,null,"{""sourcePk"": ""91821"", ""businessDate"": ""1900-01-01T00:00:00.000000""}",,2026-08-31T11:00:00.897Z
tplus-kejia,INITIALIZATION,01a05775-1a6e-7146-a48c-dfac39054a4e,inventory,ST_NewCurrentStock,31,COMMITTED,1000,1000,0,0,0,1674.943,0,null,"{""sourcePk"": ""92892"", ""businessDate"": ""1900-01-01T00:00:00.000000""}",,2026-08-31T11:00:02.743Z
tplus-kejia,INITIALIZATION,01a05775-1a6e-7146-a48c-dfac39054a4e,inventory,ST_NewCurrentStock,32,COMMITTED,1000,1000,0,0,0,2064.998,0,null,"{""sourcePk"": ""94040"", ""businessDate"": ""1900-01-01T00:00:00.000000""}",,2026-08-31T11:00:05.016Z
tplus-kejia,INITIALIZATION,01a05775-1a6e-7146-a48c-dfac39054a4e,inventory,ST_NewCurrentStock,33,COMMITTED,1000,1000,0,0,0,1802.968,0,null,"{""sourcePk"": ""96170"", ""businessDate"": ""1900-01-01T00:00:00.000000""}",,2026-08-31T11:00:07.029Z
tplus-kejia,INITIALIZATION,01a05775-1a6e-7146-a48c-dfac39054a4e,inventory,ST_NewCurrentStock,34,COMMITTED,1000,1000,0,0,0,1739.846,0,null,"{""sourcePk"": ""97415"", ""businessDate"": ""1900-01-01T00:00:00.000000""}",,2026-08-31T11:00:08.993Z
tplus-kejia,INITIALIZATION,01a05775-1a6e-7146-a48c-dfac39054a4e,inventory,ST_NewCurrentStock,35,COMMITTED,1000,1000,0,0,0,1699.844,0,null,"{""sourcePk"": ""98903"", ""businessDate"": ""1900-01-01T00:00:00.000000""}",,2026-08-31T11:00:10.902Z
tplus-kejia,INITIALIZATION,01a05775-1a6e-7146-a48c-dfac39054a4e,inventory,ST_NewCurrentStock,36,COMMITTED,1000,1000,0,0,0,2075.861,0,null,"{""sourcePk"": ""100459"", ""businessDate"": ""1900-01-01T00:00:00.000000""}",,2026-08-31T11:00:13.203Z
tplus-kejia,INITIALIZATION,01a05775-1a6e-7146-a48c-dfac39054a4e,inventory,ST_NewCurrentStock,37,COMMITTED,1000,1000,0,0,0,3388.410,0,null,"{""sourcePk"": ""101939"", ""businessDate"": ""1900-01-01T00:00:00.000000""}",,2026-08-31T11:00:16.801Z
tplus-kejia,INITIALIZATION,01a05775-1a6e-7146-a48c-dfac39054a4e,inventory,ST_NewCurrentStock,38,COMMITTED,1000,1000,0,0,0,1731.943,0,null,"{""sourcePk"": ""104674"", ""businessDate"": ""1900-01-01T00:00:00.000000""}",,2026-08-31T11:00:18.745Z
tplus-kejia,INITIALIZATION,01a05775-1a6e-7146-a48c-dfac39054a4e,inventory,ST_NewCurrentStock,39,COMMITTED,1000,1000,0,0,0,1832.912,0,null,"{""sourcePk"": ""107005"", ""businessDate"": ""1900-01-01T00:00:00.000000""}",,2026-08-31T11:00:20.784Z
tplus-kejia,INITIALIZATION,01a05775-1a6e-7146-a48c-dfac39054a4e,inventory,ST_NewCurrentStock,40,COMMITTED,1000,1000,0,0,0,1702.791,0,null,"{""sourcePk"": ""109585"", ""businessDate"": ""1900-01-01T00:00:00.000000""}",,2026-08-31T11:00:22.691Z
tplus-kejia,INITIALIZATION,01a05775-1a6e-7146-a48c-dfac39054a4e,inventory,ST_NewCurrentStock,41,COMMITTED,1000,1000,0,0,0,2241.250,0,null,"{""sourcePk"": ""112820"", ""businessDate"": ""1900-01-01T00:00:00.000000""}",,2026-08-31T11:00:25.149Z
tplus-kejia,INITIALIZATION,01a05775-1a6e-7146-a48c-dfac39054a4e,inventory,ST_NewCurrentStock,42,COMMITTED,1000,1000,0,0,0,2057.461,0,null,"{""sourcePk"": ""114673"", ""businessDate"": ""1900-01-01T00:00:00.000000""}",,2026-08-31T11:00:27.419Z
tplus-kejia,INITIALIZATION,01a05775-1a6e-7146-a48c-dfac39054a4e,inventory,ST_NewCurrentStock,43,COMMITTED,1000,1000,0,0,0,1838.785,0,null,"{""sourcePk"": ""116703"", ""businessDate"": ""1900-01-01T00:00:00.000000""}",,2026-08-31T11:00:29.478Z
tplus-kejia,INITIALIZATION,01a05775-1a6e-7146-a48c-dfac39054a4e,inventory,ST_NewCurrentStock,44,COMMITTED,1000,1000,0,0,0,1698.108,0,null,"{""sourcePk"": ""120326"", ""businessDate"": ""1900-01-01T00:00:00.000000""}",,2026-08-31T11:00:31.386Z
tplus-kejia,INITIALIZATION,01a05775-1a6e-7146-a48c-dfac39054a4e,inventory,ST_NewCurrentStock,45,COMMITTED,1000,1000,0,0,0,1745.323,0,null,"{""sourcePk"": ""123001"", ""businessDate"": ""1900-01-01T00:00:00.000000""}",,2026-08-31T11:00:33.344Z
tplus-kejia,INITIALIZATION,01a05775-1a6e-7146-a48c-dfac39054a4e,inventory,ST_NewCurrentStock,46,COMMITTED,1000,1000,0,0,0,1750.883,0,null,"{""sourcePk"": ""125221"", ""businessDate"": ""1900-01-01T00:00:00.000000""}",,2026-08-31T11:00:35.307Z
tplus-kejia,INITIALIZATION,01a05775-1a6e-7146-a48c-dfac39054a4e,inventory,ST_NewCurrentStock,47,COMMITTED,1000,1000,0,0,0,1829.757,0,null,"{""sourcePk"": ""127255"", ""businessDate"": ""1900-01-01T00:00:00.000000""}",,2026-08-31T11:00:37.338Z
tplus-kejia,INITIALIZATION,01a05775-1a6e-7146-a48c-dfac39054a4e,inventory,ST_NewCurrentStock,48,COMMITTED,1000,1000,0,0,0,1888.181,0,null,"{""sourcePk"": ""129100"", ""businessDate"": ""1900-01-01T00:00:00.000000""}",,2026-08-31T11:00:39.450Z
tplus-kejia,INITIALIZATION,01a05775-1a6e-7146-a48c-dfac39054a4e,inventory,ST_NewCurrentStock,49,COMMITTED,1000,1000,0,0,0,2228.719,0,null,"{""sourcePk"": ""130755"", ""businessDate"": ""1900-01-01T00:00:00.000000""}",,2026-08-31T11:00:41.889Z
tplus-kejia,INITIALIZATION,01a05775-1a6e-7146-a48c-dfac39054a4e,inventory,ST_NewCurrentStock,50,COMMITTED,1000,1000,0,0,0,1800.154,0,null,"{""sourcePk"": ""132295"", ""businessDate"": ""1900-01-01T00:00:00.000000""}",,2026-08-31T11:00:43.910Z
tplus-kejia,INITIALIZATION,01a05775-1a6e-7146-a48c-dfac39054a4e,inventory,ST_NewCurrentStock,51,COMMITTED,1000,1000,0,0,0,1692.182,0,null,"{""sourcePk"": ""133794"", ""businessDate"": ""1900-01-01T00:00:00.000000""}",,2026-08-31T11:00:45.817Z
tplus-kejia,INITIALIZATION,01a05775-1a6e-7146-a48c-dfac39054a4e,inventory,ST_NewCurrentStock,52,COMMITTED,1000,1000,0,0,0,1780.330,0,null,"{""sourcePk"": ""135473"", ""businessDate"": ""1900-01-01T00:00:00.000000""}",,2026-08-31T11:00:47.802Z
tplus-kejia,INITIALIZATION,01a05775-1a6e-7146-a48c-dfac39054a4e,inventory,ST_NewCurrentStock,53,COMMITTED,1000,1000,0,0,0,1468.523,0,null,"{""sourcePk"": ""137397"", ""businessDate"": ""1900-01-01T00:00:00.000000""}",,2026-08-31T11:00:49.461Z
tplus-kejia,INITIALIZATION,01a05775-1a6e-7146-a48c-dfac39054a4e,inventory,ST_NewCurrentStock,54,COMMITTED,1000,1000,0,0,0,1759.498,0,null,"{""sourcePk"": ""139581"", ""businessDate"": ""1900-01-01T00:00:00.000000""}",,2026-08-31T11:00:51.410Z
tplus-kejia,INITIALIZATION,01a05775-1a6e-7146-a48c-dfac39054a4e,inventory,ST_NewCurrentStock,55,COMMITTED,1000,1000,0,0,0,1806.037,0,null,"{""sourcePk"": ""141432"", ""businessDate"": ""1900-01-01T00:00:00.000000""}",,2026-08-31T11:00:53.420Z
tplus-kejia,INITIALIZATION,01a05775-1a6e-7146-a48c-dfac39054a4e,inventory,ST_NewCurrentStock,56,COMMITTED,1000,1000,0,0,0,1640.340,0,null,"{""sourcePk"": ""142923"", ""businessDate"": ""1900-01-01T00:00:00.000000""}",,2026-08-31T11:00:55.253Z
tplus-kejia,INITIALIZATION,01a05775-1a6e-7146-a48c-dfac39054a4e,inventory,ST_NewCurrentStock,57,COMMITTED,1000,1000,0,0,0,2423.966,0,null,"{""sourcePk"": ""145125"", ""businessDate"": ""1900-01-01T00:00:00.000000""}",,2026-08-31T11:00:57.888Z
tplus-kejia,INITIALIZATION,01a05775-1a6e-7146-a48c-dfac39054a4e,inventory,ST_NewCurrentStock,58,COMMITTED,1000,1000,0,0,0,2258.929,0,null,"{""sourcePk"": ""147462"", ""businessDate"": ""1900-01-01T00:00:00.000000""}",,2026-08-31T11:01:00.342Z
tplus-kejia,INITIALIZATION,01a05775-1a6e-7146-a48c-dfac39054a4e,inventory,ST_NewCurrentStock,59,COMMITTED,1000,1000,0,0,0,1574.375,0,null,"{""sourcePk"": ""150034"", ""businessDate"": ""1900-01-01T00:00:00.000000""}",,2026-08-31T11:01:02.104Z
tplus-kejia,INITIALIZATION,01a05775-1a6e-7146-a48c-dfac39054a4e,inventory,ST_NewCurrentStock,60,COMMITTED,1000,1000,0,0,0,1790.862,0,null,"{""sourcePk"": ""152380"", ""businessDate"": ""1900-01-01T00:00:00.000000""}",,2026-08-31T11:01:04.088Z
tplus-kejia,INITIALIZATION,01a05775-1a6e-7146-a48c-dfac39054a4e,inventory,ST_NewCurrentStock,61,COMMITTED,1000,1000,0,0,0,2098.131,0,null,"{""sourcePk"": ""154441"", ""businessDate"": ""1900-01-01T00:00:00.000000""}",,2026-08-31T11:01:06.382Z
tplus-kejia,INITIALIZATION,01a05775-1a6e-7146-a48c-dfac39054a4e,inventory,ST_NewCurrentStock,62,COMMITTED,1000,1000,0,0,0,3268.116,0,null,"{""sourcePk"": ""155889"", ""businessDate"": ""1900-01-01T00:00:00.000000""}",,2026-08-31T11:01:09.860Z
tplus-kejia,INITIALIZATION,01a05775-1a6e-7146-a48c-dfac39054a4e,inventory,ST_NewCurrentStock,63,COMMITTED,1000,1000,0,0,0,1834.904,0,null,"{""sourcePk"": ""158149"", ""businessDate"": ""1900-01-01T00:00:00.000000""}",,2026-08-31T11:01:11.913Z
tplus-kejia,INITIALIZATION,01a05775-1a6e-7146-a48c-dfac39054a4e,inventory,ST_NewCurrentStock,64,COMMITTED,1000,1000,0,0,0,1766.047,0,null,"{""sourcePk"": ""159983"", ""businessDate"": ""1900-01-01T00:00:00.000000""}",,2026-08-31T11:01:13.888Z
tplus-kejia,INITIALIZATION,01a05775-1a6e-7146-a48c-dfac39054a4e,inventory,ST_NewCurrentStock,65,COMMITTED,1000,1000,0,0,0,1766.254,0,null,"{""sourcePk"": ""161486"", ""businessDate"": ""1900-01-01T00:00:00.000000""}",,2026-08-31T11:01:15.850Z
tplus-kejia,INITIALIZATION,01a05775-1a6e-7146-a48c-dfac39054a4e,inventory,ST_NewCurrentStock,66,COMMITTED,1000,1000,0,0,0,1791.085,0,null,"{""sourcePk"": ""162958"", ""businessDate"": ""1900-01-01T00:00:00.000000""}",,2026-08-31T11:01:17.836Z
tplus-kejia,INITIALIZATION,01a05775-1a6e-7146-a48c-dfac39054a4e,inventory,ST_NewCurrentStock,67,COMMITTED,1000,1000,0,0,0,1968.048,0,null,"{""sourcePk"": ""164289"", ""businessDate"": ""1900-01-01T00:00:00.000000""}",,2026-08-31T11:01:19.993Z
tplus-kejia,INITIALIZATION,01a05775-1a6e-7146-a48c-dfac39054a4e,inventory,ST_NewCurrentStock,68,COMMITTED,1000,1000,0,0,0,1943.401,0,null,"{""sourcePk"": ""166017"", ""businessDate"": ""1900-01-01T00:00:00.000000""}",,2026-08-31T11:01:22.139Z
tplus-kejia,INITIALIZATION,01a05775-1a6e-7146-a48c-dfac39054a4e,inventory,ST_NewCurrentStock,69,COMMITTED,1000,1000,0,0,0,1921.284,0,null,"{""sourcePk"": ""167855"", ""businessDate"": ""1900-01-01T00:00:00.000000""}",,2026-08-31T11:01:24.255Z
tplus-kejia,INITIALIZATION,01a05775-1a6e-7146-a48c-dfac39054a4e,inventory,ST_NewCurrentStock,70,COMMITTED,1000,1000,0,0,0,1595.321,0,null,"{""sourcePk"": ""169142"", ""businessDate"": ""1900-01-01T00:00:00.000000""}",,2026-08-31T11:01:26.033Z
tplus-kejia,INITIALIZATION,01a05775-1a6e-7146-a48c-dfac39054a4e,inventory,ST_NewCurrentStock,71,COMMITTED,1000,1000,0,0,0,1752.031,0,null,"{""sourcePk"": ""170346"", ""businessDate"": ""1900-01-01T00:00:00.000000""}",,2026-08-31T11:01:27.998Z
tplus-kejia,INITIALIZATION,01a05775-1a6e-7146-a48c-dfac39054a4e,inventory,ST_NewCurrentStock,72,COMMITTED,1000,1000,0,0,0,1603.537,0,null,"{""sourcePk"": ""171606"", ""businessDate"": ""1900-01-01T00:00:00.000000""}",,2026-08-31T11:01:29.808Z
tplus-kejia,INITIALIZATION,01a05775-1a6e-7146-a48c-dfac39054a4e,inventory,ST_NewCurrentStock,73,COMMITTED,1000,1000,0,0,0,1763.436,0,null,"{""sourcePk"": ""173586"", ""businessDate"": ""1900-01-01T00:00:00.000000""}",,2026-08-31T11:01:31.772Z
tplus-kejia,INITIALIZATION,01a05775-1a6e-7146-a48c-dfac39054a4e,inventory,ST_NewCurrentStock,74,COMMITTED,1000,1000,0,0,0,1622.600,0,null,"{""sourcePk"": ""175299"", ""businessDate"": ""1900-01-01T00:00:00.000000""}",,2026-08-31T11:01:33.590Z
tplus-kejia,INITIALIZATION,01a05775-1a6e-7146-a48c-dfac39054a4e,inventory,ST_NewCurrentStock,75,COMMITTED,1000,1000,0,0,0,1729.028,0,null,"{""sourcePk"": ""176997"", ""businessDate"": ""1900-01-01T00:00:00.000000""}",,2026-08-31T11:01:35.529Z
tplus-kejia,INITIALIZATION,01a05775-1a6e-7146-a48c-dfac39054a4e,inventory,ST_NewCurrentStock,76,COMMITTED,1000,1000,0,0,0,1882.070,0,null,"{""sourcePk"": ""178231"", ""businessDate"": ""1900-01-01T00:00:00.000000""}",,2026-08-31T11:01:37.624Z
tplus-kejia,INITIALIZATION,01a05775-1a6e-7146-a48c-dfac39054a4e,inventory,ST_NewCurrentStock,77,COMMITTED,1000,1000,0,0,0,1728.332,0,null,"{""sourcePk"": ""180235"", ""businessDate"": ""1900-01-01T00:00:00.000000""}",,2026-08-31T11:01:39.567Z
tplus-kejia,INITIALIZATION,01a05775-1a6e-7146-a48c-dfac39054a4e,inventory,ST_NewCurrentStock,78,COMMITTED,1000,1000,0,0,0,3014.006,0,null,"{""sourcePk"": ""181634"", ""businessDate"": ""1900-01-01T00:00:00.000000""}",,2026-08-31T11:01:42.804Z
tplus-kejia,INITIALIZATION,01a05775-1a6e-7146-a48c-dfac39054a4e,inventory,ST_NewCurrentStock,79,COMMITTED,1000,1000,0,0,0,1864.270,0,null,"{""sourcePk"": ""182685"", ""businessDate"": ""1900-01-01T00:00:00.000000""}",,2026-08-31T11:01:44.881Z
tplus-kejia,INITIALIZATION,01a05775-1a6e-7146-a48c-dfac39054a4e,inventory,ST_NewCurrentStock,80,COMMITTED,1000,1000,0,0,0,2247.425,0,null,"{""sourcePk"": ""184448"", ""businessDate"": ""1900-01-01T00:00:00.000000""}",,2026-08-31T11:01:47.339Z
tplus-kejia,INITIALIZATION,01a05775-1a6e-7146-a48c-dfac39054a4e,inventory,ST_NewCurrentStock,81,COMMITTED,1000,1000,0,0,0,1541.163,0,null,"{""sourcePk"": ""185586"", ""businessDate"": ""1900-01-01T00:00:00.000000""}",,2026-08-31T11:01:49.092Z
tplus-kejia,INITIALIZATION,01a05775-1a6e-7146-a48c-dfac39054a4e,inventory,ST_NewCurrentStock,82,COMMITTED,1000,1000,0,0,0,1722.672,0,null,"{""sourcePk"": ""186628"", ""businessDate"": ""1900-01-01T00:00:00.000000""}",,2026-08-31T11:01:51.025Z
tplus-kejia,INITIALIZATION,01a05775-1a6e-7146-a48c-dfac39054a4e,inventory,ST_NewCurrentStock,83,COMMITTED,1000,1000,0,0,0,1754.307,0,null,"{""sourcePk"": ""188185"", ""businessDate"": ""1900-01-01T00:00:00.000000""}",,2026-08-31T11:01:52.989Z
tplus-kejia,INITIALIZATION,01a05775-1a6e-7146-a48c-dfac39054a4e,inventory,ST_NewCurrentStock,84,COMMITTED,1000,1000,0,0,0,1954.618,0,null,"{""sourcePk"": ""189613"", ""businessDate"": ""1900-01-01T00:00:00.000000""}",,2026-08-31T11:01:55.151Z
tplus-kejia,INITIALIZATION,01a05775-1a6e-7146-a48c-dfac39054a4e,inventory,ST_NewCurrentStock,85,COMMITTED,1000,1000,0,0,0,1715.235,0,null,"{""sourcePk"": ""190949"", ""businessDate"": ""1900-01-01T00:00:00.000000""}",,2026-08-31T11:01:57.093Z
tplus-kejia,INITIALIZATION,01a05775-1a6e-7146-a48c-dfac39054a4e,inventory,ST_NewCurrentStock,86,COMMITTED,1000,1000,0,0,0,1754.424,0,null,"{""sourcePk"": ""192569"", ""businessDate"": ""1900-01-01T00:00:00.000000""}",,2026-08-31T11:01:59.064Z
tplus-kejia,INITIALIZATION,01a05775-1a6e-7146-a48c-dfac39054a4e,inventory,ST_NewCurrentStock,87,COMMITTED,1000,1000,0,0,0,1562.156,0,null,"{""sourcePk"": ""193786"", ""businessDate"": ""1900-01-01T00:00:00.000000""}",,2026-08-31T11:02:00.835Z
tplus-kejia,INITIALIZATION,01a05775-1a6e-7146-a48c-dfac39054a4e,inventory,ST_NewCurrentStock,88,COMMITTED,1000,1000,0,0,0,1626.379,0,null,"{""sourcePk"": ""194793"", ""businessDate"": ""1900-01-01T00:00:00.000000""}",,2026-08-31T11:02:02.642Z
tplus-kejia,INITIALIZATION,01a05775-1a6e-7146-a48c-dfac39054a4e,inventory,ST_NewCurrentStock,89,COMMITTED,1000,1000,0,0,0,1707.813,0,null,"{""sourcePk"": ""195844"", ""businessDate"": ""1900-01-01T00:00:00.000000""}",,2026-08-31T11:02:04.566Z
tplus-kejia,INITIALIZATION,01a05775-1a6e-7146-a48c-dfac39054a4e,inventory,ST_NewCurrentStock,90,COMMITTED,1000,1000,0,0,0,1643.246,0,null,"{""sourcePk"": ""196975"", ""businessDate"": ""1900-01-01T00:00:00.000000""}",,2026-08-31T11:02:06.419Z
tplus-kejia,INITIALIZATION,01a05775-1a6e-7146-a48c-dfac39054a4e,inventory,ST_NewCurrentStock,91,COMMITTED,1000,1000,0,0,0,1632.647,0,null,"{""sourcePk"": ""198616"", ""businessDate"": ""1900-01-01T00:00:00.000000""}",,2026-08-31T11:02:08.260Z
tplus-kejia,INITIALIZATION,01a05775-1a6e-7146-a48c-dfac39054a4e,inventory,ST_NewCurrentStock,92,COMMITTED,1000,1000,0,0,0,1704.240,0,null,"{""sourcePk"": ""199992"", ""businessDate"": ""1900-01-01T00:00:00.000000""}",,2026-08-31T11:02:10.171Z
tplus-kejia,INITIALIZATION,01a05775-1a6e-7146-a48c-dfac39054a4e,inventory,ST_NewCurrentStock,93,COMMITTED,569,569,0,0,0,1993.166,0,null,"{""sourcePk"": ""200594"", ""businessDate"": ""1900-01-01T00:00:00.000000""}",,2026-08-31T11:02:12.350Z
tplus-kejia,INITIALIZATION,01a05775-1a6e-7146-a48c-dfac39054a4e,order_detail,SA_SaleOrder_b,1,COMMITTED,1000,1000,0,0,0,3053.929,0,null,"{""sourcePk"": ""815"", ""businessDate"": ""2025-07-22T00:00:00.000000""}",,2026-08-31T10:54:53.982Z
tplus-kejia,INITIALIZATION,01a05775-1a6e-7146-a48c-dfac39054a4e,order_detail,SA_SaleOrder_b,2,COMMITTED,1000,1000,0,0,0,2302.064,0,null,"{""sourcePk"": ""1934"", ""businessDate"": ""2025-08-23T00:00:00.000000""}",,2026-08-31T10:54:56.516Z
tplus-kejia,INITIALIZATION,01a05775-1a6e-7146-a48c-dfac39054a4e,order_detail,SA_SaleOrder_b,3,COMMITTED,1000,1000,0,0,0,1906.621,0,null,"{""sourcePk"": ""3298"", ""businessDate"": ""2025-09-09T00:00:00.000000""}",,2026-08-31T10:54:58.648Z
tplus-kejia,INITIALIZATION,01a05775-1a6e-7146-a48c-dfac39054a4e,order_detail,SA_SaleOrder_b,4,COMMITTED,1000,1000,0,0,0,2063.724,0,null,"{""sourcePk"": ""4722"", ""businessDate"": ""2025-10-11T00:00:00.000000""}",,2026-08-31T10:55:00.931Z
tplus-kejia,INITIALIZATION,01a05775-1a6e-7146-a48c-dfac39054a4e,order_detail,SA_SaleOrder_b,5,COMMITTED,1000,1000,0,0,0,2099.296,0,null,"{""sourcePk"": ""5655"", ""businessDate"": ""2025-11-06T00:00:00.000000""}",,2026-08-31T10:55:03.259Z
tplus-kejia,INITIALIZATION,01a05775-1a6e-7146-a48c-dfac39054a4e,order_detail,SA_SaleOrder_b,6,COMMITTED,1000,1000,0,0,0,2047.268,0,null,"{""sourcePk"": ""6949"", ""businessDate"": ""2025-12-05T00:00:00.000000""}",,2026-08-31T10:55:05.538Z
tplus-kejia,INITIALIZATION,01a05775-1a6e-7146-a48c-dfac39054a4e,order_detail,SA_SaleOrder_b,7,COMMITTED,1000,1000,0,0,0,2009.273,0,null,"{""sourcePk"": ""7987"", ""businessDate"": ""2025-12-30T00:00:00.000000""}",,2026-08-31T10:55:07.779Z
tplus-kejia,INITIALIZATION,01a05775-1a6e-7146-a48c-dfac39054a4e,order_detail,SA_SaleOrder_b,8,COMMITTED,1000,1000,0,0,0,2098.397,0,null,"{""sourcePk"": ""9155"", ""businessDate"": ""2026-01-21T00:00:00.000000""}",,2026-08-31T10:55:10.108Z
tplus-kejia,INITIALIZATION,01a05775-1a6e-7146-a48c-dfac39054a4e,order_detail,SA_SaleOrder_b,9,COMMITTED,1000,1000,0,0,0,2005.268,0,null,"{""sourcePk"": ""10157"", ""businessDate"": ""2026-03-05T00:00:00.000000""}",,2026-08-31T10:55:12.352Z
tplus-kejia,INITIALIZATION,01a05775-1a6e-7146-a48c-dfac39054a4e,order_detail,SA_SaleOrder_b,10,COMMITTED,1000,1000,0,0,0,1933.304,0,null,"{""sourcePk"": ""11522"", ""businessDate"": ""2026-04-04T00:00:00.000000""}",,2026-08-31T10:55:14.535Z
tplus-kejia,INITIALIZATION,01a05775-1a6e-7146-a48c-dfac39054a4e,order_detail,SA_SaleOrder_b,11,COMMITTED,1000,1000,0,0,0,2007.669,0,null,"{""sourcePk"": ""12771"", ""businessDate"": ""2026-04-28T00:00:00.000000""}",,2026-08-31T10:55:16.762Z
tplus-kejia,INITIALIZATION,01a05775-1a6e-7146-a48c-dfac39054a4e,order_detail,SA_SaleOrder_b,12,COMMITTED,1000,1000,0,0,0,1861.753,0,null,"{""sourcePk"": ""14074"", ""businessDate"": ""2026-05-26T00:00:00.000000""}",,2026-08-31T10:55:18.854Z
tplus-kejia,INITIALIZATION,01a05775-1a6e-7146-a48c-dfac39054a4e,order_detail,SA_SaleOrder_b,13,COMMITTED,1000,1000,0,0,0,1962.512,0,null,"{""sourcePk"": ""16267"", ""businessDate"": ""2026-06-02T00:00:00.000000""}",,2026-08-31T10:55:21.044Z
tplus-kejia,INITIALIZATION,01a05775-1a6e-7146-a48c-dfac39054a4e,order_detail,SA_SaleOrder_b,14,COMMITTED,1000,1000,0,0,0,1842.033,0,null,"{""sourcePk"": ""16460"", ""businessDate"": ""2026-06-18T00:00:00.000000""}",,2026-08-31T10:55:23.117Z
tplus-kejia,INITIALIZATION,01a05775-1a6e-7146-a48c-dfac39054a4e,order_detail,SA_SaleOrder_b,15,COMMITTED,1000,1000,0,0,0,1867.305,0,null,"{""sourcePk"": ""17481"", ""businessDate"": ""2026-07-02T00:00:00.000000""}",,2026-08-31T10:55:25.208Z
tplus-kejia,INITIALIZATION,01a05775-1a6e-7146-a48c-dfac39054a4e,order_detail,SA_SaleOrder_b,16,COMMITTED,1000,1000,0,0,0,1898.834,0,null,"{""sourcePk"": ""18832"", ""businessDate"": ""2026-07-27T00:00:00.000000""}",,2026-08-31T10:55:27.337Z
tplus-kejia,INITIALIZATION,01a05775-1a6e-7146-a48c-dfac39054a4e,order_detail,SA_SaleOrder_b,17,COMMITTED,1000,1000,0,0,0,1843.233,0,null,"{""sourcePk"": ""20141"", ""businessDate"": ""2026-08-14T00:00:00.000000""}",,2026-08-31T10:55:29.422Z
tplus-kejia,INITIALIZATION,01a05775-1a6e-7146-a48c-dfac39054a4e,order_detail,SA_SaleOrder_b,18,COMMITTED,506,506,0,0,0,2299.770,0,null,"{""sourcePk"": ""20649"", ""businessDate"": ""2026-08-29T00:00:00.000000""}",,2026-08-31T10:55:31.914Z
tplus-kejia,INITIALIZATION,01a05775-1a6e-7146-a48c-dfac39054a4e,order_header,SA_SaleOrder,1,COMMITTED,1000,1000,0,0,0,1879.930,0,null,"{""sourcePk"": ""1120"", ""businessDate"": ""2026-06-08T00:00:00.000000""}",,2026-08-31T10:54:49.385Z
tplus-kejia,INITIALIZATION,01a05775-1a6e-7146-a48c-dfac39054a4e,order_header,SA_SaleOrder,2,COMMITTED,205,205,0,0,0,1232.525,0,null,"{""sourcePk"": ""1365"", ""businessDate"": ""2026-08-29T00:00:00.000000""}",,2026-08-31T10:54:50.804Z
tplus-kejia,INITIALIZATION,01a05775-1a6e-7146-a48c-dfac39054a4e,outbound_detail,ST_RDRecord_b,1,COMMITTED,1000,1000,0,0,0,2365.365,0,null,"{""sourcePk"": ""27191"", ""businessDate"": ""2025-06-10T00:00:00.000000""}",,2026-08-31T10:55:34.448Z
tplus-kejia,INITIALIZATION,01a05775-1a6e-7146-a48c-dfac39054a4e,outbound_detail,ST_RDRecord_b,2,COMMITTED,1000,1000,0,0,0,2517.545,0,null,"{""sourcePk"": ""28338"", ""businessDate"": ""2025-06-27T00:00:00.000000""}",,2026-08-31T10:55:37.195Z
tplus-kejia,INITIALIZATION,01a05775-1a6e-7146-a48c-dfac39054a4e,outbound_detail,ST_RDRecord_b,3,COMMITTED,1000,1000,0,0,0,1840.960,0,null,"{""sourcePk"": ""15943"", ""businessDate"": ""2025-07-24T00:00:00.000000""}",,2026-08-31T10:55:39.262Z
tplus-kejia,INITIALIZATION,01a05775-1a6e-7146-a48c-dfac39054a4e,outbound_detail,ST_RDRecord_b,4,COMMITTED,1000,1000,0,0,0,2193.140,0,null,"{""sourcePk"": ""29805"", ""businessDate"": ""2025-08-07T00:00:00.000000""}",,2026-08-31T10:55:41.685Z
tplus-kejia,INITIALIZATION,01a05775-1a6e-7146-a48c-dfac39054a4e,outbound_detail,ST_RDRecord_b,5,COMMITTED,1000,1000,0,0,0,2472.791,0,null,"{""sourcePk"": ""30839"", ""businessDate"": ""2025-08-16T00:00:00.000000""}",,2026-08-31T10:55:44.386Z
tplus-kejia,INITIALIZATION,01a05775-1a6e-7146-a48c-dfac39054a4e,outbound_detail,ST_RDRecord_b,6,COMMITTED,1000,1000,0,0,0,1921.551,0,null,"{""sourcePk"": ""31617"", ""businessDate"": ""2025-09-03T00:00:00.000000""}",,2026-08-31T10:55:46.528Z
tplus-kejia,INITIALIZATION,01a05775-1a6e-7146-a48c-dfac39054a4e,outbound_detail,ST_RDRecord_b,7,COMMITTED,1000,1000,0,0,0,1965.401,0,null,"{""sourcePk"": ""32346"", ""businessDate"": ""2025-09-05T00:00:00.000000""}",,2026-08-31T10:55:48.728Z
tplus-kejia,INITIALIZATION,01a05775-1a6e-7146-a48c-dfac39054a4e,outbound_detail,ST_RDRecord_b,8,COMMITTED,1000,1000,0,0,0,1972.070,0,null,"{""sourcePk"": ""42738"", ""businessDate"": ""2025-09-22T00:00:00.000000""}",,2026-08-31T10:55:50.934Z
tplus-kejia,INITIALIZATION,01a05775-1a6e-7146-a48c-dfac39054a4e,outbound_detail,ST_RDRecord_b,9,COMMITTED,1000,1000,0,0,0,2198.783,0,null,"{""sourcePk"": ""33187"", ""businessDate"": ""2025-10-07T00:00:00.000000""}",,2026-08-31T10:55:53.343Z
tplus-kejia,INITIALIZATION,01a05775-1a6e-7146-a48c-dfac39054a4e,outbound_detail,ST_RDRecord_b,10,COMMITTED,1000,1000,0,0,0,2010.751,0,null,"{""sourcePk"": ""43298"", ""businessDate"": ""2025-10-08T00:00:00.000000""}",,2026-08-31T10:55:55.574Z
tplus-kejia,INITIALIZATION,01a05775-1a6e-7146-a48c-dfac39054a4e,outbound_detail,ST_RDRecord_b,11,COMMITTED,1000,1000,0,0,0,1982.919,0,null,"{""sourcePk"": ""34413"", ""businessDate"": ""2025-10-16T00:00:00.000000""}",,2026-08-31T10:55:57.797Z
tplus-kejia,INITIALIZATION,01a05775-1a6e-7146-a48c-dfac39054a4e,outbound_detail,ST_RDRecord_b,12,COMMITTED,1000,1000,0,0,0,1976.602,0,null,"{""sourcePk"": ""12894"", ""businessDate"": ""2025-10-28T00:00:00.000000""}",,2026-08-31T10:56:00.021Z
tplus-kejia,INITIALIZATION,01a05775-1a6e-7146-a48c-dfac39054a4e,outbound_detail,ST_RDRecord_b,13,COMMITTED,1000,1000,0,0,0,2369.878,0,null,"{""sourcePk"": ""60947"", ""businessDate"": ""2025-10-30T00:00:00.000000""}",,2026-08-31T10:56:02.606Z
tplus-kejia,INITIALIZATION,01a05775-1a6e-7146-a48c-dfac39054a4e,outbound_detail,ST_RDRecord_b,14,COMMITTED,1000,1000,0,0,0,2137.124,0,null,"{""sourcePk"": ""41201"", ""businessDate"": ""2025-11-13T00:00:00.000000""}",,2026-08-31T10:56:04.966Z
tplus-kejia,INITIALIZATION,01a05775-1a6e-7146-a48c-dfac39054a4e,outbound_detail,ST_RDRecord_b,15,COMMITTED,1000,1000,0,0,0,2124.524,0,null,"{""sourcePk"": ""49803"", ""businessDate"": ""2025-11-21T00:00:00.000000""}",,2026-08-31T10:56:07.316Z
tplus-kejia,INITIALIZATION,01a05775-1a6e-7146-a48c-dfac39054a4e,outbound_detail,ST_RDRecord_b,16,COMMITTED,1000,1000,0,0,0,2465.154,0,null,"{""sourcePk"": ""52229"", ""businessDate"": ""2025-12-05T00:00:00.000000""}",,2026-08-31T10:56:10.005Z
tplus-kejia,INITIALIZATION,01a05775-1a6e-7146-a48c-dfac39054a4e,outbound_detail,ST_RDRecord_b,17,COMMITTED,1000,1000,0,0,0,1752.921,0,null,"{""sourcePk"": ""25740"", ""businessDate"": ""2025-12-09T00:00:00.000000""}",,2026-08-31T10:56:11.972Z
tplus-kejia,INITIALIZATION,01a05775-1a6e-7146-a48c-dfac39054a4e,outbound_detail,ST_RDRecord_b,18,COMMITTED,1000,1000,0,0,0,1864.108,0,null,"{""sourcePk"": ""53139"", ""businessDate"": ""2025-12-09T00:00:00.000000""}",,2026-08-31T10:56:14.054Z
tplus-kejia,INITIALIZATION,01a05775-1a6e-7146-a48c-dfac39054a4e,outbound_detail,ST_RDRecord_b,19,COMMITTED,1000,1000,0,0,0,1846.398,0,null,"{""sourcePk"": ""34861"", ""businessDate"": ""2025-12-18T00:00:00.000000""}",,2026-08-31T10:56:16.135Z
tplus-kejia,INITIALIZATION,01a05775-1a6e-7146-a48c-dfac39054a4e,outbound_detail,ST_RDRecord_b,20,COMMITTED,1000,1000,0,0,0,2054.923,0,null,"{""sourcePk"": ""25751"", ""businessDate"": ""2025-12-30T00:00:00.000000""}",,2026-08-31T10:56:18.409Z
tplus-kejia,INITIALIZATION,01a05775-1a6e-7146-a48c-dfac39054a4e,outbound_detail,ST_RDRecord_b,21,COMMITTED,1000,1000,0,0,0,1990.161,0,null,"{""sourcePk"": ""52066"", ""businessDate"": ""2026-01-04T00:00:00.000000""}",,2026-08-31T10:56:20.625Z
tplus-kejia,INITIALIZATION,01a05775-1a6e-7146-a48c-dfac39054a4e,outbound_detail,ST_RDRecord_b,22,COMMITTED,1000,1000,0,0,0,2069.913,0,null,"{""sourcePk"": ""58878"", ""businessDate"": ""2026-01-15T00:00:00.000000""}",,2026-08-31T10:56:22.921Z
tplus-kejia,INITIALIZATION,01a05775-1a6e-7146-a48c-dfac39054a4e,outbound_detail,ST_RDRecord_b,23,COMMITTED,1000,1000,0,0,0,2033.632,0,null,"{""sourcePk"": ""54714"", ""businessDate"": ""2026-01-16T00:00:00.000000""}",,2026-08-31T10:56:25.180Z
tplus-kejia,INITIALIZATION,01a05775-1a6e-7146-a48c-dfac39054a4e,outbound_detail,ST_RDRecord_b,24,COMMITTED,1000,1000,0,0,0,1724.779,0,null,"{""sourcePk"": ""57540"", ""businessDate"": ""2026-01-19T00:00:00.000000""}",,2026-08-31T10:56:27.127Z
tplus-kejia,INITIALIZATION,01a05775-1a6e-7146-a48c-dfac39054a4e,outbound_detail,ST_RDRecord_b,25,COMMITTED,1000,1000,0,0,0,1805.519,0,null,"{""sourcePk"": ""74980"", ""businessDate"": ""2026-01-29T00:00:00.000000""}",,2026-08-31T10:56:29.150Z
tplus-kejia,INITIALIZATION,01a05775-1a6e-7146-a48c-dfac39054a4e,outbound_detail,ST_RDRecord_b,26,COMMITTED,1000,1000,0,0,0,1706.026,0,null,"{""sourcePk"": ""63749"", ""businessDate"": ""2026-01-31T00:00:00.000000""}",,2026-08-31T10:56:31.088Z
tplus-kejia,INITIALIZATION,01a05775-1a6e-7146-a48c-dfac39054a4e,outbound_detail,ST_RDRecord_b,27,COMMITTED,1000,1000,0,0,0,2741.447,0,null,"{""sourcePk"": ""66560"", ""businessDate"": ""2026-02-12T00:00:00.000000""}",,2026-08-31T10:56:34.035Z
tplus-kejia,INITIALIZATION,01a05775-1a6e-7146-a48c-dfac39054a4e,outbound_detail,ST_RDRecord_b,28,COMMITTED,1000,1000,0,0,0,1824.474,0,null,"{""sourcePk"": ""60430"", ""businessDate"": ""2026-02-27T00:00:00.000000""}",,2026-08-31T10:56:36.078Z
tplus-kejia,INITIALIZATION,01a05775-1a6e-7146-a48c-dfac39054a4e,outbound_detail,ST_RDRecord_b,29,COMMITTED,1000,1000,0,0,0,1628.328,0,null,"{""sourcePk"": ""63353"", ""businessDate"": ""2026-02-28T00:00:00.000000""}",,2026-08-31T10:56:37.932Z
tplus-kejia,INITIALIZATION,01a05775-1a6e-7146-a48c-dfac39054a4e,outbound_detail,ST_RDRecord_b,30,COMMITTED,1000,1000,0,0,0,1777.176,0,null,"{""sourcePk"": ""64319"", ""businessDate"": ""2026-03-09T00:00:00.000000""}",,2026-08-31T10:56:39.922Z
tplus-kejia,INITIALIZATION,01a05775-1a6e-7146-a48c-dfac39054a4e,outbound_detail,ST_RDRecord_b,31,COMMITTED,1000,1000,0,0,0,1878.877,0,null,"{""sourcePk"": ""71047"", ""businessDate"": ""2026-03-19T00:00:00.000000""}",,2026-08-31T10:56:42.015Z
tplus-kejia,INITIALIZATION,01a05775-1a6e-7146-a48c-dfac39054a4e,outbound_detail,ST_RDRecord_b,32,COMMITTED,1000,1000,0,0,0,1821.374,0,null,"{""sourcePk"": ""74445"", ""businessDate"": ""2026-03-27T00:00:00.000000""}",,2026-08-31T10:56:44.060Z
tplus-kejia,INITIALIZATION,01a05775-1a6e-7146-a48c-dfac39054a4e,outbound_detail,ST_RDRecord_b,33,COMMITTED,1000,1000,0,0,0,1663.492,0,null,"{""sourcePk"": ""69795"", ""businessDate"": ""2026-04-01T00:00:00.000000""}",,2026-08-31T10:56:45.966Z
tplus-kejia,INITIALIZATION,01a05775-1a6e-7146-a48c-dfac39054a4e,outbound_detail,ST_RDRecord_b,34,COMMITTED,1000,1000,0,0,0,1833.464,0,null,"{""sourcePk"": ""73331"", ""businessDate"": ""2026-04-04T00:00:00.000000""}",,2026-08-31T10:56:48.013Z
tplus-kejia,INITIALIZATION,01a05775-1a6e-7146-a48c-dfac39054a4e,outbound_detail,ST_RDRecord_b,35,COMMITTED,1000,1000,0,0,0,1882.540,0,null,"{""sourcePk"": ""89817"", ""businessDate"": ""2026-04-08T00:00:00.000000""}",,2026-08-31T10:56:50.133Z
tplus-kejia,INITIALIZATION,01a05775-1a6e-7146-a48c-dfac39054a4e,outbound_detail,ST_RDRecord_b,36,COMMITTED,1000,1000,0,0,0,1877.560,0,null,"{""sourcePk"": ""83950"", ""businessDate"": ""2026-04-15T00:00:00.000000""}",,2026-08-31T10:56:52.228Z
tplus-kejia,INITIALIZATION,01a05775-1a6e-7146-a48c-dfac39054a4e,outbound_detail,ST_RDRecord_b,37,COMMITTED,1000,1000,0,0,0,2092.039,0,null,"{""sourcePk"": ""83903"", ""businessDate"": ""2026-04-22T00:00:00.000000""}",,2026-08-31T10:56:54.546Z
tplus-kejia,INITIALIZATION,01a05775-1a6e-7146-a48c-dfac39054a4e,outbound_detail,ST_RDRecord_b,38,COMMITTED,1000,1000,0,0,0,1776.768,0,null,"{""sourcePk"": ""85758"", ""businessDate"": ""2026-04-24T00:00:00.000000""}",,2026-08-31T10:56:56.552Z
tplus-kejia,INITIALIZATION,01a05775-1a6e-7146-a48c-dfac39054a4e,outbound_detail,ST_RDRecord_b,39,COMMITTED,1000,1000,0,0,0,1748.819,0,null,"{""sourcePk"": ""90291"", ""businessDate"": ""2026-05-06T00:00:00.000000""}",,2026-08-31T10:56:58.525Z
tplus-kejia,INITIALIZATION,01a05775-1a6e-7146-a48c-dfac39054a4e,outbound_detail,ST_RDRecord_b,40,COMMITTED,1000,1000,0,0,0,1848.354,0,null,"{""sourcePk"": ""85694"", ""businessDate"": ""2026-05-11T00:00:00.000000""}",,2026-08-31T10:57:00.609Z
tplus-kejia,INITIALIZATION,01a05775-1a6e-7146-a48c-dfac39054a4e,outbound_detail,ST_RDRecord_b,41,COMMITTED,1000,1000,0,0,0,2090.802,0,null,"{""sourcePk"": ""90589"", ""businessDate"": ""2026-05-19T00:00:00.000000""}",,2026-08-31T10:57:02.915Z
tplus-kejia,INITIALIZATION,01a05775-1a6e-7146-a48c-dfac39054a4e,outbound_detail,ST_RDRecord_b,42,COMMITTED,1000,1000,0,0,0,1705.686,0,null,"{""sourcePk"": ""92877"", ""businessDate"": ""2026-05-26T00:00:00.000000""}",,2026-08-31T10:57:04.844Z
tplus-kejia,INITIALIZATION,01a05775-1a6e-7146-a48c-dfac39054a4e,outbound_detail,ST_RDRecord_b,43,COMMITTED,1000,1000,0,0,0,2136.882,0,null,"{""sourcePk"": ""109923"", ""businessDate"": ""2026-05-28T00:00:00.000000""}",,2026-08-31T10:57:07.197Z
tplus-kejia,INITIALIZATION,01a05775-1a6e-7146-a48c-dfac39054a4e,outbound_detail,ST_RDRecord_b,44,COMMITTED,1000,1000,0,0,0,1843.329,0,null,"{""sourcePk"": ""118214"", ""businessDate"": ""2026-05-29T00:00:00.000000""}",,2026-08-31T10:57:09.260Z
tplus-kejia,INITIALIZATION,01a05775-1a6e-7146-a48c-dfac39054a4e,outbound_detail,ST_RDRecord_b,45,COMMITTED,1000,1000,0,0,0,1862.070,0,null,"{""sourcePk"": ""110608"", ""businessDate"": ""2026-06-02T00:00:00.000000""}",,2026-08-31T10:57:11.347Z
tplus-kejia,INITIALIZATION,01a05775-1a6e-7146-a48c-dfac39054a4e,outbound_detail,ST_RDRecord_b,46,COMMITTED,1000,1000,0,0,0,2278.706,0,null,"{""sourcePk"": ""97582"", ""businessDate"": ""2026-06-04T00:00:00.000000""}",,2026-08-31T10:57:13.845Z
tplus-kejia,INITIALIZATION,01a05775-1a6e-7146-a48c-dfac39054a4e,outbound_detail,ST_RDRecord_b,47,COMMITTED,1000,1000,0,0,0,1839.748,0,null,"{""sourcePk"": ""101342"", ""businessDate"": ""2026-06-05T00:00:00.000000""}",,2026-08-31T10:57:15.928Z
tplus-kejia,INITIALIZATION,01a05775-1a6e-7146-a48c-dfac39054a4e,outbound_detail,ST_RDRecord_b,48,COMMITTED,1000,1000,0,0,0,2130.525,0,null,"{""sourcePk"": ""86724"", ""businessDate"": ""2026-06-08T00:00:00.000000""}",,2026-08-31T10:57:18.279Z
tplus-kejia,INITIALIZATION,01a05775-1a6e-7146-a48c-dfac39054a4e,outbound_detail,ST_RDRecord_b,49,COMMITTED,1000,1000,0,0,0,1609.561,0,null,"{""sourcePk"": ""89334"", ""businessDate"": ""2026-06-17T00:00:00.000000""}",,2026-08-31T10:57:20.108Z
tplus-kejia,INITIALIZATION,01a05775-1a6e-7146-a48c-dfac39054a4e,outbound_detail,ST_RDRecord_b,50,COMMITTED,1000,1000,0,0,0,2243.414,0,null,"{""sourcePk"": ""105826"", ""businessDate"": ""2026-06-23T00:00:00.000000""}",,2026-08-31T10:57:22.577Z
tplus-kejia,INITIALIZATION,01a05775-1a6e-7146-a48c-dfac39054a4e,outbound_detail,ST_RDRecord_b,51,COMMITTED,1000,1000,0,0,0,1789.077,0,null,"{""sourcePk"": ""117143"", ""businessDate"": ""2026-06-23T00:00:00.000000""}",,2026-08-31T10:57:24.583Z
tplus-kejia,INITIALIZATION,01a05775-1a6e-7146-a48c-dfac39054a4e,outbound_detail,ST_RDRecord_b,52,COMMITTED,1000,1000,0,0,0,1994.450,0,null,"{""sourcePk"": ""107523"", ""businessDate"": ""2026-07-02T00:00:00.000000""}",,2026-08-31T10:57:26.798Z
tplus-kejia,INITIALIZATION,01a05775-1a6e-7146-a48c-dfac39054a4e,outbound_detail,ST_RDRecord_b,53,COMMITTED,1000,1000,0,0,0,1632.765,0,null,"{""sourcePk"": ""105878"", ""businessDate"": ""2026-07-10T00:00:00.000000""}",,2026-08-31T10:57:28.649Z
tplus-kejia,INITIALIZATION,01a05775-1a6e-7146-a48c-dfac39054a4e,outbound_detail,ST_RDRecord_b,54,COMMITTED,1000,1000,0,0,0,1810.269,0,null,"{""sourcePk"": ""115741"", ""businessDate"": ""2026-07-14T00:00:00.000000""}",,2026-08-31T10:57:30.703Z
tplus-kejia,INITIALIZATION,01a05775-1a6e-7146-a48c-dfac39054a4e,outbound_detail,ST_RDRecord_b,55,COMMITTED,1000,1000,0,0,0,1747.142,0,null,"{""sourcePk"": ""113671"", ""businessDate"": ""2026-07-30T00:00:00.000000""}",,2026-08-31T10:57:32.665Z
tplus-kejia,INITIALIZATION,01a05775-1a6e-7146-a48c-dfac39054a4e,outbound_detail,ST_RDRecord_b,56,COMMITTED,1000,1000,0,0,0,1765.010,0,null,"{""sourcePk"": ""113490"", ""businessDate"": ""2026-08-19T00:00:00.000000""}",,2026-08-31T10:57:34.648Z
tplus-kejia,INITIALIZATION,01a05775-1a6e-7146-a48c-dfac39054a4e,outbound_detail,ST_RDRecord_b,57,COMMITTED,404,404,0,0,0,1304.323,0,null,"{""sourcePk"": ""119454"", ""businessDate"": ""2026-08-31T00:00:00.000000""}",,2026-08-31T10:57:36.137Z
tplus-kejia,COMPENSATION,01a0577b-ea4f-7837-8841-02379dec2c13,inbound_detail,ST_RDRecord_b,1,COMMITTED,0,0,0,0,0,1157.405,0,null,"{""sourcePk"": ""-2147483648"", ""modifiedAt"": ""2026-08-31T18:52:46.943000""}",2026-08-31T19:02:13.373Z,2026-08-31T11:02:18.416Z
tplus-kejia,COMPENSATION,01a0577b-ea4f-7837-8841-02379dec2c13,inventory,ST_NewCurrentStock,1,COMMITTED,0,0,0,0,0,1142.457,0,null,"{""sourcePk"": ""-2147483648"", ""modifiedAt"": ""2026-08-31T18:52:46.943000""}",2026-08-31T19:02:13.373Z,2026-08-31T11:02:19.577Z
tplus-kejia,COMPENSATION,01a0577b-ea4f-7837-8841-02379dec2c13,order_detail,SA_SaleOrder_b,1,COMMITTED,0,0,0,0,0,1145.253,0,null,"{""sourcePk"": ""-2147483648"", ""modifiedAt"": ""2026-08-31T18:52:46.943000""}",2026-08-31T19:02:13.373Z,2026-08-31T11:02:15.609Z
tplus-kejia,COMPENSATION,01a0577b-ea4f-7837-8841-02379dec2c13,order_header,SA_SaleOrder,1,COMMITTED,0,0,0,0,0,570.986,0,null,"{""sourcePk"": ""-2147483648"", ""modifiedAt"": ""2026-08-31T18:52:46.943000""}",2026-08-31T19:02:13.373Z,2026-08-31T11:02:14.442Z
tplus-kejia,COMPENSATION,01a0577b-ea4f-7837-8841-02379dec2c13,outbound_detail,ST_RDRecord_b,1,COMMITTED,0,0,0,0,0,1603.300,0,null,"{""sourcePk"": ""-2147483648"", ""modifiedAt"": ""2026-08-31T18:52:46.943000""}",2026-08-31T19:02:13.373Z,2026-08-31T11:02:17.235Z
e10-main,INCREMENTAL,01a0577f-0818-7c69-96ff-18faf5b57ea4,delivery_plan,SALES_ORDER_DOC_SD,1,COMMITTED,4,0,4,3,0,80.251,0,null,"{""sourcePk"": ""271460dc-70d3-4925-bc7b-1db3c1362c65"", ""modifiedAt"": ""2026-08-31T18:47:49.538875""}",2026-08-31T19:05:27.390Z,2026-08-31T11:05:38.435Z
e10-main,INCREMENTAL,01a0577f-0818-7c69-96ff-18faf5b57ea4,inventory,ITEM_WAREHOUSE,1,COMMITTED,35,11,24,6,0,153.765,0,null,"{""sourcePk"": ""3fadb877-9c49-42f8-03a6-1de590649df0"", ""modifiedAt"": ""2026-08-31T19:04:25.073254""}",2026-08-31T19:05:27.390Z,2026-08-31T11:05:38.942Z
e10-main,INCREMENTAL,01a0577f-0818-7c69-96ff-18faf5b57ea4,order_detail,SALES_ORDER_DOC_D,1,COMMITTED,4,0,4,3,0,119.764,0,null,"{""sourcePk"": ""eb8c2051-994a-4c9e-bcbf-1db3c1362c65"", ""modifiedAt"": ""2026-08-31T18:47:49.564894""}",2026-08-31T19:05:27.390Z,2026-08-31T11:05:38.317Z
e10-main,INCREMENTAL,01a0577f-0818-7c69-96ff-18faf5b57ea4,order_header,SALES_ORDER_DOC,1,COMMITTED,2,0,2,1,0,31.767,0,null,"{""sourcePk"": ""851e43ec-ea72-478d-dbb2-1db3bad2d32c"", ""modifiedAt"": ""2026-08-31T18:47:49.594917""}",2026-08-31T19:05:27.390Z,2026-08-31T11:05:38.155Z
e10-main,INCREMENTAL,01a0577f-0818-7c69-96ff-18faf5b57ea4,outbound_detail,SALES_ISSUE_D,1,COMMITTED,11,11,0,0,0,275.296,0,null,"{""sourcePk"": ""ebb00a2f-e48f-4780-92e8-1de58ec71370"", ""modifiedAt"": ""2026-08-31T18:52:53.000506""}",2026-08-31T19:05:27.390Z,2026-08-31T11:05:38.747Z
e10-main,INCREMENTAL,01a05784-ea97-7a0a-9ef9-967d2fa3057b,delivery_plan,SALES_ORDER_DOC_SD,1,COMMITTED,4,0,4,0,0,80.267,0,null,"{""sourcePk"": ""1a930ccc-915c-421e-18a5-1de5411ac8a1"", ""modifiedAt"": ""2026-08-31T19:09:04.568395""}",2026-08-31T19:11:53.040Z,2026-08-31T11:12:04.097Z
e10-main,INCREMENTAL,01a05784-ea97-7a0a-9ef9-967d2fa3057b,inventory,ITEM_WAREHOUSE,1,COMMITTED,51,3,48,10,0,132.961,0,null,"{""sourcePk"": ""2d12bd6b-c1f9-4754-31b9-1dcc7be5b719"", ""modifiedAt"": ""2026-08-31T19:11:45.927561""}",2026-08-31T19:11:53.040Z,2026-08-31T11:12:04.579Z
e10-main,INCREMENTAL,01a05784-ea97-7a0a-9ef9-967d2fa3057b,order_detail,SALES_ORDER_DOC_D,1,COMMITTED,4,0,4,0,0,122.395,0,null,"{""sourcePk"": ""6a24ea72-4522-49f7-1846-1de5411ac8a1"", ""modifiedAt"": ""2026-08-31T19:09:04.596417""}",2026-08-31T19:11:53.040Z,2026-08-31T11:12:03.981Z
e10-main,INCREMENTAL,01a05784-ea97-7a0a-9ef9-967d2fa3057b,order_header,SALES_ORDER_DOC,1,COMMITTED,2,0,2,0,0,34.644,0,null,"{""sourcePk"": ""e25055d1-fa36-4bae-482d-1de53fc31904"", ""modifiedAt"": ""2026-08-31T19:09:04.648455""}",2026-08-31T19:11:53.040Z,2026-08-31T11:12:03.817Z
e10-main,INCREMENTAL,01a05784-ea97-7a0a-9ef9-967d2fa3057b,outbound_detail,SALES_ISSUE_D,1,COMMITTED,7,4,3,0,0,271.898,0,null,"{""sourcePk"": ""c24a8dc2-63fc-4cc0-efc8-1de590cb5415"", ""modifiedAt"": ""2026-08-31T19:09:03.858867""}",2026-08-31T19:11:53.040Z,2026-08-31T11:12:04.405Z
tplus-kainan,INCREMENTAL,01a05785-4058-709d-88b7-fe8c55431f84,inbound_detail,ST_RDRecord_b,1,COMMITTED,3,2,1,0,0,1210.201,0,null,"{""sourcePk"": ""193908"", ""modifiedAt"": ""2026-08-31T19:10:37.933000""}",2026-08-31T19:12:25.183Z,2026-08-31T11:12:30.013Z
tplus-kainan,INCREMENTAL,01a05785-4058-709d-88b7-fe8c55431f84,inventory,ST_NewCurrentStock,1,COMMITTED,0,0,0,0,0,1176.899,0,null,"{""sourcePk"": ""-2147483648"", ""modifiedAt"": ""2026-08-31T18:51:27.490000""}",2026-08-31T19:12:25.183Z,2026-08-31T11:12:31.224Z
tplus-kainan,INCREMENTAL,01a05785-4058-709d-88b7-fe8c55431f84,order_detail,SA_SaleOrder_b,1,COMMITTED,2,0,2,0,0,1188.160,0,null,"{""sourcePk"": ""7471"", ""modifiedAt"": ""2026-08-31T19:11:18.880000""}",2026-08-31T19:12:25.183Z,2026-08-31T11:12:27.536Z
tplus-kainan,INCREMENTAL,01a05785-4058-709d-88b7-fe8c55431f84,order_header,SA_SaleOrder,1,COMMITTED,2,0,2,0,0,582.924,0,null,"{""sourcePk"": ""1362"", ""modifiedAt"": ""2026-08-31T19:11:18.000000""}",2026-08-31T19:12:25.183Z,2026-08-31T11:12:26.312Z
tplus-kainan,INCREMENTAL,01a05785-4058-709d-88b7-fe8c55431f84,outbound_detail,ST_RDRecord_b,1,COMMITTED,3,3,0,0,0,1203.159,0,null,"{""sourcePk"": ""193909"", ""modifiedAt"": ""2026-08-31T19:11:19.883000""}",2026-08-31T19:12:25.183Z,2026-08-31T11:12:28.771Z
tplus-kejia,INCREMENTAL,01a05785-72ec-7596-9b62-ddeba0c6ff26,inbound_detail,ST_RDRecord_b,1,COMMITTED,0,0,0,0,0,1224.220,0,null,"{""sourcePk"": ""-2147483648"", ""modifiedAt"": ""2026-08-31T19:00:13.373000""}",2026-08-31T19:12:38.113Z,2026-08-31T11:12:43.510Z
tplus-kejia,INCREMENTAL,01a05785-72ec-7596-9b62-ddeba0c6ff26,inventory,ST_NewCurrentStock,1,COMMITTED,0,0,0,0,0,1220.673,0,null,"{""sourcePk"": ""-2147483648"", ""modifiedAt"": ""2026-08-31T19:00:13.373000""}",2026-08-31T19:12:38.113Z,2026-08-31T11:12:44.759Z
tplus-kejia,INCREMENTAL,01a05785-72ec-7596-9b62-ddeba0c6ff26,order_detail,SA_SaleOrder_b,1,COMMITTED,0,0,0,0,0,1704.561,0,null,"{""sourcePk"": ""-2147483648"", ""modifiedAt"": ""2026-08-31T19:00:13.373000""}",2026-08-31T19:12:38.113Z,2026-08-31T11:12:41.012Z
tplus-kejia,INCREMENTAL,01a05785-72ec-7596-9b62-ddeba0c6ff26,order_header,SA_SaleOrder,1,COMMITTED,0,0,0,0,0,606.086,0,null,"{""sourcePk"": ""-2147483648"", ""modifiedAt"": ""2026-08-31T19:00:13.373000""}",2026-08-31T19:12:38.113Z,2026-08-31T11:12:39.279Z
tplus-kejia,INCREMENTAL,01a05785-72ec-7596-9b62-ddeba0c6ff26,outbound_detail,ST_RDRecord_b,1,COMMITTED,0,0,0,0,0,1218.817,0,null,"{""sourcePk"": ""-2147483648"", ""modifiedAt"": ""2026-08-31T19:00:13.373000""}",2026-08-31T19:12:38.113Z,2026-08-31T11:12:42.259Z
e10-main,INCREMENTAL,01a0578f-eae5-7973-9fd9-5752e61ff6b5,delivery_plan,SALES_ORDER_DOC_SD,1,COMMITTED,0,0,0,0,0,90.036,0,null,"{""sourcePk"": ""00000000-0000-0000-0000-000000000000"", ""modifiedAt"": ""2026-08-31T19:09:53.040000""}",2026-08-31T19:23:53.990Z,2026-08-31T11:24:05.078Z
e10-main,INCREMENTAL,01a0578f-eae5-7973-9fd9-5752e61ff6b5,inventory,ITEM_WAREHOUSE,1,COMMITTED,103,33,70,19,0,168.457,0,null,"{""sourcePk"": ""223e7df4-6439-434b-f5b2-1de5815156f5"", ""modifiedAt"": ""2026-08-31T19:23:44.777892""}",2026-08-31T19:23:53.990Z,2026-08-31T11:24:05.633Z
e10-main,INCREMENTAL,01a0578f-eae5-7973-9fd9-5752e61ff6b5,order_detail,SALES_ORDER_DOC_D,1,COMMITTED,0,0,0,0,0,136.115,0,null,"{""sourcePk"": ""00000000-0000-0000-0000-000000000000"", ""modifiedAt"": ""2026-08-31T19:09:53.040000""}",2026-08-31T19:23:53.990Z,2026-08-31T11:24:04.958Z
e10-main,INCREMENTAL,01a0578f-eae5-7973-9fd9-5752e61ff6b5,order_header,SALES_ORDER_DOC,1,COMMITTED,0,0,0,0,0,33.638,0,null,"{""sourcePk"": ""00000000-0000-0000-0000-000000000000"", ""modifiedAt"": ""2026-08-31T19:09:53.040000""}",2026-08-31T19:23:53.990Z,2026-08-31T11:24:04.789Z
e10-main,INCREMENTAL,01a0578f-eae5-7973-9fd9-5752e61ff6b5,outbound_detail,SALES_ISSUE_D,1,COMMITTED,0,0,0,0,0,314.560,0,null,"{""sourcePk"": ""00000000-0000-0000-0000-000000000000"", ""modifiedAt"": ""2026-08-31T19:09:53.040000""}",2026-08-31T19:23:53.990Z,2026-08-31T11:24:05.423Z
tplus-kejia,INCREMENTAL,01a0578f-fe92-7d45-88fd-ea20059ef744,inbound_detail,ST_RDRecord_b,1,COMMITTED,0,0,0,0,0,1380.850,0,null,"{""sourcePk"": ""-2147483648"", ""modifiedAt"": ""2026-08-31T19:10:38.113000""}",2026-08-31T19:24:09.240Z,2026-08-31T11:24:14.336Z
tplus-kejia,INCREMENTAL,01a0578f-fe92-7d45-88fd-ea20059ef744,inventory,ST_NewCurrentStock,1,COMMITTED,0,0,0,0,0,1145.719,0,null,"{""sourcePk"": ""-2147483648"", ""modifiedAt"": ""2026-08-31T19:10:38.113000""}",2026-08-31T19:24:09.240Z,2026-08-31T11:24:15.516Z
tplus-kejia,INCREMENTAL,01a0578f-fe92-7d45-88fd-ea20059ef744,order_detail,SA_SaleOrder_b,1,COMMITTED,0,0,0,0,0,1143.763,0,null,"{""sourcePk"": ""-2147483648"", ""modifiedAt"": ""2026-08-31T19:10:38.113000""}",2026-08-31T19:24:09.240Z,2026-08-31T11:24:11.526Z
tplus-kejia,INCREMENTAL,01a0578f-fe92-7d45-88fd-ea20059ef744,order_header,SA_SaleOrder,1,COMMITTED,0,0,0,0,0,569.995,0,null,"{""sourcePk"": ""-2147483648"", ""modifiedAt"": ""2026-08-31T19:10:38.113000""}",2026-08-31T19:24:09.240Z,2026-08-31T11:24:10.355Z
tplus-kejia,INCREMENTAL,01a0578f-fe92-7d45-88fd-ea20059ef744,outbound_detail,ST_RDRecord_b,1,COMMITTED,0,0,0,0,0,1373.749,0,null,"{""sourcePk"": ""-2147483648"", ""modifiedAt"": ""2026-08-31T19:10:38.113000""}",2026-08-31T19:24:09.240Z,2026-08-31T11:24:12.927Z
tplus-kainan,INCREMENTAL,01a05790-0670-74d0-b338-65fe9ea92558,inbound_detail,ST_RDRecord_b,1,COMMITTED,5,4,1,1,0,1152.145,0,null,"{""sourcePk"": ""193916"", ""modifiedAt"": ""2026-08-31T19:19:36.007000""}",2026-08-31T19:24:11.220Z,2026-08-31T11:24:15.888Z
tplus-kainan,INCREMENTAL,01a05790-0670-74d0-b338-65fe9ea92558,inventory,ST_NewCurrentStock,1,COMMITTED,0,0,0,0,0,1352.503,0,null,"{""sourcePk"": ""-2147483648"", ""modifiedAt"": ""2026-08-31T19:10:25.183000""}",2026-08-31T19:24:11.220Z,2026-08-31T11:24:17.278Z
tplus-kainan,INCREMENTAL,01a05790-0670-74d0-b338-65fe9ea92558,order_detail,SA_SaleOrder_b,1,COMMITTED,2,0,2,1,0,1124.605,0,null,"{""sourcePk"": ""7477"", ""modifiedAt"": ""2026-08-31T19:19:55.993000""}",2026-08-31T19:24:11.220Z,2026-08-31T11:24:13.522Z
tplus-kainan,INCREMENTAL,01a05790-0670-74d0-b338-65fe9ea92558,order_header,SA_SaleOrder,1,COMMITTED,2,0,2,1,0,566.427,0,null,"{""sourcePk"": ""1367"", ""modifiedAt"": ""2026-08-31T19:19:55.000000""}",2026-08-31T19:24:11.220Z,2026-08-31T11:24:12.366Z
tplus-kainan,INCREMENTAL,01a05790-0670-74d0-b338-65fe9ea92558,outbound_detail,ST_RDRecord_b,1,COMMITTED,5,4,1,1,0,1128.890,0,null,"{""sourcePk"": ""193917"", ""modifiedAt"": ""2026-08-31T19:19:57.057000""}",2026-08-31T19:24:11.220Z,2026-08-31T11:24:14.683Z
e10-main,INCREMENTAL,01a05794-c14d-784a-a2f3-ff457dc2f09f,delivery_plan,SALES_ORDER_DOC_SD,1,COMMITTED,0,0,0,0,0,94.028,0,"{""sourcePk"": ""00000000-0000-0000-0000-000000000000"", ""modifiedAt"": ""2026-08-31T19:21:53.990000""}","{""sourcePk"": ""00000000-0000-0000-0000-000000000000"", ""modifiedAt"": ""2026-08-31T19:09:53.040000""}",2026-08-31T19:29:11.010Z,2026-08-31T11:29:22.124Z
e10-main,INCREMENTAL,01a05794-c14d-784a-a2f3-ff457dc2f09f,inventory,ITEM_WAREHOUSE,1,COMMITTED,55,3,52,4,0,161.750,0,"{""sourcePk"": ""00000000-0000-0000-0000-000000000000"", ""modifiedAt"": ""2026-08-31T19:21:53.990000""}","{""sourcePk"": ""9ca2ddc4-e23a-4571-f5b3-1de5815156f5"", ""modifiedAt"": ""2026-08-31T19:28:33.863175""}",2026-08-31T19:29:11.010Z,2026-08-31T11:29:22.692Z
e10-main,INCREMENTAL,01a05794-c14d-784a-a2f3-ff457dc2f09f,order_detail,SALES_ORDER_DOC_D,1,COMMITTED,0,0,0,0,0,134.653,0,"{""sourcePk"": ""00000000-0000-0000-0000-000000000000"", ""modifiedAt"": ""2026-08-31T19:21:53.990000""}","{""sourcePk"": ""00000000-0000-0000-0000-000000000000"", ""modifiedAt"": ""2026-08-31T19:09:53.040000""}",2026-08-31T19:29:11.010Z,2026-08-31T11:29:22.000Z
e10-main,INCREMENTAL,01a05794-c14d-784a-a2f3-ff457dc2f09f,order_header,SALES_ORDER_DOC,1,COMMITTED,0,0,0,0,0,38.384,0,"{""sourcePk"": ""00000000-0000-0000-0000-000000000000"", ""modifiedAt"": ""2026-08-31T19:21:53.990000""}","{""sourcePk"": ""00000000-0000-0000-0000-000000000000"", ""modifiedAt"": ""2026-08-31T19:09:53.040000""}",2026-08-31T19:29:11.010Z,2026-08-31T11:29:21.828Z
e10-main,INCREMENTAL,01a05794-c14d-784a-a2f3-ff457dc2f09f,outbound_detail,SALES_ISSUE_D,1,COMMITTED,0,0,0,0,0,334.847,0,"{""sourcePk"": ""00000000-0000-0000-0000-000000000000"", ""modifiedAt"": ""2026-08-31T19:21:53.990000""}","{""sourcePk"": ""00000000-0000-0000-0000-000000000000"", ""modifiedAt"": ""2026-08-31T19:09:53.040000""}",2026-08-31T19:29:11.010Z,2026-08-31T11:29:22.491Z
tplus-kainan,INCREMENTAL,01a05794-dd71-72ca-8131-78c32611dd43,inbound_detail,ST_RDRecord_b,1,COMMITTED,0,0,0,0,0,1071.964,0,"{""sourcePk"": ""-2147483648"", ""modifiedAt"": ""2026-08-31T19:22:11.220000""}","{""sourcePk"": ""193916"", ""modifiedAt"": ""2026-08-31T19:19:36.007000""}",2026-08-31T19:29:28.467Z,2026-08-31T11:29:33.022Z
tplus-kainan,INCREMENTAL,01a05794-dd71-72ca-8131-78c32611dd43,inventory,ST_NewCurrentStock,1,COMMITTED,0,0,0,0,0,1065.379,0,"{""sourcePk"": ""-2147483648"", ""modifiedAt"": ""2026-08-31T19:22:11.220000""}","{""sourcePk"": ""-2147483648"", ""modifiedAt"": ""2026-08-31T19:10:25.183000""}",2026-08-31T19:29:28.467Z,2026-08-31T11:29:34.115Z
tplus-kainan,INCREMENTAL,01a05794-dd71-72ca-8131-78c32611dd43,order_detail,SA_SaleOrder_b,1,COMMITTED,0,0,0,0,0,1273.118,0,"{""sourcePk"": ""-2147483648"", ""modifiedAt"": ""2026-08-31T19:22:11.220000""}","{""sourcePk"": ""7477"", ""modifiedAt"": ""2026-08-31T19:19:55.993000""}",2026-08-31T19:29:28.467Z,2026-08-31T11:29:30.813Z
tplus-kainan,INCREMENTAL,01a05794-dd71-72ca-8131-78c32611dd43,order_header,SA_SaleOrder,1,COMMITTED,0,0,0,0,0,525.925,0,"{""sourcePk"": ""-2147483648"", ""modifiedAt"": ""2026-08-31T19:22:11.220000""}","{""sourcePk"": ""1367"", ""modifiedAt"": ""2026-08-31T19:19:55.000000""}",2026-08-31T19:29:28.467Z,2026-08-31T11:29:29.511Z
tplus-kainan,INCREMENTAL,01a05794-dd71-72ca-8131-78c32611dd43,outbound_detail,ST_RDRecord_b,1,COMMITTED,2,2,0,0,0,1078.802,0,"{""sourcePk"": ""-2147483648"", ""modifiedAt"": ""2026-08-31T19:22:11.220000""}","{""sourcePk"": ""193919"", ""modifiedAt"": ""2026-08-31T19:29:03.370000""}",2026-08-31T19:29:28.467Z,2026-08-31T11:29:31.920Z
tplus-kejia,INCREMENTAL,01a05794-df6f-7c53-ad1e-641e65af8d3f,inbound_detail,ST_RDRecord_b,1,COMMITTED,0,0,0,0,0,1832.107,0,"{""sourcePk"": ""-2147483648"", ""modifiedAt"": ""2026-08-31T19:22:09.240000""}","{""sourcePk"": ""-2147483648"", ""modifiedAt"": ""2026-08-31T19:10:38.113000""}",2026-08-31T19:29:28.947Z,2026-08-31T11:29:34.308Z
tplus-kejia,INCREMENTAL,01a05794-df6f-7c53-ad1e-641e65af8d3f,inventory,ST_NewCurrentStock,1,COMMITTED,0,0,0,0,0,1614.619,0,"{""sourcePk"": ""-2147483648"", ""modifiedAt"": ""2026-08-31T19:22:09.240000""}","{""sourcePk"": ""-2147483648"", ""modifiedAt"": ""2026-08-31T19:10:38.113000""}",2026-08-31T19:29:28.947Z,2026-08-31T11:29:35.948Z
tplus-kejia,INCREMENTAL,01a05794-df6f-7c53-ad1e-641e65af8d3f,order_detail,SA_SaleOrder_b,1,COMMITTED,0,0,0,0,0,1160.299,0,"{""sourcePk"": ""-2147483648"", ""modifiedAt"": ""2026-08-31T19:22:09.240000""}","{""sourcePk"": ""-2147483648"", ""modifiedAt"": ""2026-08-31T19:10:38.113000""}",2026-08-31T19:29:28.947Z,2026-08-31T11:29:31.260Z
tplus-kejia,INCREMENTAL,01a05794-df6f-7c53-ad1e-641e65af8d3f,order_header,SA_SaleOrder,1,COMMITTED,0,0,0,0,0,576.527,0,"{""sourcePk"": ""-2147483648"", ""modifiedAt"": ""2026-08-31T19:22:09.240000""}","{""sourcePk"": ""-2147483648"", ""modifiedAt"": ""2026-08-31T19:10:38.113000""}",2026-08-31T19:29:28.947Z,2026-08-31T11:29:30.072Z
tplus-kejia,INCREMENTAL,01a05794-df6f-7c53-ad1e-641e65af8d3f,outbound_detail,ST_RDRecord_b,1,COMMITTED,0,0,0,0,0,1162.208,0,"{""sourcePk"": ""-2147483648"", ""modifiedAt"": ""2026-08-31T19:22:09.240000""}","{""sourcePk"": ""-2147483648"", ""modifiedAt"": ""2026-08-31T19:10:38.113000""}",2026-08-31T19:29:28.947Z,2026-08-31T11:29:32.449Z
e10-main,INCREMENTAL,01a05795-5bb7-7afb-a68a-165b96d2f2a0,delivery_plan,SALES_ORDER_DOC_SD,1,COMMITTED,0,0,0,0,0,90.160,0,"{""sourcePk"": ""00000000-0000-0000-0000-000000000000"", ""modifiedAt"": ""2026-08-31T19:27:11.010000""}","{""sourcePk"": ""1a930ccc-915c-421e-18a5-1de5411ac8a1"", ""modifiedAt"": ""2026-08-31T19:09:04.568000""}",2026-08-31T19:29:50.567Z,2026-08-31T11:30:01.618Z
e10-main,INCREMENTAL,01a05795-5bb7-7afb-a68a-165b96d2f2a0,inventory,ITEM_WAREHOUSE,1,COMMITTED,44,2,42,24,0,157.275,0,"{""sourcePk"": ""00000000-0000-0000-0000-000000000000"", ""modifiedAt"": ""2026-08-31T19:27:11.010000""}","{""sourcePk"": ""ad416d65-b211-4e79-7db7-1de593e856ef"", ""modifiedAt"": ""2026-08-31T19:29:34.558377""}",2026-08-31T19:29:50.567Z,2026-08-31T11:30:02.148Z
e10-main,INCREMENTAL,01a05795-5bb7-7afb-a68a-165b96d2f2a0,order_detail,SALES_ORDER_DOC_D,1,COMMITTED,0,0,0,0,0,137.011,0,"{""sourcePk"": ""00000000-0000-0000-0000-000000000000"", ""modifiedAt"": ""2026-08-31T19:27:11.010000""}","{""sourcePk"": ""6a24ea72-4522-49f7-1846-1de5411ac8a1"", ""modifiedAt"": ""2026-08-31T19:09:04.596000""}",2026-08-31T19:29:50.567Z,2026-08-31T11:30:01.504Z
e10-main,INCREMENTAL,01a05795-5bb7-7afb-a68a-165b96d2f2a0,order_header,SALES_ORDER_DOC,1,COMMITTED,0,0,0,0,0,32.782,0,"{""sourcePk"": ""00000000-0000-0000-0000-000000000000"", ""modifiedAt"": ""2026-08-31T19:27:11.010000""}","{""sourcePk"": ""e25055d1-fa36-4bae-482d-1de53fc31904"", ""modifiedAt"": ""2026-08-31T19:09:04.648000""}",2026-08-31T19:29:50.567Z,2026-08-31T11:30:01.341Z
e10-main,INCREMENTAL,01a05795-5bb7-7afb-a68a-165b96d2f2a0,outbound_detail,SALES_ISSUE_D,1,COMMITTED,0,0,0,0,0,316.202,0,"{""sourcePk"": ""00000000-0000-0000-0000-000000000000"", ""modifiedAt"": ""2026-08-31T19:27:11.010000""}","{""sourcePk"": ""c24a8dc2-63fc-4cc0-efc8-1de590cb5415"", ""modifiedAt"": ""2026-08-31T19:09:03.858000""}",2026-08-31T19:29:50.567Z,2026-08-31T11:30:01.958Z
tplus-kejia,INCREMENTAL,01a05795-6e80-723d-8611-114728bcd145,inbound_detail,ST_RDRecord_b,1,COMMITTED,0,0,0,0,0,1141.660,0,"{""sourcePk"": ""-2147483648"", ""modifiedAt"": ""2026-08-31T19:27:28.947000""}",null,2026-08-31T19:30:05.580Z,2026-08-31T11:30:10.196Z
tplus-kejia,INCREMENTAL,01a05795-6e80-723d-8611-114728bcd145,inventory,ST_NewCurrentStock,1,COMMITTED,0,0,0,0,0,1147.801,0,"{""sourcePk"": ""-2147483648"", ""modifiedAt"": ""2026-08-31T19:27:28.947000""}",null,2026-08-31T19:30:05.580Z,2026-08-31T11:30:11.370Z
tplus-kejia,INCREMENTAL,01a05795-6e80-723d-8611-114728bcd145,order_detail,SA_SaleOrder_b,1,COMMITTED,0,0,0,0,0,1142.293,0,"{""sourcePk"": ""-2147483648"", ""modifiedAt"": ""2026-08-31T19:27:28.947000""}",null,2026-08-31T19:30:05.580Z,2026-08-31T11:30:07.853Z
tplus-kejia,INCREMENTAL,01a05795-6e80-723d-8611-114728bcd145,order_header,SA_SaleOrder,1,COMMITTED,0,0,0,0,0,568.291,0,"{""sourcePk"": ""-2147483648"", ""modifiedAt"": ""2026-08-31T19:27:28.947000""}",null,2026-08-31T19:30:05.580Z,2026-08-31T11:30:06.684Z
tplus-kejia,INCREMENTAL,01a05795-6e80-723d-8611-114728bcd145,outbound_detail,ST_RDRecord_b,1,COMMITTED,0,0,0,0,0,1151.357,0,"{""sourcePk"": ""-2147483648"", ""modifiedAt"": ""2026-08-31T19:27:28.947000""}",null,2026-08-31T19:30:05.580Z,2026-08-31T11:30:09.029Z
tplus-kainan,INCREMENTAL,01a05795-6f1c-7f12-b9fa-bbfad9e8fde1,inbound_detail,ST_RDRecord_b,1,COMMITTED,0,0,0,0,0,1152.335,0,"{""sourcePk"": ""-2147483648"", ""modifiedAt"": ""2026-08-31T19:27:28.467000""}","{""sourcePk"": ""193916"", ""modifiedAt"": ""2026-08-31T19:19:36.007000""}",2026-08-31T19:30:05.720Z,2026-08-31T11:30:10.348Z
tplus-kainan,INCREMENTAL,01a05795-6f1c-7f12-b9fa-bbfad9e8fde1,inventory,ST_NewCurrentStock,1,COMMITTED,0,0,0,0,0,1138.267,0,"{""sourcePk"": ""-2147483648"", ""modifiedAt"": ""2026-08-31T19:27:28.467000""}",null,2026-08-31T19:30:05.720Z,2026-08-31T11:30:11.512Z
tplus-kainan,INCREMENTAL,01a05795-6f1c-7f12-b9fa-bbfad9e8fde1,order_detail,SA_SaleOrder_b,1,COMMITTED,0,0,0,0,0,1128.473,0,"{""sourcePk"": ""-2147483648"", ""modifiedAt"": ""2026-08-31T19:27:28.467000""}","{""sourcePk"": ""7477"", ""modifiedAt"": ""2026-08-31T19:19:55.993000""}",2026-08-31T19:30:05.720Z,2026-08-31T11:30:07.989Z
tplus-kainan,INCREMENTAL,01a05795-6f1c-7f12-b9fa-bbfad9e8fde1,order_header,SA_SaleOrder,1,COMMITTED,0,0,0,0,0,567.948,0,"{""sourcePk"": ""-2147483648"", ""modifiedAt"": ""2026-08-31T19:27:28.467000""}","{""sourcePk"": ""1367"", ""modifiedAt"": ""2026-08-31T19:19:55.000000""}",2026-08-31T19:30:05.720Z,2026-08-31T11:30:06.836Z
tplus-kainan,INCREMENTAL,01a05795-6f1c-7f12-b9fa-bbfad9e8fde1,outbound_detail,ST_RDRecord_b,1,COMMITTED,2,0,2,2,0,1153.205,0,"{""sourcePk"": ""-2147483648"", ""modifiedAt"": ""2026-08-31T19:27:28.467000""}","{""sourcePk"": ""193919"", ""modifiedAt"": ""2026-08-31T19:29:03.370000""}",2026-08-31T19:30:05.720Z,2026-08-31T11:30:09.168Z
